
INSERT INTO User
(Id,username,password,JS, createdAt, updatedAt)
VALUES
('1','admin','$2a$08$1vcA/JjOKt/rljbZXPl3leHpmJI9JZIh333n2zYd1a11Q1EU1Us2S','系统管理员', '2018-05-05 15:31:07.356', '2018-05-05 15:31:07.356'),
('2','PPJL1','$2a$08$PXLI3PA35WeefijC.7AS9.sVPhmuEL19c3aNBqtqiGpGq37VfWEQ2','品牌经理', '2018-05-05 15:31:07.356', '2018-05-05 15:31:07.356'),
('3','PPJL2','$2a$08$UEHHg1RiJp4WZWttOOuzvekfB37HmIePxuQP7UGxnyQOxVrr4Z4ri','品牌经理', '2018-05-05 15:31:07.356', '2018-05-05 15:31:07.356'),
('4','PPJL3','$2a$08$HWQ.J7MfyxJ0bF8W0cAacOTssb1oTOzVoCRoD2qkBlDUzLO77O2Dy','品牌经理', '2018-05-05 15:31:07.356', '2018-05-05 15:31:07.356'),
('5','PPJL4','$2a$08$uoScGf9jE09s2lSReEpJruY/MS7rCgwb65Mriz1mLUgFFW3XOpWje','品牌经理', '2018-05-05 15:31:07.356', '2018-05-05 15:31:07.356'),
('6','PPJL5','$2a$08$cEoY0iHQ1tUcumbEg4/m5eo6.QGTQiQyWHJlvwzdRRbVYQXWKiud.','品牌经理', '2018-05-05 15:31:07.356', '2018-05-05 15:31:07.356'),
('7','PPJL6','$2a$08$EF4FVSOAdFwiTrBUPJgLtucW4Ngz23cyqSHLa.0YcmzU4myrWgXry','品牌经理', '2018-05-05 15:31:07.356', '2018-05-05 15:31:07.356'),
('8','KFJL1','$2a$08$1jvUStoLeDBYzZv/9ffnnurq2kqgXo7nLtwpfdhYxE3j3uhjUuyNi','客服经理', '2018-05-05 15:31:07.356', '2018-05-05 15:31:07.356'),
('9','KFJL2','$2a$08$WF7W3pj0eoDGwHEWcleNQuE8eNvlLYTX7nIWG.P2JE.fpEInEPpWa','客服经理', '2018-05-05 15:31:07.356', '2018-05-05 15:31:07.356'),
('10','KFJL3','$2a$08$RT2J5SbB8fwgnSLfSwLhC./h1/Cjg6Sd8HvW1TQ5gpmx5cUEY2rTW','客服经理', '2018-05-05 15:31:07.356', '2018-05-05 15:31:07.356'),
('11','KFJL4','$2a$08$LAT8QN3kxR4u0DUdOBTWmOsvmFZzFUUER5nzvDam.FmwxeJuMNiyK','客服经理', '2018-05-05 15:31:07.356', '2018-05-05 15:31:07.356'),
('12','KFJL5','$2a$08$4IeUq.eguRpNQtqZXupohe71KCOidDQ.qIp4FoO8uigKFJ.A7svDm','客服经理', '2018-05-05 15:31:07.356', '2018-05-05 15:31:07.356'),
('13','KFJL6','$2a$08$HIpQFCYWchJVYLu5MiZDDOiEKt3O2jfgXxKRFh/pSv.YZ/hESOGr.','客服经理', '2018-05-05 15:31:07.356', '2018-05-05 15:31:07.356'),
('14','GZ1','$2a$08$sfAFJvbaBpvZgK0W6LMePePnr2ySTW/4CwarkpKIHuanKc1vsKEUu','柜长', '2018-05-05 15:31:07.356', '2018-05-05 15:31:07.356'),
('15','GZ2','$2a$08$aBL5XtP6lPJOqTzKhpXnkud08eKL1rd5aFX8ybnR1bOYoNMV1MR4K','柜长', '2018-05-05 15:31:07.356', '2018-05-05 15:31:07.356'),
('16','GZ3','$2a$08$qoqtRxoWiulX0GusWdQjn.LPYbk3YdSIKFel1d0oEDxjwGMfNRyg.','柜长', '2018-05-05 15:31:07.356', '2018-05-05 15:31:07.356'),
('17','GTBA1','$2a$08$aP1DV3yUVJo/iCRJNwVvdeJIMJZ7cfxIX88uQjjLpBWbpIaT.1/Eu','柜台BA', '2018-05-05 15:31:07.356', '2018-05-05 15:31:07.356'),
('18','GTBA2','$2a$08$SbgiwNlR2jQ2V6E7ngXnsu0KE.XVm6h5TLaSgklqftzsZx8eXhWPC','柜台BA', '2018-05-05 15:31:07.356', '2018-05-05 15:31:07.356'),
('19','GTBA3','$2a$08$J1JmP.Thtukn2FLW3hEOxux.jKRQNpC77.ScsJ0/50nC2ZMi4Juee','柜台BA', '2018-05-05 15:31:07.356', '2018-05-05 15:31:07.356'),
('20','GTBA4','$2a$08$.o/gdR.cCNZjrrzJxznVGeYdJxUZhZigodI2tjCnuc6xy8ooXy/pu','柜台BA', '2018-05-05 15:31:07.356', '2018-05-05 15:31:07.356'),
('21','GTBA5','$2a$08$DWqWpPwj0EsRILaAr7mgQeDrhIOckOrH0BPQ4EsUAqHtfYNaXkw1K','柜台BA', '2018-05-05 15:31:07.356', '2018-05-05 15:31:07.356'),
('22','GTBA6','$2a$08$BHmkAjUeBhJQAg8cfdmpdO2sjGuH9tuPpOQM0TA2l3g0a6b6UCwYu','柜台BA', '2018-05-05 15:31:07.356', '2018-05-05 15:31:07.356'),
('23','GTBA7','$2a$08$an.e7HkTTIIyQuYy.cG.EOeYr8myhc2O0njEgEo.q7n1ar6dzoTC6','柜台BA', '2018-05-05 15:31:07.356', '2018-05-05 15:31:07.356'),
('24','GTBA8','$2a$08$5IU9HcOxGsHkk0jNkkFUIe8FIOgmhxhTSUj2lNxcaTCrhH7N.d/DC','柜台BA', '2018-05-05 15:31:07.356', '2018-05-05 15:31:07.356'),
('25','GTBA9','$2a$08$cqo5/GDzZsK0YY7OUt7dR.jR1KVyzX3iOtYW6Uvnq.dztcZm9qtJ6','柜台BA', '2018-05-05 15:31:07.356', '2018-05-05 15:31:07.356'),
('26','GTBA10','$2a$08$fyls5uu8yTNZT2170u9DQeZXyFCsi8duNlM7skkTbUmEjajOFyi22','柜台BA', '2018-05-05 15:31:07.356', '2018-05-05 15:31:07.356'),
('27','GYSGLY1','$2a$08$aLUIM9MPIlDa6KBqsYavRuzh2ErsRMNSustiFmoHlLVxUeEuuNWvu','供应商管理员', '2018-05-05 15:31:07.356', '2018-05-05 15:31:07.356'),
('28','GYSGLY2','$2a$08$uK6oPxEoyxIdXenrFCSF.O0HNjuEh3OYVMPdF31AZZ0r6arqMlxoa','供应商管理员', '2018-05-05 15:31:07.356', '2018-05-05 15:31:07.356'),
('29','GYSGLY3','$2a$08$XZoly8ck4porbAUa4MhEguSaXAvBrksMThouXAUCRyjuAO4EUgwfy','供应商管理员', '2018-05-05 15:31:07.356', '2018-05-05 15:31:07.356'),
('30','ZHY1','$2a$08$4ZiX/a5sLRxPphG6oWEEce4tSjCxJ8LDy7rDuIx.QDPdDvmGsNnxK','装货员', '2018-05-05 15:31:07.356', '2018-05-05 15:31:07.356'),
('31','ZHY2','$2a$08$XLUJ2bUd7VjJqmEwW9DZCeb0hF.C3k86PMDeax7F8WGddNaM293tW','装货员', '2018-05-05 15:31:07.356', '2018-05-05 15:31:07.356'),
('32','ZHY3','$2a$08$CR/CIiQY3ibRO4/wmEugCuTqejcunjl0MantKHQH38GNCrvT4wApm','装货员', '2018-05-05 15:31:07.356', '2018-05-05 15:31:07.356'),
('33','ZHY4','$2a$08$PUORY5tThnnXZ7LdMpPqsuaHIPrqkY7uKhnFCtcAcUTA7O1LO2pRC','装货员', '2018-05-05 15:31:07.356', '2018-05-05 15:31:07.356'),
('34','AZGSGLY1','$2a$08$RUrenKPANKFOotfF5ej5rupHT4reVmgoEf/LeTAOxqhVZPJp0Tq0e','安装公司管理员', '2018-05-05 15:31:07.356', '2018-05-05 15:31:07.356'),
('35','AZGSGLY2','$2a$08$QubkfK4kfjpWnDLU.hzDE.jSnN.tiNa0euXda3x7l.sVIbxKOs7bi','安装公司管理员', '2018-05-05 15:31:07.356', '2018-05-05 15:31:07.356'),
('36','AZG1','$2a$08$btihGUX7knwy3R.hCZkye.su7tFww//IOVtzoKoL7q8/14BWaZBAu','安装工', '2018-05-05 15:31:07.356', '2018-05-05 15:31:07.356'),
('37','AZG2','$2a$08$VRPYUYm1whdg.3pDdw9RKOzQ3/ekB9MQuTnblEGwlgIRPaSQx54Gy','安装工', '2018-05-05 15:31:07.356', '2018-05-05 15:31:07.356'),
('38','AZG3','$2a$08$7nvQXzCnFlMHEHEtjkl.WOmPctpNIpgUmNWxlwkLOmkv9IAi.Efyu','安装工', '2018-05-05 15:31:07.356', '2018-05-05 15:31:07.356'),
('39','GTBA11','$2a$08$sRFJszZTo/x3XeEjrHEqTOc768GobIdhSn8zWm3FruhggajaUWoGC','柜台BA', '2018-05-05 15:31:07.356', '2018-05-05 15:31:07.356');

INSERT INTO PP
(id,name, createdAt, updatedAt)
VALUES
('1','PP1', '2018-05-05 15:31:07.356', '2018-05-05 15:31:07.356'),
('2','PP2', '2018-05-05 15:31:07.356', '2018-05-05 15:31:07.356'),
('3','PP3', '2018-05-05 15:31:07.356', '2018-05-05 15:31:07.356'),
('4','PP4', '2018-05-05 15:31:07.356', '2018-05-05 15:31:07.356'),
('5','PP5', '2018-05-05 15:31:07.356', '2018-05-05 15:31:07.356'),
('6','PP6', '2018-05-05 15:31:07.356', '2018-05-05 15:31:07.356'),
('7','PP7', '2018-05-05 15:31:07.356', '2018-05-05 15:31:07.356');

INSERT INTO PPJL_PP
(UserId,PPId, createdAt, updatedAt)
VALUES
('2','1', '2018-05-05 15:31:07.356', '2018-05-05 15:31:07.356'),
('3','2', '2018-05-05 15:31:07.356', '2018-05-05 15:31:07.356'),
('4','3', '2018-05-05 15:31:07.356', '2018-05-05 15:31:07.356'),
('5','4', '2018-05-05 15:31:07.356', '2018-05-05 15:31:07.356'),
('6','5', '2018-05-05 15:31:07.356', '2018-05-05 15:31:07.356'),
('7','6', '2018-05-05 15:31:07.356', '2018-05-05 15:31:07.356');

INSERT INTO KFJL_PP
(UserId,PPId, createdAt, updatedAt)
VALUES
('8','1', '2018-05-05 15:31:07.356', '2018-05-05 15:31:07.356'),
('9','2', '2018-05-05 15:31:07.356', '2018-05-05 15:31:07.356'),
('10','3', '2018-05-05 15:31:07.356', '2018-05-05 15:31:07.356'),
('11','4', '2018-05-05 15:31:07.356', '2018-05-05 15:31:07.356'),
('12','5', '2018-05-05 15:31:07.356', '2018-05-05 15:31:07.356'),
('13','6', '2018-05-05 15:31:07.356', '2018-05-05 15:31:07.356');

INSERT INTO GZ_PP
(UserId,PPId, createdAt, updatedAt)
VALUES
('14','1', '2018-05-05 15:31:07.356', '2018-05-05 15:31:07.356'),
('15','1', '2018-05-05 15:31:07.356', '2018-05-05 15:31:07.356'),
('16','2', '2018-05-05 15:31:07.356', '2018-05-05 15:31:07.356');

INSERT INTO GT
(id,name,code,PPId,QY,GTBAUserId,GZUserId,CS, createdAt, updatedAt)
VALUES
('1','GT1','1','1','南区','17','14','上海', '2018-05-05 15:31:07.356', '2018-05-05 15:31:07.356'),
('2','GT2','2','1','南区','18','14','北京', '2018-05-05 15:31:07.356', '2018-05-05 15:31:07.356'),
('3','GT3','3','1','东区','19','15','广州', '2018-05-05 15:31:07.356', '2018-05-05 15:31:07.356'),
('4','GT4','4','1','东区','20','15','广州', '2018-05-05 15:31:07.356', '2018-05-05 15:31:07.356');

INSERT INTO GT
(id,name,code,PPId,QY,GTBAUserId,CS, createdAt, updatedAt)
VALUES
('5','GT5','5','1','东区','21','广州', '2018-05-05 15:31:07.356', '2018-05-05 15:31:07.356'),
('6','GT6','6','2','东区','22','广州', '2018-05-05 15:31:07.356', '2018-05-05 15:31:07.356'),
('7','GT7','7','3','东区','23','广州', '2018-05-05 15:31:07.356', '2018-05-05 15:31:07.356'),
('8','GT8','8','4','东区','24','广州', '2018-05-05 15:31:07.356', '2018-05-05 15:31:07.356'),
('9','GT9','9','5','东区','25','广州', '2018-05-05 15:31:07.356', '2018-05-05 15:31:07.356'),
('10','GT10','10','6','东区','26','广州', '2018-05-05 15:31:07.356', '2018-05-05 15:31:07.356'),
('11','GT11','11','4','东区','39','广州', '2018-05-05 15:31:07.356', '2018-05-05 15:31:07.356');

INSERT INTO GYS
(id,Name,type, createdAt, updatedAt)
VALUES
('1','GYS1','生产', '2018-05-05 15:31:07.356', '2018-05-05 15:31:07.356'),
('2','GYS2','生产', '2018-05-05 15:31:07.356', '2018-05-05 15:31:07.356'),
('3','GYS3','中转', '2018-05-05 15:31:07.356', '2018-05-05 15:31:07.356');

INSERT INTO GLY_GYS
(UserId,GYSId, createdAt, updatedAt)
VALUES
('27','1', '2018-05-05 15:31:07.356', '2018-05-05 15:31:07.356'),
('28','2', '2018-05-05 15:31:07.356', '2018-05-05 15:31:07.356'),
('29','3', '2018-05-05 15:31:07.356', '2018-05-05 15:31:07.356');

INSERT INTO ZHY_GYS
(UserId,GYSId, createdAt, updatedAt)
VALUES
('30','1', '2018-05-05 15:31:07.356', '2018-05-05 15:31:07.356'),
('31','1', '2018-05-05 15:31:07.356', '2018-05-05 15:31:07.356'),
('32','2', '2018-05-05 15:31:07.356', '2018-05-05 15:31:07.356'),
('33','3', '2018-05-05 15:31:07.356', '2018-05-05 15:31:07.356');

INSERT INTO AZGS
(id,name, createdAt, updatedAt)
VALUES
('1','AZGS1', '2018-05-05 15:31:07.356', '2018-05-05 15:31:07.356'),
('2','AZGS2', '2018-05-05 15:31:07.356', '2018-05-05 15:31:07.356');

INSERT INTO GLY_AZGS
(UserId,AZGSId, createdAt, updatedAt)
VALUES
('34','1', '2018-05-05 15:31:07.356', '2018-05-05 15:31:07.356'),
('35','1', '2018-05-05 15:31:07.356', '2018-05-05 15:31:07.356');

INSERT INTO AZG_AZGS
(UserId,AZGSId, createdAt, updatedAt)
VALUES
('36','1', '2018-05-05 15:31:07.356', '2018-05-05 15:31:07.356'),
('37','1', '2018-05-05 15:31:07.356', '2018-05-05 15:31:07.356'),
('38','2', '2018-05-05 15:31:07.356', '2018-05-05 15:31:07.356');

INSERT INTO DP
(id,name,PPId,GYSId, createdAt, updatedAt)
VALUES
('1','DP1','1','1', '2018-05-05 15:31:07.356', '2018-05-05 15:31:07.356'),
('2','DP2','1','1', '2018-05-05 15:31:07.356', '2018-05-05 15:31:07.356'),
('3','DP3','1','1', '2018-05-05 15:31:07.356', '2018-05-05 15:31:07.356'),
('4','DP4','1','2', '2018-05-05 15:31:07.356', '2018-05-05 15:31:07.356'),
('5','DP5','2','1', '2018-05-05 15:31:07.356', '2018-05-05 15:31:07.356'),
('6','DP6','2','1', '2018-05-05 15:31:07.356', '2018-05-05 15:31:07.356'),
('7','DP7','2','2', '2018-05-05 15:31:07.356', '2018-05-05 15:31:07.356'),
('8','DP8','3','1', '2018-05-05 15:31:07.356', '2018-05-05 15:31:07.356'),
('9','DP9','3','1', '2018-05-05 15:31:07.356', '2018-05-05 15:31:07.356'),
('10','DP10','3','2', '2018-05-05 15:31:07.356', '2018-05-05 15:31:07.356'),
('11','DP11','3','2', '2018-05-05 15:31:07.356', '2018-05-05 15:31:07.356'),
('12','DP12','4','1', '2018-05-05 15:31:07.356', '2018-05-05 15:31:07.356'),
('13','DP13','4','1', '2018-05-05 15:31:07.356', '2018-05-05 15:31:07.356'),
('14','DP14','4','2', '2018-05-05 15:31:07.356', '2018-05-05 15:31:07.356'),
('15','DP15','4','2', '2018-05-05 15:31:07.356', '2018-05-05 15:31:07.356'),
('16','DP16','4','2', '2018-05-05 15:31:07.356', '2018-05-05 15:31:07.356'),
('17','DP17','4','2', '2018-05-05 15:31:07.356', '2018-05-05 15:31:07.356'),
('18','DP18','4','2', '2018-05-05 15:31:07.356', '2018-05-05 15:31:07.356'),
('19','DP19','4','2', '2018-05-05 15:31:07.356', '2018-05-05 15:31:07.356'),
('20','DP20','4','2', '2018-05-05 15:31:07.356', '2018-05-05 15:31:07.356'),
('21','DP21','4','2', '2018-05-05 15:31:07.356', '2018-05-05 15:31:07.356'),
('22','DP22','4','2', '2018-05-05 15:31:07.356', '2018-05-05 15:31:07.356'),
('23','DP23','4','2', '2018-05-05 15:31:07.356', '2018-05-05 15:31:07.356'),
('24','DP24','4','2', '2018-05-05 15:31:07.356', '2018-05-05 15:31:07.356'),
('25','DP25','4','2', '2018-05-05 15:31:07.356', '2018-05-05 15:31:07.356'),
('26','DP26','4','2', '2018-05-05 15:31:07.356', '2018-05-05 15:31:07.356'),
('27','DP27','4','2', '2018-05-05 15:31:07.356', '2018-05-05 15:31:07.356'),
('28','DP28','4','2', '2018-05-05 15:31:07.356', '2018-05-05 15:31:07.356'),
('29','DP29','5','1', '2018-05-05 15:31:07.356', '2018-05-05 15:31:07.356'),
('30','DP30','5','1', '2018-05-05 15:31:07.356', '2018-05-05 15:31:07.356'),
('31','DP31','5','2', '2018-05-05 15:31:07.356', '2018-05-05 15:31:07.356'),
('32','DP32','6','1', '2018-05-05 15:31:07.356', '2018-05-05 15:31:07.356'),
('33','DP33','6','1', '2018-05-05 15:31:07.356', '2018-05-05 15:31:07.356'),
('34','DP34','6','2', '2018-05-05 15:31:07.356', '2018-05-05 15:31:07.356'),
('35','DP35','6','2', '2018-05-05 15:31:07.356', '2018-05-05 15:31:07.356'),
('36','DP36','6','2', '2018-05-05 15:31:07.356', '2018-05-05 15:31:07.356'),
('37','DP37','6','2', '2018-05-05 15:31:07.356', '2018-05-05 15:31:07.356'),
('38','DP38','6','2', '2018-05-05 15:31:07.356', '2018-05-05 15:31:07.356'),
('39','DP39','6','2', '2018-05-05 15:31:07.356', '2018-05-05 15:31:07.356'),
('40','DP40','6','2', '2018-05-05 15:31:07.356', '2018-05-05 15:31:07.356'),
('41','DP41','4','2', '2018-05-05 15:31:07.356', '2018-05-05 15:31:07.356'),
('42','DP42','5','1', '2018-05-05 15:31:07.356', '2018-05-05 15:31:07.356'),
('43','DP43','5','1', '2018-05-05 15:31:07.356', '2018-05-05 15:31:07.356'),
('44','DP44','5','2', '2018-05-05 15:31:07.356', '2018-05-05 15:31:07.356'),
('45','DP45','6','1', '2018-05-05 15:31:07.356', '2018-05-05 15:31:07.356'),
('46','DP46','6','1', '2018-05-05 15:31:07.356', '2018-05-05 15:31:07.356'),
('47','DP47','6','2', '2018-05-05 15:31:07.356', '2018-05-05 15:31:07.356');

INSERT INTO DW
(id,name,GTId,DPId,CZ,CC, createdAt, updatedAt)
VALUES
('1','DW1','1','1','100*100','铜板', '2018-05-05 15:31:07.356', '2018-05-05 15:31:07.356'),
('2','DW2','1','1','100*100','铜板', '2018-05-05 15:31:07.356', '2018-05-05 15:31:07.356'),
('3','DW3','1','4','200*100','铜板', '2018-05-05 15:31:07.356', '2018-05-05 15:31:07.356'),
('4','DW1','2','1','100*100','铜板', '2018-05-05 15:31:07.356', '2018-05-05 15:31:07.356'),
('5','DW2','2','2','100*100','铜板', '2018-05-05 15:31:07.356', '2018-05-05 15:31:07.356'),
('6','DW1','3','3','200*100','铜板', '2018-05-05 15:31:07.356', '2018-05-05 15:31:07.356'),
('8','DW1','6','5','100*100','铜板', '2018-05-05 15:31:07.356', '2018-05-05 15:31:07.356'),
('9','DW2','6','6','100*100','铜板', '2018-05-05 15:31:07.356', '2018-05-05 15:31:07.356'),
('10','DW3','6','7','200*100','铜板', '2018-05-05 15:31:07.356', '2018-05-05 15:31:07.356'),
('11','DW1','7','8','100*100','铜板', '2018-05-05 15:31:07.356', '2018-05-05 15:31:07.356'),
('12','DW2','7','9','100*100','铜板', '2018-05-05 15:31:07.356', '2018-05-05 15:31:07.356'),
('13','DW3','7','10','200*100','铜板', '2018-05-05 15:31:07.356', '2018-05-05 15:31:07.356'),
('14','DW4','7','11','200*100','铜板', '2018-05-05 15:31:07.356', '2018-05-05 15:31:07.356'),
('15','DW1','8','12','100*100','铜板', '2018-05-05 15:31:07.356', '2018-05-05 15:31:07.356'),
('16','DW2','8','13','100*100','铜板', '2018-05-05 15:31:07.356', '2018-05-05 15:31:07.356'),
('17','DW3','8','14','200*100','铜板', '2018-05-05 15:31:07.356', '2018-05-05 15:31:07.356'),
('18','DW4','8','15','200*100','铜板', '2018-05-05 15:31:07.356', '2018-05-05 15:31:07.356'),
('19','DW5','8','16','200*100','铜板', '2018-05-05 15:31:07.356', '2018-05-05 15:31:07.356'),
('20','DW6','8','17','200*100','铜板', '2018-05-05 15:31:07.356', '2018-05-05 15:31:07.356'),
('21','DW7','8','18','200*100','铜板', '2018-05-05 15:31:07.356', '2018-05-05 15:31:07.356'),
('22','DW8','8','19','200*100','铜板', '2018-05-05 15:31:07.356', '2018-05-05 15:31:07.356'),
('23','DW9','8','20','200*100','铜板', '2018-05-05 15:31:07.356', '2018-05-05 15:31:07.356'),
('24','DW10','8','21','200*100','铜板', '2018-05-05 15:31:07.356', '2018-05-05 15:31:07.356'),
('25','DW11','8','22','200*100','铜板', '2018-05-05 15:31:07.356', '2018-05-05 15:31:07.356'),
('26','DW12','8','23','200*100','铜板', '2018-05-05 15:31:07.356', '2018-05-05 15:31:07.356'),
('27','DW13','8','24','200*100','铜板', '2018-05-05 15:31:07.356', '2018-05-05 15:31:07.356'),
('28','DW14','8','25','200*100','铜板', '2018-05-05 15:31:07.356', '2018-05-05 15:31:07.356'),
('29','DW15','8','26','200*100','铜板', '2018-05-05 15:31:07.356', '2018-05-05 15:31:07.356'),
('30','DW16','8','27','200*100','铜板', '2018-05-05 15:31:07.356', '2018-05-05 15:31:07.356'),
('31','DW17','8','28','200*100','铜板', '2018-05-05 15:31:07.356', '2018-05-05 15:31:07.356'),
('32','DW1','9','29','100*100','铜板', '2018-05-05 15:31:07.356', '2018-05-05 15:31:07.356'),
('33','DW2','9','30','100*100','铜板', '2018-05-05 15:31:07.356', '2018-05-05 15:31:07.356'),
('34','DW3','9','31','200*100','铜板', '2018-05-05 15:31:07.356', '2018-05-05 15:31:07.356'),
('35','DW1','10','32','100*100','铜板', '2018-05-05 15:31:07.356', '2018-05-05 15:31:07.356'),
('36','DW2','10','33','100*100','铜板', '2018-05-05 15:31:07.356', '2018-05-05 15:31:07.356'),
('37','DW3','10','34','200*100','铜板', '2018-05-05 15:31:07.356', '2018-05-05 15:31:07.356'),
('38','DW4','10','35','200*100','铜板', '2018-05-05 15:31:07.356', '2018-05-05 15:31:07.356'),
('39','DW5','10','36','200*100','铜板', '2018-05-05 15:31:07.356', '2018-05-05 15:31:07.356'),
('40','DW6','10','37','200*100','铜板', '2018-05-05 15:31:07.356', '2018-05-05 15:31:07.356'),
('41','DW7','10','38','200*100','铜板', '2018-05-05 15:31:07.356', '2018-05-05 15:31:07.356'),
('42','DW8','10','39','200*100','铜板', '2018-05-05 15:31:07.356', '2018-05-05 15:31:07.356'),
('43','DW9','10','40','200*100','铜板', '2018-05-05 15:31:07.356', '2018-05-05 15:31:07.356'),
('44','DW1','11','12','100*100','铜板', '2018-05-05 15:31:07.356', '2018-05-05 15:31:07.356'),
('45','DW2','11','41','100*100','铜板', '2018-05-05 15:31:07.356', '2018-05-05 15:31:07.356'),
('46','DW4','9','42','100*100','铜板', '2018-05-05 15:31:07.356', '2018-05-05 15:31:07.356'),
('47','DW5','9','43','100*100','铜板', '2018-05-05 15:31:07.356', '2018-05-05 15:31:07.356'),
('48','DW6','9','44','200*100','铜板', '2018-05-05 15:31:07.356', '2018-05-05 15:31:07.356'),
('49','DW10','10','45','100*100','铜板', '2018-05-05 15:31:07.356', '2018-05-05 15:31:07.356'),
('50','DW11','10','46','100*100','铜板', '2018-05-05 15:31:07.356', '2018-05-05 15:31:07.356'),
('51','DW12','10','47','200*100','铜板', '2018-05-05 15:31:07.356', '2018-05-05 15:31:07.356');

INSERT INTO DW
(id,name,GTId,CZ,CC, createdAt, updatedAt)
VALUES
('7','DW1','4','100*100','铜板', '2018-05-05 15:31:07.356', '2018-05-05 15:31:07.356');

INSERT INTO FGTester
(id,name,PPId,Code1, createdAt, updatedAt)
VALUES
('1','FG1','1','Tester1', '2018-05-05 15:31:07.356', '2018-05-05 15:31:07.356'),
('2','FG2','1','Tester1', '2018-05-05 15:31:07.356', '2018-05-05 15:31:07.356'),
('3','FG3','1','Tester1', '2018-05-05 15:31:07.356', '2018-05-05 15:31:07.356');

INSERT INTO WL
(id,name,code,level,PPId,GYSId,imageUrl, createdAt, updatedAt)
VALUES
('1','WL1_3_1','1_3_1','3','1','1','imageUrl1_3_1', '2018-05-05 15:31:07.356', '2018-05-05 15:31:07.356'),
('2','WL1_3_2','1_3_2','3','1','1','imageUrl1_3_2', '2018-05-05 15:31:07.356', '2018-05-05 15:31:07.356'),
('3','WL1_2_1','1_2_1','2','1','1','imageUrl1_2_1', '2018-05-05 15:31:07.356', '2018-05-05 15:31:07.356'),
('4','WL1_2_2','1_2_2','2','1','1','imageUrl1_2_2', '2018-05-05 15:31:07.356', '2018-05-05 15:31:07.356'),
('5','WL1_1_1','1_1_1','1','1','2','imageUrl1_1_1', '2018-05-05 15:31:07.356', '2018-05-05 15:31:07.356'),
('6','WL1_1_2','1_1_2','1','1','2','imageUrl1_1_2', '2018-05-05 15:31:07.356', '2018-05-05 15:31:07.356'),
('7','WL2_3_1','2_3_1','3','2','1','imageUrl2_3_1', '2018-05-05 15:31:07.356', '2018-05-05 15:31:07.356'),
('8','WL2_2_1','2_2_1','2','2','1','imageUrl2_2_1', '2018-05-05 15:31:07.356', '2018-05-05 15:31:07.356'),
('9','WL2_1_1','2_1_1','1','2','2','imageUrl2_1_1', '2018-05-05 15:31:07.356', '2018-05-05 15:31:07.356'),
('10','WL3_3_1','3_3_1','3','3','1','imageUrl3_3_1', '2018-05-05 15:31:07.356', '2018-05-05 15:31:07.356'),
('11','WL3_2_1','3_2_1','2','3','1','imageUrl3_2_1', '2018-05-05 15:31:07.356', '2018-05-05 15:31:07.356'),
('12','WL3_1_1','3_1_1','1','3','2','imageUrl3_1_1', '2018-05-05 15:31:07.356', '2018-05-05 15:31:07.356'),
('13','WL3_1_2','3_1_2','1','3','2','imageUrl3_1_2', '2018-05-05 15:31:07.356', '2018-05-05 15:31:07.356'),
('14','WL4_3_1','4_3_1','3','4','1','imageUrl4_3_1', '2018-05-05 15:31:07.356', '2018-05-05 15:31:07.356'),
('15','WL4_2_1','4_2_1','2','4','1','imageUrl4_2_1', '2018-05-05 15:31:07.356', '2018-05-05 15:31:07.356'),
('16','WL4_1_1','4_1_1','1','4','2','imageUrl4_1_1', '2018-05-05 15:31:07.356', '2018-05-05 15:31:07.356'),
('17','WL4_1_2','4_1_2','1','4','2','imageUrl4_1_2', '2018-05-05 15:31:07.356', '2018-05-05 15:31:07.356'),
('18','WL4_1_3','4_1_3','1','4','2','imageUrl4_1_3', '2018-05-05 15:31:07.356', '2018-05-05 15:31:07.356'),
('19','WL4_1_4','4_1_4','1','4','2','imageUrl4_1_4', '2018-05-05 15:31:07.356', '2018-05-05 15:31:07.356'),
('20','WL4_1_5','4_1_5','1','4','2','imageUrl4_1_5', '2018-05-05 15:31:07.356', '2018-05-05 15:31:07.356'),
('21','WL4_1_6','4_1_6','1','4','2','imageUrl4_1_6', '2018-05-05 15:31:07.356', '2018-05-05 15:31:07.356'),
('22','WL4_1_7','4_1_7','1','4','2','imageUrl4_1_7', '2018-05-05 15:31:07.356', '2018-05-05 15:31:07.356'),
('23','WL5_3_1','5_3_1','3','5','1','imageUrl5_3_1', '2018-05-05 15:31:07.356', '2018-05-05 15:31:07.356'),
('24','WL5_2_1','5_2_1','2','5','1','imageUrl5_2_1', '2018-05-05 15:31:07.356', '2018-05-05 15:31:07.356'),
('25','WL5_1_1','5_1_1','1','5','2','imageUrl5_1_1', '2018-05-05 15:31:07.356', '2018-05-05 15:31:07.356'),
('26','WL6_3_1','6_3_1','3','6','1','imageUrl6_3_1', '2018-05-05 15:31:07.356', '2018-05-05 15:31:07.356'),
('27','WL6_2_1','6_2_1','2','6','1','imageUrl6_2_1', '2018-05-05 15:31:07.356', '2018-05-05 15:31:07.356'),
('28','WL6_1_1','6_1_1','1','6','2','imageUrl6_1_1', '2018-05-05 15:31:07.356', '2018-05-05 15:31:07.356'),
('29','WL4_1_8','4_1_8','1','4','2','imageUrl4_1_8', '2018-05-05 15:31:07.356', '2018-05-05 15:31:07.356'),
('30','WL5_1_2','5_1_2','1','5','2','imageUrl5_1_2', '2018-05-05 15:31:07.356', '2018-05-05 15:31:07.356'),
('31','WL6_1_2','6_1_2','1','6','2','imageUrl6_1_2', '2018-05-05 15:31:07.356', '2018-05-05 15:31:07.356'),
('32','WL5_1_3','5_1_3','1','5','2','imageUrl5_1_3', '2018-05-05 15:31:07.356', '2018-05-05 15:31:07.356'),
('33','WL6_1_3','6_1_3','1','6','2','imageUrl6_1_3', '2018-05-05 15:31:07.356', '2018-05-05 15:31:07.356');

INSERT INTO EJZH
(id,name,WLId,PPId,imageUrl, createdAt, updatedAt)
VALUES
('1','EJZH1','3','1','imageUrlEJZH1', '2018-05-05 15:31:07.356', '2018-05-05 15:31:07.356'),
('2','EJZH2','3','1','imageUrlEJZH2', '2018-05-05 15:31:07.356', '2018-05-05 15:31:07.356'),
('3','EJZH3','3','1','imageUrlEJZH3', '2018-05-05 15:31:07.356', '2018-05-05 15:31:07.356'),
('4','EJZH4','4','1','imageUrlEJZH4', '2018-05-05 15:31:07.356', '2018-05-05 15:31:07.356'),
('5','EJZH5','8','2','imageUrlEJZH5', '2018-05-05 15:31:07.356', '2018-05-05 15:31:07.356'),
('6','EJZH6','11','3','imageUrlEJZH6', '2018-05-05 15:31:07.356', '2018-05-05 15:31:07.356'),
('7','EJZH7','15','4','imageUrlEJZH7', '2018-05-05 15:31:07.356', '2018-05-05 15:31:07.356'),
('8','EJZH8','24','5','imageUrlEJZH8', '2018-05-05 15:31:07.356', '2018-05-05 15:31:07.356'),
('9','EJZH9','27','5','imageUrlEJZH9', '2018-05-05 15:31:07.356', '2018-05-05 15:31:07.356');

INSERT INTO EJZH_FGTester
(EJZHId,FGTesterId,number, createdAt, updatedAt)
VALUES
('2','1','2', '2018-05-05 15:31:07.356', '2018-05-05 15:31:07.356'),
('3','1','2', '2018-05-05 15:31:07.356', '2018-05-05 15:31:07.356');

INSERT INTO EJZH_SJWL
(EJZHId,WLId,number, createdAt, updatedAt)
VALUES
('3','1','2', '2018-05-05 15:31:07.356', '2018-05-05 15:31:07.356'),
('4','1','2', '2018-05-05 15:31:07.356', '2018-05-05 15:31:07.356'),
('4','2','2', '2018-05-05 15:31:07.356', '2018-05-05 15:31:07.356'),
('5','7','2', '2018-05-05 15:31:07.356', '2018-05-05 15:31:07.356'),
('6','10','1', '2018-05-05 15:31:07.356', '2018-05-05 15:31:07.356'),
('7','14','1', '2018-05-05 15:31:07.356', '2018-05-05 15:31:07.356'),
('8','23','1', '2018-05-05 15:31:07.356', '2018-05-05 15:31:07.356'),
('9','26','1', '2018-05-05 15:31:07.356', '2018-05-05 15:31:07.356');

INSERT INTO YJZH
(id,name,WLId,PPId,imageUrl, createdAt, updatedAt)
VALUES
('1','YJZH1','5','1','imageUrlYJZH1', '2018-05-05 15:31:07.356', '2018-05-05 15:31:07.356'),
('2','YJZH2','5','1','imageUrlYJZH2', '2018-05-05 15:31:07.356', '2018-05-05 15:31:07.356'),
('3','YJZH3','5','1','imageUrlYJZH3', '2018-05-05 15:31:07.356', '2018-05-05 15:31:07.356'),
('4','YJZH4','9','2','imageUrlYJZH4', '2018-05-05 15:31:07.356', '2018-05-05 15:31:07.356'),
('5','YJZH5','12','3','imageUrlYJZH5', '2018-05-05 15:31:07.356', '2018-05-05 15:31:07.356'),
('6','YJZH6','13','3','imageUrlYJZH6', '2018-05-05 15:31:07.356', '2018-05-05 15:31:07.356'),
('7','YJZH7','16','4','imageUrlYJZH7', '2018-05-05 15:31:07.356', '2018-05-05 15:31:07.356'),
('8','YJZH8','17','4','imageUrlYJZH8', '2018-05-05 15:31:07.356', '2018-05-05 15:31:07.356'),
('9','YJZH9','18','4','imageUrlYJZH9', '2018-05-05 15:31:07.356', '2018-05-05 15:31:07.356'),
('10','YJZH10','19','4','imageUrlYJZH10', '2018-05-05 15:31:07.356', '2018-05-05 15:31:07.356'),
('11','YJZH11','20','4','imageUrlYJZH11', '2018-05-05 15:31:07.356', '2018-05-05 15:31:07.356'),
('12','YJZH12','21','4','imageUrlYJZH12', '2018-05-05 15:31:07.356', '2018-05-05 15:31:07.356'),
('13','YJZH13','22','4','imageUrlYJZH13', '2018-05-05 15:31:07.356', '2018-05-05 15:31:07.356'),
('14','YJZH14','25','5','imageUrlYJZH14', '2018-05-05 15:31:07.356', '2018-05-05 15:31:07.356'),
('15','YJZH15','28','6','imageUrlYJZH15', '2018-05-05 15:31:07.356', '2018-05-05 15:31:07.356'),
('16','YJZH16','29','4','imageUrlYJZH16', '2018-05-05 15:31:07.356', '2018-05-05 15:31:07.356'),
('17','YJZH17','30','5','imageUrlYJZH17', '2018-05-05 15:31:07.356', '2018-05-05 15:31:07.356'),
('18','YJZH18','31','6','imageUrlYJZH18', '2018-05-05 15:31:07.356', '2018-05-05 15:31:07.356'),
('19','YJZH19','32','5','imageUrlYJZH19', '2018-05-05 15:31:07.356', '2018-05-05 15:31:07.356'),
('20','YJZH20','33','6','imageUrlYJZH20', '2018-05-05 15:31:07.356', '2018-05-05 15:31:07.356');

INSERT INTO YJZH_EJZH
(YJZHId,EJZHId,number, createdAt, updatedAt)
VALUES
('2','1','2', '2018-05-05 15:31:07.356', '2018-05-05 15:31:07.356'),
('2','2','2', '2018-05-05 15:31:07.356', '2018-05-05 15:31:07.356'),
('3','2','2', '2018-05-05 15:31:07.356', '2018-05-05 15:31:07.356'),
('4','5','2', '2018-05-05 15:31:07.356', '2018-05-05 15:31:07.356'),
('5','6','1', '2018-05-05 15:31:07.356', '2018-05-05 15:31:07.356'),
('7','7','1', '2018-05-05 15:31:07.356', '2018-05-05 15:31:07.356'),
('14','8','1', '2018-05-05 15:31:07.356', '2018-05-05 15:31:07.356'),
('15','9','1', '2018-05-05 15:31:07.356', '2018-05-05 15:31:07.356');

INSERT INTO GT_YJZH
(GTId,YJZHId,number, createdAt, updatedAt)
VALUES
('1','1','2', '2018-05-05 15:31:07.356', '2018-05-05 15:31:07.356'),
('1','2','2', '2018-05-05 15:31:07.356', '2018-05-05 15:31:07.356'),
('2','1','2', '2018-05-05 15:31:07.356', '2018-05-05 15:31:07.356'),
('6','4','2', '2018-05-05 15:31:07.356', '2018-05-05 15:31:07.356'),
('7','5','2', '2018-05-05 15:31:07.356', '2018-05-05 15:31:07.356'),
('7','6','2', '2018-05-05 15:31:07.356', '2018-05-05 15:31:07.356'),
('8','7','4', '2018-05-05 15:31:07.356', '2018-05-05 15:31:07.356'),
('8','8','4', '2018-05-05 15:31:07.356', '2018-05-05 15:31:07.356'),
('8','9','4', '2018-05-05 15:31:07.356', '2018-05-05 15:31:07.356'),
('8','10','4', '2018-05-05 15:31:07.356', '2018-05-05 15:31:07.356'),
('8','11','4', '2018-05-05 15:31:07.356', '2018-05-05 15:31:07.356'),
('8','12','4', '2018-05-05 15:31:07.356', '2018-05-05 15:31:07.356'),
('8','13','4', '2018-05-05 15:31:07.356', '2018-05-05 15:31:07.356'),
('9','14','1', '2018-05-05 15:31:07.356', '2018-05-05 15:31:07.356'),
('10','15','2', '2018-05-05 15:31:07.356', '2018-05-05 15:31:07.356'),
('11','7','4', '2018-05-05 15:31:07.356', '2018-05-05 15:31:07.356'),
('11','16','4', '2018-05-05 15:31:07.356', '2018-05-05 15:31:07.356'),
('9','17','1', '2018-05-05 15:31:07.356', '2018-05-05 15:31:07.356'),
('10','18','2', '2018-05-05 15:31:07.356', '2018-05-05 15:31:07.356'),
('9','19','1', '2018-05-05 15:31:07.356', '2018-05-05 15:31:07.356'),
('10','20','2', '2018-05-05 15:31:07.356', '2018-05-05 15:31:07.356');

INSERT INTO YJZHXGT
(id,imageUrl,YJZHId, createdAt, updatedAt)
VALUES
('1','imageUrlYJZH1','1', '2018-05-05 15:31:07.356', '2018-05-05 15:31:07.356'),
('2','imageUrlYJZH2','2', '2018-05-05 15:31:07.356', '2018-05-05 15:31:07.356');

INSERT INTO EJZHXGT
(id,imageUrl,EJZHId, createdAt, updatedAt)
VALUES
('1','imageUrlEJZH1','1', '2018-05-05 15:31:07.356', '2018-05-05 15:31:07.356'),
('2','imageUrlEJZH2','2', '2018-05-05 15:31:07.356', '2018-05-05 15:31:07.356');

INSERT INTO DD
(id,name,status,PPId, createdAt, updatedAt)
VALUES
('1','DD_GT6','初始','2', '2018-05-05 15:31:07.356', '2018-05-05 15:31:07.356'),
('2','DD_GT7','已审批','3', '2018-05-05 15:31:07.356', '2018-05-05 15:31:07.356'),
('3','DD_GT8','已审批','4', '2018-05-05 15:31:07.356', '2018-05-05 15:31:07.356'),
('4','DD_GT9','已审批','5', '2018-05-05 15:31:07.356', '2018-05-05 15:31:07.356'),
('5','DD_GT10','已审批','6', '2018-05-05 15:31:07.356', '2018-05-05 15:31:07.356');

INSERT INTO DD_GT_WLSnapshot
(id,DDId,GTId,WLId,number, createdAt, updatedAt)
VALUES
('1','1','6','7','8', '2018-05-05 15:31:07.356', '2018-05-05 15:31:07.356'),
('2','1','6','8','4', '2018-05-05 15:31:07.356', '2018-05-05 15:31:07.356'),
('3','1','6','9','2', '2018-05-05 15:31:07.356', '2018-05-05 15:31:07.356'),
('4','2','7','10','2', '2018-05-05 15:31:07.356', '2018-05-05 15:31:07.356'),
('5','2','7','11','2', '2018-05-05 15:31:07.356', '2018-05-05 15:31:07.356'),
('6','2','7','12','2', '2018-05-05 15:31:07.356', '2018-05-05 15:31:07.356'),
('7','2','7','13','2', '2018-05-05 15:31:07.356', '2018-05-05 15:31:07.356'),
('20','5','10','26','2', '2018-05-05 15:31:07.356', '2018-05-05 15:31:07.356'),
('21','5','10','27','2', '2018-05-05 15:31:07.356', '2018-05-05 15:31:07.356'),
('22','5','10','28','2', '2018-05-05 15:31:07.356', '2018-05-05 15:31:07.356'),
('28','4','9','30','1', '2018-05-05 15:31:07.356', '2018-05-05 15:31:07.356'),
('8','3','8','14','4', '2018-05-05 15:31:07.356', '2018-05-05 15:31:07.356'),
('9','3','8','15','4', '2018-05-05 15:31:07.356', '2018-05-05 15:31:07.356'),
('10','3','8','16','4', '2018-05-05 15:31:07.356', '2018-05-05 15:31:07.356'),
('11','3','8','17','4', '2018-05-05 15:31:07.356', '2018-05-05 15:31:07.356'),
('12','3','8','18','4', '2018-05-05 15:31:07.356', '2018-05-05 15:31:07.356'),
('13','3','8','19','4', '2018-05-05 15:31:07.356', '2018-05-05 15:31:07.356'),
('14','3','8','20','4', '2018-05-05 15:31:07.356', '2018-05-05 15:31:07.356'),
('15','3','8','21','4', '2018-05-05 15:31:07.356', '2018-05-05 15:31:07.356'),
('16','3','8','22','4', '2018-05-05 15:31:07.356', '2018-05-05 15:31:07.356'),
('17','4','9','23','1', '2018-05-05 15:31:07.356', '2018-05-05 15:31:07.356'),
('18','4','9','24','1', '2018-05-05 15:31:07.356', '2018-05-05 15:31:07.356'),
('19','4','9','25','1', '2018-05-05 15:31:07.356', '2018-05-05 15:31:07.356'),
('23','3','11','14','4', '2018-05-05 15:31:07.356', '2018-05-05 15:31:07.356'),
('24','3','11','15','4', '2018-05-05 15:31:07.356', '2018-05-05 15:31:07.356'),
('25','3','11','16','4', '2018-05-05 15:31:07.356', '2018-05-05 15:31:07.356'),
('26','3','11','29','4', '2018-05-05 15:31:07.356', '2018-05-05 15:31:07.356'),
('27','5','10','31','2', '2018-05-05 15:31:07.356', '2018-05-05 15:31:07.356');

INSERT INTO DD_GT_WL
(id,DDId,GTId,WLId,number,GYSId,status,ZXNumber, createdAt, updatedAt)
VALUES
('1','1','6','7','8','1','初始','0', '2018-05-05 15:31:07.356', '2018-05-05 15:31:07.356'),
('2','1','6','8','4','1','初始','0', '2018-05-05 15:31:07.356', '2018-05-05 15:31:07.356'),
('3','1','6','9','2','2','初始','0', '2018-05-05 15:31:07.356', '2018-05-05 15:31:07.356');

INSERT INTO DD_GT_WL
(id,DDId,GTId,WLId,number,GYSId,status,ZXNumber,AZGSId, createdAt, updatedAt)
VALUES
('4','2','7','10','2','1','初始','0','1', '2018-05-05 15:31:07.356', '2018-05-05 15:31:07.356'),
('5','2','7','11','2','1','初始','0','1', '2018-05-05 15:31:07.356', '2018-05-05 15:31:07.356'),
('6','2','7','12','2','2','初始','0','2', '2018-05-05 15:31:07.356', '2018-05-05 15:31:07.356'),
('7','2','7','13','2','2','已分配发货供应商','0','2', '2018-05-05 15:31:07.356', '2018-05-05 15:31:07.356'),
('30','5','10','33','2','2','初始','0','2', '2018-05-05 15:31:07.356', '2018-05-05 15:31:07.356');

INSERT INTO DD_GT_WL
(id,DDId,GTId,WLId,number,GYSId,status,ZXNumber, createdAt, updatedAt)
VALUES
('20','5','10','26','2','1','装箱完成','2', '2018-05-05 15:31:07.356', '2018-05-05 15:31:07.356'),
('21','5','10','27','2','1','收货','2', '2018-05-05 15:31:07.356', '2018-05-05 15:31:07.356'),
('22','5','10','28','2','2','收货','2', '2018-05-05 15:31:07.356', '2018-05-05 15:31:07.356'),
('28','4','9','30','1','2','可拍全景图','1', '2018-05-05 15:31:07.356', '2018-05-05 15:31:07.356'),
('29','4','9','32','1','2','初始','0', '2018-05-05 15:31:07.356', '2018-05-05 15:31:07.356');

INSERT INTO DD_GT_WL
(id,DDId,GTId,WLId,number,GYSId,status,ZXNumber,AZGSId,AZGUserId,YJRKDate,YJZXDate,YJAZDate, createdAt, updatedAt)
VALUES
('8','3','8','14','4','1','已分配发货供应商','1','1','36','2018-2-2','2018-2-2','2018-2-2', '2018-05-05 15:31:07.356', '2018-05-05 15:31:07.356'),
('9','3','8','15','4','3','已分配发货供应商','1','1','37','2018-2-2','2018-2-2','2018-2-2', '2018-05-05 15:31:07.356', '2018-05-05 15:31:07.356'),
('10','3','8','16','4','2','装箱完成','4','1','36','2018-2-2','2018-2-2','2018-2-2', '2018-05-05 15:31:07.356', '2018-05-05 15:31:07.356'),
('11','3','8','17','4','2','装箱完成','4','1','37','2018-2-2','2018-2-2','2018-2-2', '2018-05-05 15:31:07.356', '2018-05-05 15:31:07.356'),
('12','3','8','18','4','2','装箱完成','4','2','38','2018-2-2','2018-2-2','2018-2-2', '2018-05-05 15:31:07.356', '2018-05-05 15:31:07.356'),
('13','3','8','19','4','2','收货','4','1','36','2018-2-2','2018-2-2','2018-2-2', '2018-05-05 15:31:07.356', '2018-05-05 15:31:07.356'),
('14','3','8','20','4','2','收货','4','2','38','2018-2-2','2018-2-2','2018-2-2', '2018-05-05 15:31:07.356', '2018-05-05 15:31:07.356'),
('15','3','8','21','4','2','收货','4','2','38','2018-2-2','2018-2-2','2018-2-2', '2018-05-05 15:31:07.356', '2018-05-05 15:31:07.356'),
('16','3','8','22','4','2','收货','4','2','38','2018-2-2','2018-2-2','2018-2-2', '2018-05-05 15:31:07.356', '2018-05-05 15:31:07.356'),
('17','4','9','23','1','3','完成','1','2','38','2018-2-2','2018-2-2','2018-2-2', '2018-05-05 15:31:07.356', '2018-05-05 15:31:07.356'),
('18','4','9','24','1','3','完成','1','2','38','2018-2-2','2018-2-2','2018-2-2', '2018-05-05 15:31:07.356', '2018-05-05 15:31:07.356'),
('19','4','9','25','1','3','完成','1','2','38','2018-2-2','2018-2-2','2018-2-2', '2018-05-05 15:31:07.356', '2018-05-05 15:31:07.356'),
('23','3','11','14','4','1','已分配发货供应商','0','2','38','2018-2-2','2018-2-2','2018-2-2', '2018-05-05 15:31:07.356', '2018-05-05 15:31:07.356'),
('24','3','11','15','4','3','已分配发货供应商','0','2','38','2018-2-2','2018-2-2','2018-2-2', '2018-05-05 15:31:07.356', '2018-05-05 15:31:07.356'),
('25','3','11','16','4','2','已分配发货供应商','0','2','38','2018-2-2','2018-2-2','2018-2-2', '2018-05-05 15:31:07.356', '2018-05-05 15:31:07.356'),
('26','3','11','29','4','3','已分配发货供应商','0','2','38','2018-2-2','2018-2-2','2018-2-2', '2018-05-05 15:31:07.356', '2018-05-05 15:31:07.356'),
('27','5','10','31','2','2','可拍全景图','1','2','38','2018-2-2','2018-2-2','2018-2-2', '2018-05-05 15:31:07.356', '2018-05-05 15:31:07.356');

INSERT INTO WLQJFKT
(id,imageUrl,DDId,GTId,UserId, createdAt, updatedAt)
VALUES
('3','GT9_AZG3_QJT1','4','9','38', '2018-05-05 15:31:07.356', '2018-05-05 15:31:07.356'),
('4','GT9_AZG3_QJT2','4','9','38', '2018-05-05 15:31:07.356', '2018-05-05 15:31:07.356'),
('5','GT9_AZG3_QJT3','4','9','38', '2018-05-05 15:31:07.356', '2018-05-05 15:31:07.356');

INSERT INTO KDD
(id,code,GTId, createdAt, updatedAt)
VALUES
('1','KDD1','8', '2018-05-05 15:31:07.356', '2018-05-05 15:31:07.356'),
('2','KDD2','8', '2018-05-05 15:31:07.356', '2018-05-05 15:31:07.356'),
('3','KDD3','8', '2018-05-05 15:31:07.356', '2018-05-05 15:31:07.356'),
('4','KDD4','8', '2018-05-05 15:31:07.356', '2018-05-05 15:31:07.356'),
('5','KDD5','9', '2018-05-05 15:31:07.356', '2018-05-05 15:31:07.356'),
('6','KDD6','8', '2018-05-05 15:31:07.356', '2018-05-05 15:31:07.356'),
('7','KDD7','8', '2018-05-05 15:31:07.356', '2018-05-05 15:31:07.356'),
('8','KDD8','8', '2018-05-05 15:31:07.356', '2018-05-05 15:31:07.356'),
('9','KDD9','8', '2018-05-05 15:31:07.356', '2018-05-05 15:31:07.356'),
('10','KDD10','8', '2018-05-05 15:31:07.356', '2018-05-05 15:31:07.356'),
('11','KDD11','9', '2018-05-05 15:31:07.356', '2018-05-05 15:31:07.356'),
('12','KDD12','10', '2018-05-05 15:31:07.356', '2018-05-05 15:31:07.356'),
('13','KDD13','10', '2018-05-05 15:31:07.356', '2018-05-05 15:31:07.356'),
('14','KDD14','10', '2018-05-05 15:31:07.356', '2018-05-05 15:31:07.356'),
('15','KDD15','10', '2018-05-05 15:31:07.356', '2018-05-05 15:31:07.356'),
('16','KDD16','10', '2018-05-05 15:31:07.356', '2018-05-05 15:31:07.356'),
('17','KDD17','8', '2018-05-05 15:31:07.356', '2018-05-05 15:31:07.356'),
('18','KDD18','8', '2018-05-05 15:31:07.356', '2018-05-05 15:31:07.356'),
('19','KDD19','7', '2018-05-05 15:31:07.356', '2018-05-05 15:31:07.356'),
('20','KDD20','7', '2018-05-05 15:31:07.356', '2018-05-05 15:31:07.356'),
('21','KDD21','7', '2018-05-05 15:31:07.356', '2018-05-05 15:31:07.356'),
('22','KDD22','7', '2018-05-05 15:31:07.356', '2018-05-05 15:31:07.356'),
('23','KDD23','8', '2018-05-05 15:31:07.356', '2018-05-05 15:31:07.356'),
('24','KDD24','8', '2018-05-05 15:31:07.356', '2018-05-05 15:31:07.356'),
('25','KDD25','8', '2018-05-05 15:31:07.356', '2018-05-05 15:31:07.356'),
('26','KDD26','8', '2018-05-05 15:31:07.356', '2018-05-05 15:31:07.356'),
('27','KDD27','8', '2018-05-05 15:31:07.356', '2018-05-05 15:31:07.356'),
('28','KDD28','8', '2018-05-05 15:31:07.356', '2018-05-05 15:31:07.356'),
('29','KDD29','7', '2018-05-05 15:31:07.356', '2018-05-05 15:31:07.356'),
('30','KDD30','7', '2018-05-05 15:31:07.356', '2018-05-05 15:31:07.356'),
('31','KDD31','7', '2018-05-05 15:31:07.356', '2018-05-05 15:31:07.356'),
('32','KDD32','7', '2018-05-05 15:31:07.356', '2018-05-05 15:31:07.356'),
('33','KDD33','8', '2018-05-05 15:31:07.356', '2018-05-05 15:31:07.356'),
('34','KDD34','8', '2018-05-05 15:31:07.356', '2018-05-05 15:31:07.356'),
('35','KDD35','8', '2018-05-05 15:31:07.356', '2018-05-05 15:31:07.356'),
('36','KDD36','8', '2018-05-05 15:31:07.356', '2018-05-05 15:31:07.356'),
('37','KDD37','9', '2018-05-05 15:31:07.356', '2018-05-05 15:31:07.356'),
('38','KDD38','10', '2018-05-05 15:31:07.356', '2018-05-05 15:31:07.356'),
('39','KDD39','9', '2018-05-05 15:31:07.356', '2018-05-05 15:31:07.356'),
('40','KDD40','10', '2018-05-05 15:31:07.356', '2018-05-05 15:31:07.356');

INSERT INTO KDX
(id,EWM,GTId,KDDId,status,DDId,HWType, createdAt, updatedAt)
VALUES
('3','{"type":"KDX","uuid":"KDX3"}','8','1','发货','3','WL', '2018-05-05 15:31:07.356', '2018-05-05 15:31:07.356'),
('4','{"type":"KDX","uuid":"KDX4"}','8','2','收箱','3','WL', '2018-05-05 15:31:07.356', '2018-05-05 15:31:07.356'),
('5','{"type":"KDX","uuid":"KDX5"}','8','2','收箱','3','WL', '2018-05-05 15:31:07.356', '2018-05-05 15:31:07.356'),
('6','{"type":"KDX","uuid":"KDX6"}','8','3','收箱','3','WL', '2018-05-05 15:31:07.356', '2018-05-05 15:31:07.356'),
('7','{"type":"KDX","uuid":"KDX7"}','8','4','收箱','3','WL', '2018-05-05 15:31:07.356', '2018-05-05 15:31:07.356'),
('8','{"type":"KDX","uuid":"KDX8"}','9','5','收箱','4','WL', '2018-05-05 15:31:07.356', '2018-05-05 15:31:07.356'),
('10','{"type":"KDX","uuid":"KDX10"}','8','6','发货','4','DP', '2018-05-05 15:31:07.356', '2018-05-05 15:31:07.356'),
('11','{"type":"KDX","uuid":"KDX11"}','8','7','收箱','4','DP', '2018-05-05 15:31:07.356', '2018-05-05 15:31:07.356'),
('12','{"type":"KDX","uuid":"KDX12"}','8','8','收箱','4','DP', '2018-05-05 15:31:07.356', '2018-05-05 15:31:07.356'),
('13','{"type":"KDX","uuid":"KDX13"}','8','9','收箱','4','DP', '2018-05-05 15:31:07.356', '2018-05-05 15:31:07.356'),
('14','{"type":"KDX","uuid":"KDX14"}','8','10','收箱','4','DP', '2018-05-05 15:31:07.356', '2018-05-05 15:31:07.356'),
('15','{"type":"KDX","uuid":"KDX15"}','9','11','收箱','5','DP', '2018-05-05 15:31:07.356', '2018-05-05 15:31:07.356'),
('16','{"type":"KDX","uuid":"KDX16"}','10','12','收箱','5','WL', '2018-05-05 15:31:07.356', '2018-05-05 15:31:07.356'),
('17','{"type":"KDX","uuid":"KDX17"}','10','13','收箱','4','WL', '2018-05-05 15:31:07.356', '2018-05-05 15:31:07.356'),
('18','{"type":"KDX","uuid":"KDX18"}','10','14','收箱','3','DP', '2018-05-05 15:31:07.356', '2018-05-05 15:31:07.356'),
('19','{"type":"KDX","uuid":"KDX19"}','10','15','收箱','3','DP', '2018-05-05 15:31:07.356', '2018-05-05 15:31:07.356'),
('21','{"type":"KDX","uuid":"KDX21"}','10','16','收箱','5','DP', '2018-05-05 15:31:07.356', '2018-05-05 15:31:07.356'),
('52','{"type":"KDX","uuid":"KDX52"}','9','37','收箱','4','WL', '2018-05-05 15:31:07.356', '2018-05-05 15:31:07.356'),
('53','{"type":"KDX","uuid":"KDX53"}','10','38','收箱','5','WL', '2018-05-05 15:31:07.356', '2018-05-05 15:31:07.356'),
('54','{"type":"KDX","uuid":"KDX54"}','9','39','收箱','4','DP', '2018-05-05 15:31:07.356', '2018-05-05 15:31:07.356'),
('55','{"type":"KDX","uuid":"KDX55"}','10','40','收箱','5','DP', '2018-05-05 15:31:07.356', '2018-05-05 15:31:07.356');

INSERT INTO KDX
(id,EWM,GTId,KDDId,status,HWType, createdAt, updatedAt)
VALUES
('23','{"type":"KDX","uuid":"KDX23"}','8','17','发货','WL', '2018-05-05 15:31:07.356', '2018-05-05 15:31:07.356'),
('24','{"type":"KDX","uuid":"KDX24"}','8','18','收箱','WL', '2018-05-05 15:31:07.356', '2018-05-05 15:31:07.356'),
('26','{"type":"KDX","uuid":"KDX26"}','7','19','发货','WL', '2018-05-05 15:31:07.356', '2018-05-05 15:31:07.356'),
('27','{"type":"KDX","uuid":"KDX27"}','7','20','收箱','WL', '2018-05-05 15:31:07.356', '2018-05-05 15:31:07.356'),
('29','{"type":"KDX","uuid":"KDX29"}','7','21','发货','WL', '2018-05-05 15:31:07.356', '2018-05-05 15:31:07.356'),
('30','{"type":"KDX","uuid":"KDX30"}','7','22','收箱','WL', '2018-05-05 15:31:07.356', '2018-05-05 15:31:07.356'),
('32','{"type":"KDX","uuid":"KDX32"}','8','23','发货','WL', '2018-05-05 15:31:07.356', '2018-05-05 15:31:07.356'),
('33','{"type":"KDX","uuid":"KDX33"}','8','24','收箱','WL', '2018-05-05 15:31:07.356', '2018-05-05 15:31:07.356'),
('35','{"type":"KDX","uuid":"KDX35"}','8','25','发货','WL', '2018-05-05 15:31:07.356', '2018-05-05 15:31:07.356'),
('36','{"type":"KDX","uuid":"KDX36"}','8','26','收箱','WL', '2018-05-05 15:31:07.356', '2018-05-05 15:31:07.356'),
('38','{"type":"KDX","uuid":"KDX38"}','8','27','发货','DP', '2018-05-05 15:31:07.356', '2018-05-05 15:31:07.356'),
('39','{"type":"KDX","uuid":"KDX39"}','8','28','收箱','DP', '2018-05-05 15:31:07.356', '2018-05-05 15:31:07.356'),
('41','{"type":"KDX","uuid":"KDX41"}','7','29','发货','DP', '2018-05-05 15:31:07.356', '2018-05-05 15:31:07.356'),
('42','{"type":"KDX","uuid":"KDX42"}','7','30','收箱','DP', '2018-05-05 15:31:07.356', '2018-05-05 15:31:07.356'),
('44','{"type":"KDX","uuid":"KDX44"}','7','31','发货','DP', '2018-05-05 15:31:07.356', '2018-05-05 15:31:07.356'),
('45','{"type":"KDX","uuid":"KDX45"}','7','32','收箱','DP', '2018-05-05 15:31:07.356', '2018-05-05 15:31:07.356'),
('47','{"type":"KDX","uuid":"KDX47"}','8','33','发货','DP', '2018-05-05 15:31:07.356', '2018-05-05 15:31:07.356'),
('48','{"type":"KDX","uuid":"KDX48"}','8','34','收箱','DP', '2018-05-05 15:31:07.356', '2018-05-05 15:31:07.356'),
('50','{"type":"KDX","uuid":"KDX50"}','8','35','发货','DP', '2018-05-05 15:31:07.356', '2018-05-05 15:31:07.356'),
('51','{"type":"KDX","uuid":"KDX51"}','8','36','收箱','DP', '2018-05-05 15:31:07.356', '2018-05-05 15:31:07.356');

INSERT INTO KDX
(id,EWM,GTId,status,DDId,HWType, createdAt, updatedAt)
VALUES
('1','{"type":"KDX","uuid":"KDX1"}','8','装箱','3','WL', '2018-05-05 15:31:07.356', '2018-05-05 15:31:07.356'),
('2','{"type":"KDX","uuid":"KDX2"}','8','装箱','3','WL', '2018-05-05 15:31:07.356', '2018-05-05 15:31:07.356'),
('9','{"type":"KDX","uuid":"KDX9"}','8','装箱','3','DP', '2018-05-05 15:31:07.356', '2018-05-05 15:31:07.356'),
('20','{"type":"KDX","uuid":"KDX20"}','8','装箱','3','WL', '2018-05-05 15:31:07.356', '2018-05-05 15:31:07.356');

INSERT INTO KDX
(id,EWM,GTId,status,HWType, createdAt, updatedAt)
VALUES
('22','{"type":"KDX","uuid":"KDX22"}','8','装箱','WL', '2018-05-05 15:31:07.356', '2018-05-05 15:31:07.356'),
('25','{"type":"KDX","uuid":"KDX25"}','7','装箱','WL', '2018-05-05 15:31:07.356', '2018-05-05 15:31:07.356'),
('28','{"type":"KDX","uuid":"KDX28"}','7','装箱','WL', '2018-05-05 15:31:07.356', '2018-05-05 15:31:07.356'),
('31','{"type":"KDX","uuid":"KDX31"}','8','装箱','WL', '2018-05-05 15:31:07.356', '2018-05-05 15:31:07.356'),
('34','{"type":"KDX","uuid":"KDX34"}','8','装箱','WL', '2018-05-05 15:31:07.356', '2018-05-05 15:31:07.356'),
('37','{"type":"KDX","uuid":"KDX37"}','8','装箱','DP', '2018-05-05 15:31:07.356', '2018-05-05 15:31:07.356'),
('40','{"type":"KDX","uuid":"KDX40"}','7','装箱','DP', '2018-05-05 15:31:07.356', '2018-05-05 15:31:07.356'),
('43','{"type":"KDX","uuid":"KDX43"}','7','装箱','DP', '2018-05-05 15:31:07.356', '2018-05-05 15:31:07.356'),
('46','{"type":"KDX","uuid":"KDX46"}','8','装箱','DP', '2018-05-05 15:31:07.356', '2018-05-05 15:31:07.356'),
('49','{"type":"KDX","uuid":"KDX49"}','8','装箱','DP', '2018-05-05 15:31:07.356', '2018-05-05 15:31:07.356');

INSERT INTO KDXCZ
(id,KDXId,status,UserId, createdAt, updatedAt)
VALUES
('1','1','装箱','30', '2018-05-05 15:31:07.356', '2018-05-05 15:31:07.356'),
('2','2','装箱','32', '2018-05-05 15:31:07.356', '2018-05-05 15:31:07.356'),
('3','3','装箱','32', '2018-05-05 15:31:07.356', '2018-05-05 15:31:07.356'),
('4','3','发货','32', '2018-05-05 15:31:07.356', '2018-05-05 15:31:07.356'),
('5','4','装箱','32', '2018-05-05 15:31:07.356', '2018-05-05 15:31:07.356'),
('6','4','发货','32', '2018-05-05 15:31:07.356', '2018-05-05 15:31:07.356'),
('7','4','收箱','24', '2018-05-05 15:31:07.356', '2018-05-05 15:31:07.356'),
('8','5','装箱','32', '2018-05-05 15:31:07.356', '2018-05-05 15:31:07.356'),
('9','5','发货','32', '2018-05-05 15:31:07.356', '2018-05-05 15:31:07.356'),
('10','5','收箱','24', '2018-05-05 15:31:07.356', '2018-05-05 15:31:07.356'),
('11','6','装箱','32', '2018-05-05 15:31:07.356', '2018-05-05 15:31:07.356'),
('12','7','装箱','32', '2018-05-05 15:31:07.356', '2018-05-05 15:31:07.356'),
('13','6','发货','32', '2018-05-05 15:31:07.356', '2018-05-05 15:31:07.356'),
('14','7','发货','32', '2018-05-05 15:31:07.356', '2018-05-05 15:31:07.356'),
('15','6','收箱','24', '2018-05-05 15:31:07.356', '2018-05-05 15:31:07.356'),
('16','7','收箱','24', '2018-05-05 15:31:07.356', '2018-05-05 15:31:07.356'),
('17','8','装箱','33', '2018-05-05 15:31:07.356', '2018-05-05 15:31:07.356'),
('18','8','发货','33', '2018-05-05 15:31:07.356', '2018-05-05 15:31:07.356'),
('19','8','收箱','25', '2018-05-05 15:31:07.356', '2018-05-05 15:31:07.356'),
('20','9','装箱','32', '2018-05-05 15:31:07.356', '2018-05-05 15:31:07.356'),
('21','10','装箱','32', '2018-05-05 15:31:07.356', '2018-05-05 15:31:07.356'),
('22','10','发货','32', '2018-05-05 15:31:07.356', '2018-05-05 15:31:07.356'),
('23','11','装箱','32', '2018-05-05 15:31:07.356', '2018-05-05 15:31:07.356'),
('24','12','装箱','32', '2018-05-05 15:31:07.356', '2018-05-05 15:31:07.356'),
('25','11','发货','32', '2018-05-05 15:31:07.356', '2018-05-05 15:31:07.356'),
('26','12','发货','32', '2018-05-05 15:31:07.356', '2018-05-05 15:31:07.356'),
('27','11','收箱','24', '2018-05-05 15:31:07.356', '2018-05-05 15:31:07.356'),
('28','12','收箱','24', '2018-05-05 15:31:07.356', '2018-05-05 15:31:07.356'),
('29','13','装箱','32', '2018-05-05 15:31:07.356', '2018-05-05 15:31:07.356'),
('30','14','装箱','32', '2018-05-05 15:31:07.356', '2018-05-05 15:31:07.356'),
('31','13','发货','32', '2018-05-05 15:31:07.356', '2018-05-05 15:31:07.356'),
('32','14','发货','32', '2018-05-05 15:31:07.356', '2018-05-05 15:31:07.356'),
('33','13','收箱','24', '2018-05-05 15:31:07.356', '2018-05-05 15:31:07.356'),
('34','14','收箱','24', '2018-05-05 15:31:07.356', '2018-05-05 15:31:07.356'),
('35','15','装箱','33', '2018-05-05 15:31:07.356', '2018-05-05 15:31:07.356'),
('36','15','发货','33', '2018-05-05 15:31:07.356', '2018-05-05 15:31:07.356'),
('37','15','收箱','25', '2018-05-05 15:31:07.356', '2018-05-05 15:31:07.356'),
('38','16','装箱','30', '2018-05-05 15:31:07.356', '2018-05-05 15:31:07.356'),
('39','16','发货','30', '2018-05-05 15:31:07.356', '2018-05-05 15:31:07.356'),
('40','16','收箱','26', '2018-05-05 15:31:07.356', '2018-05-05 15:31:07.356'),
('41','17','装箱','32', '2018-05-05 15:31:07.356', '2018-05-05 15:31:07.356'),
('42','17','发货','32', '2018-05-05 15:31:07.356', '2018-05-05 15:31:07.356'),
('43','17','收箱','26', '2018-05-05 15:31:07.356', '2018-05-05 15:31:07.356'),
('44','18','装箱','32', '2018-05-05 15:31:07.356', '2018-05-05 15:31:07.356'),
('45','19','装箱','32', '2018-05-05 15:31:07.356', '2018-05-05 15:31:07.356'),
('46','18','发货','32', '2018-05-05 15:31:07.356', '2018-05-05 15:31:07.356'),
('47','19','发货','32', '2018-05-05 15:31:07.356', '2018-05-05 15:31:07.356'),
('48','18','收箱','26', '2018-05-05 15:31:07.356', '2018-05-05 15:31:07.356'),
('49','19','收箱','26', '2018-05-05 15:31:07.356', '2018-05-05 15:31:07.356'),
('50','20','装箱','33', '2018-05-05 15:31:07.356', '2018-05-05 15:31:07.356'),
('102','21','装箱','30', '2018-05-05 15:31:07.356', '2018-05-05 15:31:07.356'),
('103','21','发货','30', '2018-05-05 15:31:07.356', '2018-05-05 15:31:07.356'),
('104','21','收箱','26', '2018-05-05 15:31:07.356', '2018-05-05 15:31:07.356');

INSERT INTO WYWL
(id,EWM,status,WLId,GYSId, createdAt, updatedAt)
VALUES
('1','{"type":"WL","typeId":8,"uuid":"8_1"}','入库','8','3', '2018-05-05 15:31:07.356', '2018-05-05 15:31:07.356'),
('2','{"type":"WL","typeId":8,"uuid":"8_2"}','入库','8','3', '2018-05-05 15:31:07.356', '2018-05-05 15:31:07.356'),
('3','{"type":"WL","typeId":8,"uuid":"8_3"}','入库','8','3', '2018-05-05 15:31:07.356', '2018-05-05 15:31:07.356'),
('4','{"type":"WL","typeId":8,"uuid":"8_4"}','入库','8','3', '2018-05-05 15:31:07.356', '2018-05-05 15:31:07.356'),
('5','{"type":"WL","typeId": 11,"uuid":"11_1"}','入库','11','3', '2018-05-05 15:31:07.356', '2018-05-05 15:31:07.356'),
('6','{"type":"WL","typeId":11,"uuid":"11_2"}','入库','11','3', '2018-05-05 15:31:07.356', '2018-05-05 15:31:07.356'),
('7','{"type":"WL","typeId":12,"uuid":"12_X1"}','入库','12','2', '2018-05-05 15:31:07.356', '2018-05-05 15:31:07.356'),
('8','{"type":"WL","typeId":12,"uuid":"12_X2"}','出库','12','2', '2018-05-05 15:31:07.356', '2018-05-05 15:31:07.356'),
('9','{"type":"WL","typeId":12,"uuid":"12_X3"}','消库','12','2', '2018-05-05 15:31:07.356', '2018-05-05 15:31:07.356'),
('10','{"type":"WL","typeId":12,"uuid":"12_X4"}','消库','12','1', '2018-05-05 15:31:07.356', '2018-05-05 15:31:07.356'),
('11','{"type":"WL","typeId":15,"uuid":"15_2"}','入库','15','3', '2018-05-05 15:31:07.356', '2018-05-05 15:31:07.356'),
('12','{"type":"WL","typeId":15,"uuid":"15_3"}','入库','15','3', '2018-05-05 15:31:07.356', '2018-05-05 15:31:07.356'),
('13','{"type":"WL","typeId":15,"uuid":"15_4"}','入库','15','3', '2018-05-05 15:31:07.356', '2018-05-05 15:31:07.356'),
('105','{"type":"WL","typeId":15,"uuid":"15_5"}','入库','15','1', '2018-05-05 15:31:07.356', '2018-05-05 15:31:07.356');

INSERT INTO WYWL
(id,EWM,status,WLId,GYSId,DDGTWLId,KDXId, createdAt, updatedAt)
VALUES
('14','{"type":"WL","typeId":14,"uuid":"14_1"}','装箱','14','1','8','1', '2018-05-05 15:31:07.356', '2018-05-05 15:31:07.356'),
('15','{"type":"WL","typeId":15,"uuid":"15_1"}','装箱','15','3','9','20', '2018-05-05 15:31:07.356', '2018-05-05 15:31:07.356'),
('16','{"type":"WL","typeId":16,"uuid":"16_1"}','装箱','16','2','10','2', '2018-05-05 15:31:07.356', '2018-05-05 15:31:07.356'),
('17','{"type":"WL","typeId":16,"uuid":"16_2"}','装箱','16','2','10','2', '2018-05-05 15:31:07.356', '2018-05-05 15:31:07.356'),
('18','{"type":"WL","typeId":16,"uuid":"16_3"}','装箱','16','2','10','2', '2018-05-05 15:31:07.356', '2018-05-05 15:31:07.356'),
('19','{"type":"WL","typeId":16,"uuid":"16_4"}','装箱','16','2','10','2', '2018-05-05 15:31:07.356', '2018-05-05 15:31:07.356'),
('20','{"type":"WL","typeId":17,"uuid":"17_1"}','发货','17','2','11','3', '2018-05-05 15:31:07.356', '2018-05-05 15:31:07.356'),
('21','{"type":"WL","typeId":17,"uuid":"17_2"}','发货','17','2','11','3', '2018-05-05 15:31:07.356', '2018-05-05 15:31:07.356'),
('22','{"type":"WL","typeId":17,"uuid":"17_3"}','发货','17','2','11','3', '2018-05-05 15:31:07.356', '2018-05-05 15:31:07.356'),
('23','{"type":"WL","typeId":17,"uuid":"17_4"}','发货','17','2','11','3', '2018-05-05 15:31:07.356', '2018-05-05 15:31:07.356'),
('24','{"type":"WL","typeId":18,"uuid":"18_1"}','收箱','18','2','12','4', '2018-05-05 15:31:07.356', '2018-05-05 15:31:07.356'),
('25','{"type":"WL","typeId":18,"uuid":"18_2"}','收箱','18','2','12','4', '2018-05-05 15:31:07.356', '2018-05-05 15:31:07.356'),
('26','{"type":"WL","typeId":18,"uuid":"18_3"}','收箱','18','2','12','4', '2018-05-05 15:31:07.356', '2018-05-05 15:31:07.356'),
('27','{"type":"WL","typeId":18,"uuid":"18_4"}','收箱','18','2','12','4', '2018-05-05 15:31:07.356', '2018-05-05 15:31:07.356'),
('28','{"type":"WL","typeId":19,"uuid":"19_1"}','收箱','19','2','13','4', '2018-05-05 15:31:07.356', '2018-05-05 15:31:07.356'),
('29','{"type":"WL","typeId":19,"uuid":"19_2"}','收箱','19','2','13','4', '2018-05-05 15:31:07.356', '2018-05-05 15:31:07.356'),
('30','{"type":"WL","typeId":20,"uuid":"20_1"}','收箱','20','2','14','4', '2018-05-05 15:31:07.356', '2018-05-05 15:31:07.356'),
('31','{"type":"WL","typeId":20,"uuid":"20_2"}','收箱','20','2','14','4', '2018-05-05 15:31:07.356', '2018-05-05 15:31:07.356'),
('32','{"type":"WL","typeId":19,"uuid":"19_3"}','收货','19','2','13','5', '2018-05-05 15:31:07.356', '2018-05-05 15:31:07.356'),
('33','{"type":"WL","typeId":19,"uuid":"19_4"}','收货','19','2','13','5', '2018-05-05 15:31:07.356', '2018-05-05 15:31:07.356'),
('34','{"type":"WL","typeId":20,"uuid":"20_3"}','收货','20','2','14','5', '2018-05-05 15:31:07.356', '2018-05-05 15:31:07.356'),
('35','{"type":"WL","typeId":20,"uuid":"20_4"}','收货','20','2','14','5', '2018-05-05 15:31:07.356', '2018-05-05 15:31:07.356'),
('47','{"type":"WL","typeId":26,"uuid":"26_1"}','收箱','26','1','20','16', '2018-05-05 15:31:07.356', '2018-05-05 15:31:07.356'),
('48','{"type":"WL","typeId":26,"uuid":"26_2"}','收箱','26','1','20','16', '2018-05-05 15:31:07.356', '2018-05-05 15:31:07.356'),
('49','{"type":"WL","typeId":27,"uuid":"27_1"}','收箱','27','1','21','16', '2018-05-05 15:31:07.356', '2018-05-05 15:31:07.356'),
('50','{"type":"WL","typeId":27,"uuid":"27_2"}','收货','27','1','21','16', '2018-05-05 15:31:07.356', '2018-05-05 15:31:07.356');

INSERT INTO WYWL
(id,EWM,status,WLId,GYSId,DDGTWLId,KDXId,AZFKType,imageUrl, createdAt, updatedAt)
VALUES
('36','{"type":"WL","typeId":21,"uuid":"21_1"}','反馈','21','2','15','6','安装成功','imageUrlWL21_1', '2018-05-05 15:31:07.356', '2018-05-05 15:31:07.356'),
('37','{"type":"WL","typeId":21,"uuid":"21_2"}','反馈','21','2','15','6','安装成功','imageUrlWL21_2', '2018-05-05 15:31:07.356', '2018-05-05 15:31:07.356'),
('38','{"type":"WL","typeId":21,"uuid":"21_3"}','反馈','21','2','15','6','安装成功','imageUrlWL21_3', '2018-05-05 15:31:07.356', '2018-05-05 15:31:07.356'),
('39','{"type":"WL","typeId":21,"uuid":"21_4"}','反馈','21','2','15','6','安装成功','imageUrlWL21_4', '2018-05-05 15:31:07.356', '2018-05-05 15:31:07.356'),
('40','{"type":"WL","typeId":22,"uuid":"22_1"}','反馈','22','2','16','7','安装成功','imageUrlWL22_1', '2018-05-05 15:31:07.356', '2018-05-05 15:31:07.356'),
('41','{"type":"WL","typeId":22,"uuid":"22_2"}','反馈','22','2','16','7','安装成功','imageUrlWL22_2', '2018-05-05 15:31:07.356', '2018-05-05 15:31:07.356'),
('42','{"type":"WL","typeId":22,"uuid":"22_3"}','反馈','22','2','16','7','丢失','imageUrlWL22_3', '2018-05-05 15:31:07.356', '2018-05-05 15:31:07.356'),
('43','{"type":"WL","typeId":22,"uuid":"22_4"}','反馈','22','2','16','7','丢失','imageUrlWL22_4', '2018-05-05 15:31:07.356', '2018-05-05 15:31:07.356'),
('44','{"type":"WL","typeId":23,"uuid":"23_1"}','反馈','23','3','17','8','丢失','imageUrlWL23_1', '2018-05-05 15:31:07.356', '2018-05-05 15:31:07.356'),
('45','{"type":"WL","typeId":24,"uuid":"24_1"}','反馈','24','3','18','8','丢失','imageUrlWL24_1', '2018-05-05 15:31:07.356', '2018-05-05 15:31:07.356'),
('46','{"type":"WL","typeId":25,"uuid":"25_1"}','反馈','25','3','19','8','丢失','imageUrlWL25_1', '2018-05-05 15:31:07.356', '2018-05-05 15:31:07.356'),
('51','{"type":"WL","typeId":28,"uuid":"28_1"}','反馈','28','2','22','17','安装成功','imageUrlWL28_1', '2018-05-05 15:31:07.356', '2018-05-05 15:31:07.356'),
('52','{"type":"WL","typeId":28,"uuid":"28_2"}','反馈','28','2','22','17','安装成功','imageUrlWL28_2', '2018-05-05 15:31:07.356', '2018-05-05 15:31:07.356'),
('102','{"type":"WL","typeId":31,"uuid":"31_1"}','反馈','31','2','27','53','安装成功','imageUrlWL31_1', '2018-05-05 15:31:07.356', '2018-05-05 15:31:07.356'),
('103','{"type":"WL","typeId":31,"uuid":"31_2"}','反馈','31','2','27','53','安装成功','imageUrlWL31_2', '2018-05-05 15:31:07.356', '2018-05-05 15:31:07.356'),
('104','{"type":"WL","typeId":30,"uuid":"30_2"}','反馈','30','2','28','52','安装成功','imageUrlWL30_1', '2018-05-05 15:31:07.356', '2018-05-05 15:31:07.356');

INSERT INTO WYWLCZ
(id,WYWLId,status,UserId, createdAt, updatedAt)
VALUES
('1','1','入库','33', '2018-05-05 15:31:07.356', '2018-05-05 15:31:07.356'),
('2','2','入库','33', '2018-05-05 15:31:07.356', '2018-05-05 15:31:07.356'),
('3','3','入库','33', '2018-05-05 15:31:07.356', '2018-05-05 15:31:07.356'),
('4','4','入库','33', '2018-05-05 15:31:07.356', '2018-05-05 15:31:07.356'),
('5','5','入库','33', '2018-05-05 15:31:07.356', '2018-05-05 15:31:07.356'),
('6','6','入库','33', '2018-05-05 15:31:07.356', '2018-05-05 15:31:07.356'),
('7','7','入库','32', '2018-05-05 15:31:07.356', '2018-05-05 15:31:07.356'),
('8','8','入库','32', '2018-05-05 15:31:07.356', '2018-05-05 15:31:07.356'),
('9','8','出库','32', '2018-05-05 15:31:07.356', '2018-05-05 15:31:07.356'),
('10','9','入库','32', '2018-05-05 15:31:07.356', '2018-05-05 15:31:07.356'),
('11','9','消库','32', '2018-05-05 15:31:07.356', '2018-05-05 15:31:07.356'),
('12','10','入库','30', '2018-05-05 15:31:07.356', '2018-05-05 15:31:07.356'),
('13','10','消库','30', '2018-05-05 15:31:07.356', '2018-05-05 15:31:07.356'),
('14','11','入库','33', '2018-05-05 15:31:07.356', '2018-05-05 15:31:07.356'),
('15','12','入库','33', '2018-05-05 15:31:07.356', '2018-05-05 15:31:07.356'),
('16','13','入库','33', '2018-05-05 15:31:07.356', '2018-05-05 15:31:07.356'),
('17','14','装箱','30', '2018-05-05 15:31:07.356', '2018-05-05 15:31:07.356'),
('18','15','装箱','33', '2018-05-05 15:31:07.356', '2018-05-05 15:31:07.356'),
('19','16','装箱','32', '2018-05-05 15:31:07.356', '2018-05-05 15:31:07.356'),
('20','17','装箱','32', '2018-05-05 15:31:07.356', '2018-05-05 15:31:07.356'),
('21','18','装箱','32', '2018-05-05 15:31:07.356', '2018-05-05 15:31:07.356'),
('22','19','装箱','32', '2018-05-05 15:31:07.356', '2018-05-05 15:31:07.356'),
('23','20','装箱','32', '2018-05-05 15:31:07.356', '2018-05-05 15:31:07.356'),
('24','21','装箱','32', '2018-05-05 15:31:07.356', '2018-05-05 15:31:07.356'),
('25','22','装箱','32', '2018-05-05 15:31:07.356', '2018-05-05 15:31:07.356'),
('26','23','装箱','32', '2018-05-05 15:31:07.356', '2018-05-05 15:31:07.356'),
('27','20','发货','32', '2018-05-05 15:31:07.356', '2018-05-05 15:31:07.356'),
('28','21','发货','32', '2018-05-05 15:31:07.356', '2018-05-05 15:31:07.356'),
('29','22','发货','32', '2018-05-05 15:31:07.356', '2018-05-05 15:31:07.356'),
('30','23','发货','32', '2018-05-05 15:31:07.356', '2018-05-05 15:31:07.356'),
('31','24','装箱','32', '2018-05-05 15:31:07.356', '2018-05-05 15:31:07.356'),
('32','25','装箱','32', '2018-05-05 15:31:07.356', '2018-05-05 15:31:07.356'),
('33','26','装箱','32', '2018-05-05 15:31:07.356', '2018-05-05 15:31:07.356'),
('34','27','装箱','32', '2018-05-05 15:31:07.356', '2018-05-05 15:31:07.356'),
('35','28','装箱','32', '2018-05-05 15:31:07.356', '2018-05-05 15:31:07.356'),
('36','29','装箱','32', '2018-05-05 15:31:07.356', '2018-05-05 15:31:07.356'),
('37','30','装箱','32', '2018-05-05 15:31:07.356', '2018-05-05 15:31:07.356'),
('38','31','装箱','32', '2018-05-05 15:31:07.356', '2018-05-05 15:31:07.356'),
('39','24','发货','32', '2018-05-05 15:31:07.356', '2018-05-05 15:31:07.356'),
('40','25','发货','32', '2018-05-05 15:31:07.356', '2018-05-05 15:31:07.356'),
('41','26','发货','32', '2018-05-05 15:31:07.356', '2018-05-05 15:31:07.356'),
('42','27','发货','32', '2018-05-05 15:31:07.356', '2018-05-05 15:31:07.356'),
('43','28','发货','32', '2018-05-05 15:31:07.356', '2018-05-05 15:31:07.356'),
('44','29','发货','32', '2018-05-05 15:31:07.356', '2018-05-05 15:31:07.356'),
('45','30','发货','32', '2018-05-05 15:31:07.356', '2018-05-05 15:31:07.356'),
('46','31','发货','32', '2018-05-05 15:31:07.356', '2018-05-05 15:31:07.356'),
('47','24','收箱','24', '2018-05-05 15:31:07.356', '2018-05-05 15:31:07.356'),
('48','25','收箱','24', '2018-05-05 15:31:07.356', '2018-05-05 15:31:07.356'),
('49','26','收箱','24', '2018-05-05 15:31:07.356', '2018-05-05 15:31:07.356'),
('50','27','收箱','24', '2018-05-05 15:31:07.356', '2018-05-05 15:31:07.356'),
('51','28','收箱','24', '2018-05-05 15:31:07.356', '2018-05-05 15:31:07.356'),
('52','29','收箱','24', '2018-05-05 15:31:07.356', '2018-05-05 15:31:07.356'),
('53','30','收箱','24', '2018-05-05 15:31:07.356', '2018-05-05 15:31:07.356'),
('54','31','收箱','24', '2018-05-05 15:31:07.356', '2018-05-05 15:31:07.356'),
('55','32','装箱','32', '2018-05-05 15:31:07.356', '2018-05-05 15:31:07.356'),
('56','33','装箱','32', '2018-05-05 15:31:07.356', '2018-05-05 15:31:07.356'),
('57','34','装箱','32', '2018-05-05 15:31:07.356', '2018-05-05 15:31:07.356'),
('58','35','装箱','32', '2018-05-05 15:31:07.356', '2018-05-05 15:31:07.356'),
('59','32','发货','32', '2018-05-05 15:31:07.356', '2018-05-05 15:31:07.356'),
('60','33','发货','32', '2018-05-05 15:31:07.356', '2018-05-05 15:31:07.356'),
('61','34','发货','32', '2018-05-05 15:31:07.356', '2018-05-05 15:31:07.356'),
('62','35','发货','32', '2018-05-05 15:31:07.356', '2018-05-05 15:31:07.356'),
('63','32','收箱','24', '2018-05-05 15:31:07.356', '2018-05-05 15:31:07.356'),
('64','33','收箱','24', '2018-05-05 15:31:07.356', '2018-05-05 15:31:07.356'),
('65','34','收箱','24', '2018-05-05 15:31:07.356', '2018-05-05 15:31:07.356'),
('66','35','收箱','24', '2018-05-05 15:31:07.356', '2018-05-05 15:31:07.356'),
('67','32','收货','36', '2018-05-05 15:31:07.356', '2018-05-05 15:31:07.356'),
('68','33','收货','36', '2018-05-05 15:31:07.356', '2018-05-05 15:31:07.356'),
('69','34','收货','38', '2018-05-05 15:31:07.356', '2018-05-05 15:31:07.356'),
('70','35','收货','38', '2018-05-05 15:31:07.356', '2018-05-05 15:31:07.356'),
('71','36','装箱','32', '2018-05-05 15:31:07.356', '2018-05-05 15:31:07.356'),
('72','37','装箱','32', '2018-05-05 15:31:07.356', '2018-05-05 15:31:07.356'),
('73','38','装箱','32', '2018-05-05 15:31:07.356', '2018-05-05 15:31:07.356'),
('74','39','装箱','32', '2018-05-05 15:31:07.356', '2018-05-05 15:31:07.356'),
('75','36','发货','32', '2018-05-05 15:31:07.356', '2018-05-05 15:31:07.356'),
('76','37','发货','32', '2018-05-05 15:31:07.356', '2018-05-05 15:31:07.356'),
('77','38','发货','32', '2018-05-05 15:31:07.356', '2018-05-05 15:31:07.356'),
('78','39','发货','32', '2018-05-05 15:31:07.356', '2018-05-05 15:31:07.356'),
('79','36','收箱','24', '2018-05-05 15:31:07.356', '2018-05-05 15:31:07.356'),
('80','37','收箱','24', '2018-05-05 15:31:07.356', '2018-05-05 15:31:07.356'),
('81','38','收箱','24', '2018-05-05 15:31:07.356', '2018-05-05 15:31:07.356'),
('82','39','收箱','24', '2018-05-05 15:31:07.356', '2018-05-05 15:31:07.356'),
('83','36','收货','38', '2018-05-05 15:31:07.356', '2018-05-05 15:31:07.356'),
('84','37','收货','38', '2018-05-05 15:31:07.356', '2018-05-05 15:31:07.356'),
('85','38','收货','38', '2018-05-05 15:31:07.356', '2018-05-05 15:31:07.356'),
('86','39','收货','38', '2018-05-05 15:31:07.356', '2018-05-05 15:31:07.356'),
('87','36','反馈','38', '2018-05-05 15:31:07.356', '2018-05-05 15:31:07.356'),
('88','37','反馈','38', '2018-05-05 15:31:07.356', '2018-05-05 15:31:07.356'),
('89','38','反馈','38', '2018-05-05 15:31:07.356', '2018-05-05 15:31:07.356'),
('90','39','反馈','38', '2018-05-05 15:31:07.356', '2018-05-05 15:31:07.356'),
('91','40','发货','32', '2018-05-05 15:31:07.356', '2018-05-05 15:31:07.356'),
('92','41','发货','32', '2018-05-05 15:31:07.356', '2018-05-05 15:31:07.356'),
('93','42','发货','32', '2018-05-05 15:31:07.356', '2018-05-05 15:31:07.356'),
('94','43','发货','32', '2018-05-05 15:31:07.356', '2018-05-05 15:31:07.356'),
('95','40','收箱','24', '2018-05-05 15:31:07.356', '2018-05-05 15:31:07.356'),
('96','41','收箱','24', '2018-05-05 15:31:07.356', '2018-05-05 15:31:07.356'),
('97','42','收箱','24', '2018-05-05 15:31:07.356', '2018-05-05 15:31:07.356'),
('98','43','收箱','24', '2018-05-05 15:31:07.356', '2018-05-05 15:31:07.356'),
('99','40','收货','38', '2018-05-05 15:31:07.356', '2018-05-05 15:31:07.356'),
('100','41','收货','38', '2018-05-05 15:31:07.356', '2018-05-05 15:31:07.356'),
('101','42','收货','38', '2018-05-05 15:31:07.356', '2018-05-05 15:31:07.356'),
('102','43','收货','38', '2018-05-05 15:31:07.356', '2018-05-05 15:31:07.356'),
('103','40','反馈','38', '2018-05-05 15:31:07.356', '2018-05-05 15:31:07.356'),
('104','41','反馈','38', '2018-05-05 15:31:07.356', '2018-05-05 15:31:07.356'),
('105','42','反馈','38', '2018-05-05 15:31:07.356', '2018-05-05 15:31:07.356'),
('106','43','反馈','38', '2018-05-05 15:31:07.356', '2018-05-05 15:31:07.356'),
('107','44','装箱','33', '2018-05-05 15:31:07.356', '2018-05-05 15:31:07.356'),
('108','45','装箱','33', '2018-05-05 15:31:07.356', '2018-05-05 15:31:07.356'),
('109','46','装箱','33', '2018-05-05 15:31:07.356', '2018-05-05 15:31:07.356'),
('110','44','发货','33', '2018-05-05 15:31:07.356', '2018-05-05 15:31:07.356'),
('111','45','发货','33', '2018-05-05 15:31:07.356', '2018-05-05 15:31:07.356'),
('112','46','发货','33', '2018-05-05 15:31:07.356', '2018-05-05 15:31:07.356'),
('113','44','收箱','25', '2018-05-05 15:31:07.356', '2018-05-05 15:31:07.356'),
('114','45','收箱','25', '2018-05-05 15:31:07.356', '2018-05-05 15:31:07.356'),
('115','46','收箱','25', '2018-05-05 15:31:07.356', '2018-05-05 15:31:07.356'),
('116','44','收货','38', '2018-05-05 15:31:07.356', '2018-05-05 15:31:07.356'),
('117','45','收货','38', '2018-05-05 15:31:07.356', '2018-05-05 15:31:07.356'),
('118','46','收货','38', '2018-05-05 15:31:07.356', '2018-05-05 15:31:07.356'),
('119','44','反馈','38', '2018-05-05 15:31:07.356', '2018-05-05 15:31:07.356'),
('120','45','反馈','38', '2018-05-05 15:31:07.356', '2018-05-05 15:31:07.356'),
('121','46','反馈','38', '2018-05-05 15:31:07.356', '2018-05-05 15:31:07.356'),
('122','47','装箱','30', '2018-05-05 15:31:07.356', '2018-05-05 15:31:07.356'),
('123','48','装箱','30', '2018-05-05 15:31:07.356', '2018-05-05 15:31:07.356'),
('124','49','装箱','30', '2018-05-05 15:31:07.356', '2018-05-05 15:31:07.356'),
('125','47','发货','30', '2018-05-05 15:31:07.356', '2018-05-05 15:31:07.356'),
('126','48','发货','30', '2018-05-05 15:31:07.356', '2018-05-05 15:31:07.356'),
('127','49','发货','30', '2018-05-05 15:31:07.356', '2018-05-05 15:31:07.356'),
('128','47','收箱','26', '2018-05-05 15:31:07.356', '2018-05-05 15:31:07.356'),
('129','48','收箱','26', '2018-05-05 15:31:07.356', '2018-05-05 15:31:07.356'),
('130','49','收箱','26', '2018-05-05 15:31:07.356', '2018-05-05 15:31:07.356'),
('131','50','装箱','30', '2018-05-05 15:31:07.356', '2018-05-05 15:31:07.356'),
('132','50','发货','30', '2018-05-05 15:31:07.356', '2018-05-05 15:31:07.356'),
('133','50','收箱','26', '2018-05-05 15:31:07.356', '2018-05-05 15:31:07.356'),
('134','50','收货','26', '2018-05-05 15:31:07.356', '2018-05-05 15:31:07.356'),
('135','51','装箱','32', '2018-05-05 15:31:07.356', '2018-05-05 15:31:07.356'),
('136','52','装箱','32', '2018-05-05 15:31:07.356', '2018-05-05 15:31:07.356'),
('137','51','发货','32', '2018-05-05 15:31:07.356', '2018-05-05 15:31:07.356'),
('138','52','发货','32', '2018-05-05 15:31:07.356', '2018-05-05 15:31:07.356'),
('139','51','收箱','26', '2018-05-05 15:31:07.356', '2018-05-05 15:31:07.356'),
('140','52','收箱','26', '2018-05-05 15:31:07.356', '2018-05-05 15:31:07.356'),
('141','51','收货','26', '2018-05-05 15:31:07.356', '2018-05-05 15:31:07.356'),
('142','52','收货','26', '2018-05-05 15:31:07.356', '2018-05-05 15:31:07.356'),
('143','51','反馈','26', '2018-05-05 15:31:07.356', '2018-05-05 15:31:07.356'),
('144','52','反馈','26', '2018-05-05 15:31:07.356', '2018-05-05 15:31:07.356'),
('145','102','装箱','32', '2018-05-05 15:31:07.356', '2018-05-05 15:31:07.356'),
('146','103','装箱','32', '2018-05-05 15:31:07.356', '2018-05-05 15:31:07.356'),
('147','104','装箱','32', '2018-05-05 15:31:07.356', '2018-05-05 15:31:07.356'),
('148','102','发货','32', '2018-05-05 15:31:07.356', '2018-05-05 15:31:07.356'),
('149','103','发货','32', '2018-05-05 15:31:07.356', '2018-05-05 15:31:07.356'),
('150','104','发货','32', '2018-05-05 15:31:07.356', '2018-05-05 15:31:07.356'),
('151','102','收箱','26', '2018-05-05 15:31:07.356', '2018-05-05 15:31:07.356'),
('152','103','收箱','26', '2018-05-05 15:31:07.356', '2018-05-05 15:31:07.356'),
('153','104','收箱','25', '2018-05-05 15:31:07.356', '2018-05-05 15:31:07.356'),
('154','102','收货','38', '2018-05-05 15:31:07.356', '2018-05-05 15:31:07.356'),
('155','103','收货','38', '2018-05-05 15:31:07.356', '2018-05-05 15:31:07.356'),
('156','104','收货','26', '2018-05-05 15:31:07.356', '2018-05-05 15:31:07.356'),
('157','102','反馈','38', '2018-05-05 15:31:07.356', '2018-05-05 15:31:07.356'),
('158','103','反馈','38', '2018-05-05 15:31:07.356', '2018-05-05 15:31:07.356'),
('159','104','反馈','26', '2018-05-05 15:31:07.356', '2018-05-05 15:31:07.356'),
('160','105','入库','30', '2018-05-05 15:31:07.356', '2018-05-05 15:31:07.356');

INSERT INTO DD_DW_DPSnapshot
(id,DDId,DWId,DPId,CZ,CC, createdAt, updatedAt)
VALUES
('1','1','8','5','100*100','铜板', '2018-05-05 15:31:07.356', '2018-05-05 15:31:07.356'),
('2','1','9','6','100*100','铜板', '2018-05-05 15:31:07.356', '2018-05-05 15:31:07.356'),
('3','1','10','7','200*100','铜板', '2018-05-05 15:31:07.356', '2018-05-05 15:31:07.356'),
('4','2','11','8','100*100','铜板', '2018-05-05 15:31:07.356', '2018-05-05 15:31:07.356'),
('5','2','12','9','100*100','铜板', '2018-05-05 15:31:07.356', '2018-05-05 15:31:07.356'),
('6','2','13','10','200*100','铜板', '2018-05-05 15:31:07.356', '2018-05-05 15:31:07.356'),
('7','2','14','11','200*100','铜板', '2018-05-05 15:31:07.356', '2018-05-05 15:31:07.356'),
('30','5','35','32','100*100','铜板', '2018-05-05 15:31:07.356', '2018-05-05 15:31:07.356'),
('31','5','36','33','100*100','铜板', '2018-05-05 15:31:07.356', '2018-05-05 15:31:07.356'),
('32','5','37','34','200*100','铜板', '2018-05-05 15:31:07.356', '2018-05-05 15:31:07.356'),
('33','5','38','35','200*100','铜板', '2018-05-05 15:31:07.356', '2018-05-05 15:31:07.356'),
('34','5','39','36','200*100','铜板', '2018-05-05 15:31:07.356', '2018-05-05 15:31:07.356'),
('35','5','40','37','200*100','铜板', '2018-05-05 15:31:07.356', '2018-05-05 15:31:07.356'),
('36','5','41','38','200*100','铜板', '2018-05-05 15:31:07.356', '2018-05-05 15:31:07.356'),
('37','5','42','39','200*100','铜板', '2018-05-05 15:31:07.356', '2018-05-05 15:31:07.356'),
('38','5','43','40','200*100','铜板', '2018-05-05 15:31:07.356', '2018-05-05 15:31:07.356'),
('42','4','46','42','200*100','铜板', '2018-05-05 15:31:07.356', '2018-05-05 15:31:07.356'),
('43','4','47','43','200*100','铜板', '2018-05-05 15:31:07.356', '2018-05-05 15:31:07.356'),
('44','4','48','44','200*100','铜板', '2018-05-05 15:31:07.356', '2018-05-05 15:31:07.356'),
('8','3','15','12','100*100','铜板', '2018-05-05 15:31:07.356', '2018-05-05 15:31:07.356'),
('9','3','16','13','100*100','铜板', '2018-05-05 15:31:07.356', '2018-05-05 15:31:07.356'),
('10','3','17','14','200*100','铜板', '2018-05-05 15:31:07.356', '2018-05-05 15:31:07.356'),
('11','3','18','15','200*100','铜板', '2018-05-05 15:31:07.356', '2018-05-05 15:31:07.356'),
('12','3','19','16','200*100','铜板', '2018-05-05 15:31:07.356', '2018-05-05 15:31:07.356'),
('13','3','20','17','200*100','铜板', '2018-05-05 15:31:07.356', '2018-05-05 15:31:07.356'),
('14','3','21','18','200*100','铜板', '2018-05-05 15:31:07.356', '2018-05-05 15:31:07.356'),
('15','3','22','19','200*100','铜板', '2018-05-05 15:31:07.356', '2018-05-05 15:31:07.356'),
('16','3','23','20','200*100','铜板', '2018-05-05 15:31:07.356', '2018-05-05 15:31:07.356'),
('17','3','24','21','200*100','铜板', '2018-05-05 15:31:07.356', '2018-05-05 15:31:07.356'),
('18','3','25','22','200*100','铜板', '2018-05-05 15:31:07.356', '2018-05-05 15:31:07.356'),
('19','3','26','23','200*100','铜板', '2018-05-05 15:31:07.356', '2018-05-05 15:31:07.356'),
('20','3','27','24','200*100','铜板', '2018-05-05 15:31:07.356', '2018-05-05 15:31:07.356'),
('21','3','28','25','200*100','铜板', '2018-05-05 15:31:07.356', '2018-05-05 15:31:07.356'),
('22','3','29','26','200*100','铜板', '2018-05-05 15:31:07.356', '2018-05-05 15:31:07.356'),
('23','3','30','27','200*100','铜板', '2018-05-05 15:31:07.356', '2018-05-05 15:31:07.356'),
('24','3','31','28','200*100','铜板', '2018-05-05 15:31:07.356', '2018-05-05 15:31:07.356'),
('25','4','32','29','100*100','铜板', '2018-05-05 15:31:07.356', '2018-05-05 15:31:07.356'),
('26','4','33','30','100*100','铜板', '2018-05-05 15:31:07.356', '2018-05-05 15:31:07.356'),
('27','4','34','31','200*100','铜板', '2018-05-05 15:31:07.356', '2018-05-05 15:31:07.356'),
('28','3','44','12','100*100','铜板', '2018-05-05 15:31:07.356', '2018-05-05 15:31:07.356'),
('29','3','45','41','100*100','铜板', '2018-05-05 15:31:07.356', '2018-05-05 15:31:07.356'),
('39','5','49','45','100*100','铜板', '2018-05-05 15:31:07.356', '2018-05-05 15:31:07.356'),
('40','5','50','46','100*100','铜板', '2018-05-05 15:31:07.356', '2018-05-05 15:31:07.356'),
('41','5','51','47','200*100','铜板', '2018-05-05 15:31:07.356', '2018-05-05 15:31:07.356');

INSERT INTO DD_DW_DP
(id,DDId,DWId,DPId,GYSId,status,ZXNumber,CZ,CC, createdAt, updatedAt)
VALUES
('1','1','8','5','1','初始','0','100*100','铜板', '2018-05-05 15:31:07.356', '2018-05-05 15:31:07.356'),
('2','1','9','6','1','初始','0','100*100','铜板', '2018-05-05 15:31:07.356', '2018-05-05 15:31:07.356'),
('3','1','10','7','2','初始','0','200*100','铜板', '2018-05-05 15:31:07.356', '2018-05-05 15:31:07.356');

INSERT INTO DD_DW_DP
(id,DDId,DWId,DPId,GYSId,status,ZXNumber,AZGSId,CZ,CC, createdAt, updatedAt)
VALUES
('4','2','11','8','1','初始','0','1','100*100','铜板', '2018-05-05 15:31:07.356', '2018-05-05 15:31:07.356'),
('5','2','12','9','1','初始','0','1','100*100','铜板', '2018-05-05 15:31:07.356', '2018-05-05 15:31:07.356'),
('6','2','13','10','2','初始','0','2','200*100','铜板', '2018-05-05 15:31:07.356', '2018-05-05 15:31:07.356'),
('7','2','14','11','2','已分配发货供应商','0','2','200*100','铜板', '2018-05-05 15:31:07.356', '2018-05-05 15:31:07.356');

INSERT INTO DD_DW_DP
(id,DDId,DWId,DPId,GYSId,status,ZXNumber,CZ,CC, createdAt, updatedAt)
VALUES
('30','5','35','32','1','装箱完成','1','100*100','铜板', '2018-05-05 15:31:07.356', '2018-05-05 15:31:07.356'),
('31','5','36','33','1','装箱完成','1','100*100','铜板', '2018-05-05 15:31:07.356', '2018-05-05 15:31:07.356'),
('32','5','37','34','2','装箱完成','1','200*100','铜板', '2018-05-05 15:31:07.356', '2018-05-05 15:31:07.356'),
('33','5','38','35','2','收货','1','200*100','铜板', '2018-05-05 15:31:07.356', '2018-05-05 15:31:07.356'),
('34','5','39','36','2','收货','1','200*100','铜板', '2018-05-05 15:31:07.356', '2018-05-05 15:31:07.356'),
('35','5','40','37','2','收货','1','200*100','铜板', '2018-05-05 15:31:07.356', '2018-05-05 15:31:07.356'),
('36','5','41','38','2','收货','1','200*100','铜板', '2018-05-05 15:31:07.356', '2018-05-05 15:31:07.356'),
('37','5','42','39','2','收货','1','200*100','铜板', '2018-05-05 15:31:07.356', '2018-05-05 15:31:07.356'),
('38','5','43','40','2','收货','1','200*100','铜板', '2018-05-05 15:31:07.356', '2018-05-05 15:31:07.356'),
('42','4','46','42','2','可拍全景图','1','200*100','铜板', '2018-05-05 15:31:07.356', '2018-05-05 15:31:07.356'),
('43','4','47','43','2','可拍全景图','1','200*100','铜板', '2018-05-05 15:31:07.356', '2018-05-05 15:31:07.356'),
('44','4','48','44','2','可拍全景图','1','200*100','铜板', '2018-05-05 15:31:07.356', '2018-05-05 15:31:07.356');

INSERT INTO DD_DW_DP
(id,DDId,DWId,DPId,GYSId,status,ZXNumber,AZGSId,AZGUserId,YJRKDate,YJZXDate,YJAZDate,CZ,CC, createdAt, updatedAt)
VALUES
('8','3','15','12','1','已分配发货供应商','0','1','36','2018-2-2','2018-2-2','2018-2-2','100*100','铜板', '2018-05-05 15:31:07.356', '2018-05-05 15:31:07.356'),
('9','3','16','13','3','已分配发货供应商','0','1','37','2018-2-2','2018-2-2','2018-2-2','100*100','铜板', '2018-05-05 15:31:07.356', '2018-05-05 15:31:07.356'),
('10','3','17','14','2','装箱完成','1','1','36','2018-2-2','2018-2-2','2018-2-2','200*100','铜板', '2018-05-05 15:31:07.356', '2018-05-05 15:31:07.356'),
('11','3','18','15','2','装箱完成','1','1','37','2018-2-2','2018-2-2','2018-2-2','200*100','铜板', '2018-05-05 15:31:07.356', '2018-05-05 15:31:07.356'),
('12','3','19','16','2','装箱完成','1','2','38','2018-2-2','2018-2-2','2018-2-2','200*100','铜板', '2018-05-05 15:31:07.356', '2018-05-05 15:31:07.356'),
('13','3','20','17','2','装箱完成','1','2','38','2018-2-2','2018-2-2','2018-2-2','200*100','铜板', '2018-05-05 15:31:07.356', '2018-05-05 15:31:07.356'),
('14','3','21','18','2','装箱完成','1','2','38','2018-2-2','2018-2-2','2018-2-2','200*100','铜板', '2018-05-05 15:31:07.356', '2018-05-05 15:31:07.356'),
('15','3','22','19','2','装箱完成','1','2','38','2018-2-2','2018-2-2','2018-2-2','200*100','铜板', '2018-05-05 15:31:07.356', '2018-05-05 15:31:07.356'),
('16','3','23','20','2','收货','1','1','36','2018-2-2','2018-2-2','2018-2-2','200*100','铜板', '2018-05-05 15:31:07.356', '2018-05-05 15:31:07.356'),
('17','3','24','21','2','收货','1','1','37','2018-2-2','2018-2-2','2018-2-2','200*100','铜板', '2018-05-05 15:31:07.356', '2018-05-05 15:31:07.356'),
('18','3','25','22','2','收货','1','2','38','2018-2-2','2018-2-2','2018-2-2','200*100','铜板', '2018-05-05 15:31:07.356', '2018-05-05 15:31:07.356'),
('19','3','26','23','2','收货','1','2','38','2018-2-2','2018-2-2','2018-2-2','200*100','铜板', '2018-05-05 15:31:07.356', '2018-05-05 15:31:07.356'),
('20','3','27','24','2','收货','1','2','38','2018-2-2','2018-2-2','2018-2-2','200*100','铜板', '2018-05-05 15:31:07.356', '2018-05-05 15:31:07.356'),
('21','3','28','25','2','收货','1','2','38','2018-2-2','2018-2-2','2018-2-2','200*100','铜板', '2018-05-05 15:31:07.356', '2018-05-05 15:31:07.356'),
('22','3','29','26','2','收货','1','2','38','2018-2-2','2018-2-2','2018-2-2','200*100','铜板', '2018-05-05 15:31:07.356', '2018-05-05 15:31:07.356'),
('23','3','30','27','2','收货','1','2','38','2018-2-2','2018-2-2','2018-2-2','200*100','铜板', '2018-05-05 15:31:07.356', '2018-05-05 15:31:07.356'),
('24','3','31','28','2','收货','1','2','38','2018-2-2','2018-2-2','2018-2-2','200*100','铜板', '2018-05-05 15:31:07.356', '2018-05-05 15:31:07.356'),
('25','4','32','29','3','完成','1','2','38','2018-2-2','2018-2-2','2018-2-2','100*100','铜板', '2018-05-05 15:31:07.356', '2018-05-05 15:31:07.356'),
('26','4','33','30','3','完成','1','2','38','2018-2-2','2018-2-2','2018-2-2','100*100','铜板', '2018-05-05 15:31:07.356', '2018-05-05 15:31:07.356'),
('27','4','34','31','3','完成','1','2','38','2018-2-2','2018-2-2','2018-2-2','200*100','铜板', '2018-05-05 15:31:07.356', '2018-05-05 15:31:07.356'),
('28','3','44','12','1','已分配发货供应商','0','1','36','2018-2-2','2018-2-2','2018-2-2','100*100','铜板', '2018-05-05 15:31:07.356', '2018-05-05 15:31:07.356'),
('29','3','45','41','3','已分配发货供应商','0','1','37','2018-2-2','2018-2-2','2018-2-2','100*100','铜板', '2018-05-05 15:31:07.356', '2018-05-05 15:31:07.356'),
('39','5','49','45','2','可拍全景图','1','2','38','2018-2-2','2018-2-2','2018-2-2','100*100','铜板', '2018-05-05 15:31:07.356', '2018-05-05 15:31:07.356'),
('40','5','50','46','2','可拍全景图','1','2','38','2018-2-2','2018-2-2','2018-2-2','100*100','铜板', '2018-05-05 15:31:07.356', '2018-05-05 15:31:07.356'),
('41','5','51','47','2','可拍全景图','1','2','38','2018-2-2','2018-2-2','2018-2-2','200*100','铜板', '2018-05-05 15:31:07.356', '2018-05-05 15:31:07.356');

INSERT INTO DPQJFKT
(id,imageUrl,DDId,GTId,UserId, createdAt, updatedAt)
VALUES
('3','GT9_AZG3_QJT1','4','9','38', '2018-05-05 15:31:07.356', '2018-05-05 15:31:07.356'),
('4','GT9_AZG3_QJT2','4','9','38', '2018-05-05 15:31:07.356', '2018-05-05 15:31:07.356'),
('5','GT9_AZG3_QJT3','4','9','38', '2018-05-05 15:31:07.356', '2018-05-05 15:31:07.356');

INSERT INTO WYDP
(id,EWM,status,DPId,GYSId,DDDWDPId,KDXId, createdAt, updatedAt)
VALUES
('5','{"type":"DP","typeId":14,"uuid":"14_1","DWId":17,"name":"DW3","CZ":"200*100","CC":"铜板"}','装箱','14','2','10','9', '2018-05-05 15:31:07.356', '2018-05-05 15:31:07.356'),
('6','{"type":"DP","typeId":15,"uuid":"15_1","DWId":18,"name":"DW4","CZ":"200*100","CC":"铜板"}','装箱','15','2','11','9', '2018-05-05 15:31:07.356', '2018-05-05 15:31:07.356'),
('7','{"type":"DP","typeId":16,"uuid":"16_1","DWId":19,"name":"DW5","CZ":"200*100","CC":"铜板"}','装箱','16','2','12','9', '2018-05-05 15:31:07.356', '2018-05-05 15:31:07.356'),
('8','{"type":"DP","typeId":17,"uuid":"17_1","DWId":20,"name":"DW6","CZ":"200*100","CC":"铜板"}','发货','17','2','13','10', '2018-05-05 15:31:07.356', '2018-05-05 15:31:07.356'),
('9','{"type":"DP","typeId":18,"uuid":"18_1","DWId":21,"name":"DW7","CZ":"200*100","CC":"铜板"}','收箱','18','2','14','11', '2018-05-05 15:31:07.356', '2018-05-05 15:31:07.356'),
('10','{"type":"DP","typeId":19,"uuid":"19_1","DWId":22,"name":"DW8","CZ":"200*100","CC":"铜板"}','收箱','19','2','15','11', '2018-05-05 15:31:07.356', '2018-05-05 15:31:07.356'),
('11','{"type":"DP","typeId":20,"uuid":"20_1","DWId":23,"name":"DW9","CZ":"200*100","CC":"铜板"}','收货','20','2','16','12', '2018-05-05 15:31:07.356', '2018-05-05 15:31:07.356'),
('12','{"type":"DP","typeId":21,"uuid":"21_1","DWId":24,"name":"DW10","CZ":"200*100","CC":"铜板"}','收货','21','2','17','12', '2018-05-05 15:31:07.356', '2018-05-05 15:31:07.356'),
('13','{"type":"DP","typeId":22,"uuid":"22_1","DWId":25,"name":"DW11","CZ":"200*100","CC":"铜板"}','收货','22','2','18','12', '2018-05-05 15:31:07.356', '2018-05-05 15:31:07.356'),
('23','{"type":"DP","typeId":32,"uuid":"32_1","DWId":35,"name":"DW1","CZ":"100*100","CC":"铜板"}','收箱','32','1','30','21', '2018-05-05 15:31:07.356', '2018-05-05 15:31:07.356'),
('24','{"type":"DP","typeId":33,"uuid":"33_1","DWId":36,"name":"DW2","CZ":"100*100","CC":"铜板"}','收箱','33','1','31','21', '2018-05-05 15:31:07.356', '2018-05-05 15:31:07.356'),
('25','{"type":"DP","typeId":34,"uuid":"34_1","DWId":37,"name":"DW3","CZ":"200*100","CC":"铜板"}','收箱','34','2','32','18', '2018-05-05 15:31:07.356', '2018-05-05 15:31:07.356'),
('26','{"type":"DP","typeId":35,"uuid":"35_1","DWId":38,"name":"DW4","CZ":"200*100","CC":"铜板"}','收货','35','2','33','18', '2018-05-05 15:31:07.356', '2018-05-05 15:31:07.356'),
('27','{"type":"DP","typeId":36,"uuid":"36_1","DWId":39,"name":"DW5","CZ":"200*100","CC":"铜板"}','收货','36','2','34','18', '2018-05-05 15:31:07.356', '2018-05-05 15:31:07.356'),
('28','{"type":"DP","typeId":37,"uuid":"37_1","DWId":40,"name":"DW6","CZ":"200*100","CC":"铜板"}','收货','37','2','35','18', '2018-05-05 15:31:07.356', '2018-05-05 15:31:07.356');

INSERT INTO WYDP
(id,EWM,status,DPId,GYSId,DDDWDPId,KDXId,AZFKType,imageUrl, createdAt, updatedAt)
VALUES
('14','{"type":"DP","typeId":23,"uuid":"23_1","DWId":26,"name":"DW12","CZ":"200*100","CC":"铜板"}','反馈','23','2','19','13','安装成功','imageUrlDP23', '2018-05-05 15:31:07.356', '2018-05-05 15:31:07.356'),
('15','{"type":"DP","typeId":24,"uuid":"24_1","DWId":27,"name":"DW13","CZ":"200*100","CC":"铜板"}','反馈','24','2','20','13','安装成功','imageUrlDP24', '2018-05-05 15:31:07.356', '2018-05-05 15:31:07.356'),
('16','{"type":"DP","typeId":25,"uuid":"25_1","DWId":28,"name":"DW14","CZ":"200*100","CC":"铜板"}','反馈','25','2','21','13','安装成功','imageUrlDP25', '2018-05-05 15:31:07.356', '2018-05-05 15:31:07.356'),
('17','{"type":"DP","typeId":26,"uuid":"26_1","DWId":29,"name":"DW15","CZ":"200*100","CC":"铜板"}','反馈','26','2','22','14','安装成功','imageUrlDP26', '2018-05-05 15:31:07.356', '2018-05-05 15:31:07.356'),
('18','{"type":"DP","typeId":27,"uuid":"27_1","DWId":30,"name":"DW16","CZ":"200*100","CC":"铜板"}','反馈','27','2','23','14','安装成功','imageUrlDP27', '2018-05-05 15:31:07.356', '2018-05-05 15:31:07.356'),
('19','{"type":"DP","typeId":28,"uuid":"28_1","DWId":31,"name":"DW17","CZ":"200*100","CC":"铜板"}','反馈','28','2','24','14','丢失','imageUrlDP28', '2018-05-05 15:31:07.356', '2018-05-05 15:31:07.356'),
('20','{"type":"DP","typeId":29,"uuid":"29_1","DWId":32,"name":"DW1","CZ":"100*100","CC":"铜板"}','反馈','29','3','25','15','丢失','imageUrlDP29', '2018-05-05 15:31:07.356', '2018-05-05 15:31:07.356'),
('21','{"type":"DP","typeId":30,"uuid":"30_1","DWId":33,"name":"DW2","CZ":"100*100","CC":"铜板"}','反馈','30','3','26','15','丢失','imageUrlDP30', '2018-05-05 15:31:07.356', '2018-05-05 15:31:07.356'),
('22','{"type":"DP","typeId":31,"uuid":"31_1","DWId":34,"name":"DW3","CZ":"200*100","CC":"铜板"}','反馈','31','3','27','15','丢失','imageUrlDP31', '2018-05-05 15:31:07.356', '2018-05-05 15:31:07.356'),
('29','{"type":"DP","typeId":38,"uuid":"38_1","DWId":41,"name":"DW7","CZ":"200*100","CC":"铜板"}','反馈','38','2','36','19','安装成功','imageUrlDP38', '2018-05-05 15:31:07.356', '2018-05-05 15:31:07.356'),
('30','{"type":"DP","typeId":39,"uuid":"39_1","DWId":42,"name":"DW8","CZ":"200*100","CC":"铜板"}','反馈','39','2','37','19','安装成功','imageUrlDP39', '2018-05-05 15:31:07.356', '2018-05-05 15:31:07.356'),
('31','{"type":"DP","typeId":40,"uuid":"40_1","DWId":43,"name":"DW9","CZ":"200*100","CC":"铜板"}','反馈','40','2','38','19','安装成功','imageUrlDP40', '2018-05-05 15:31:07.356', '2018-05-05 15:31:07.356'),
('81','{"type":"DP","typeId":45,"uuid":"45_1","DWId":49,"name":"DW10","CZ":"100*100","CC":"铜板"}','反馈','45','2','39','55','安装成功','imageUrlDP45', '2018-05-05 15:31:07.356', '2018-05-05 15:31:07.356'),
('82','{"type":"DP","typeId":46,"uuid":"46_1","DWId":50,"name":"DW11","CZ":"100*100","CC":"铜板"}','反馈','46','2','40','55','安装成功','imageUrlDP46', '2018-05-05 15:31:07.356', '2018-05-05 15:31:07.356'),
('83','{"type":"DP","typeId":47,"uuid":"47_1","DWId":51,"name":"DW12","CZ":"200*100","CC":"铜板"}','反馈','47','2','41','55','安装成功','imageUrlDP47', '2018-05-05 15:31:07.356', '2018-05-05 15:31:07.356'),
('84','{"type":"DP","typeId":48,"uuid":"48_1","DWId":46,"name":"DW4","CZ":"100*100","CC":"铜板"}','反馈','42','2','42','54','安装成功','imageUrlDP42', '2018-05-05 15:31:07.356', '2018-05-05 15:31:07.356'),
('85','{"type":"DP","typeId":49,"uuid":"49_1","DWId":47,"name":"DW5","CZ":"100*100","CC":"铜板"}','反馈','43','2','43','54','安装成功','imageUrlDP43', '2018-05-05 15:31:07.356', '2018-05-05 15:31:07.356'),
('86','{"type":"DP","typeId":50,"uuid":"50_1","DWId":48,"name":"DW6","CZ":"200*100","CC":"铜板"}','反馈','44','2','44','54','安装成功','imageUrlDP44', '2018-05-05 15:31:07.356', '2018-05-05 15:31:07.356');

INSERT INTO WYDPCZ
(id,WYDPId,status,UserId, createdAt, updatedAt)
VALUES
('6','5','装箱','32', '2018-05-05 15:31:07.356', '2018-05-05 15:31:07.356'),
('7','6','装箱','32', '2018-05-05 15:31:07.356', '2018-05-05 15:31:07.356'),
('8','7','装箱','32', '2018-05-05 15:31:07.356', '2018-05-05 15:31:07.356'),
('9','8','装箱','32', '2018-05-05 15:31:07.356', '2018-05-05 15:31:07.356'),
('10','8','发货','32', '2018-05-05 15:31:07.356', '2018-05-05 15:31:07.356'),
('11','9','装箱','32', '2018-05-05 15:31:07.356', '2018-05-05 15:31:07.356'),
('12','10','装箱','32', '2018-05-05 15:31:07.356', '2018-05-05 15:31:07.356'),
('13','9','发货','32', '2018-05-05 15:31:07.356', '2018-05-05 15:31:07.356'),
('14','10','发货','32', '2018-05-05 15:31:07.356', '2018-05-05 15:31:07.356'),
('15','9','收箱','24', '2018-05-05 15:31:07.356', '2018-05-05 15:31:07.356'),
('16','10','收箱','24', '2018-05-05 15:31:07.356', '2018-05-05 15:31:07.356'),
('17','11','装箱','32', '2018-05-05 15:31:07.356', '2018-05-05 15:31:07.356'),
('18','12','装箱','32', '2018-05-05 15:31:07.356', '2018-05-05 15:31:07.356'),
('19','13','装箱','32', '2018-05-05 15:31:07.356', '2018-05-05 15:31:07.356'),
('20','14','装箱','32', '2018-05-05 15:31:07.356', '2018-05-05 15:31:07.356'),
('21','15','装箱','32', '2018-05-05 15:31:07.356', '2018-05-05 15:31:07.356'),
('22','16','装箱','32', '2018-05-05 15:31:07.356', '2018-05-05 15:31:07.356'),
('23','11','发货','32', '2018-05-05 15:31:07.356', '2018-05-05 15:31:07.356'),
('24','12','发货','32', '2018-05-05 15:31:07.356', '2018-05-05 15:31:07.356'),
('25','13','发货','32', '2018-05-05 15:31:07.356', '2018-05-05 15:31:07.356'),
('26','14','发货','32', '2018-05-05 15:31:07.356', '2018-05-05 15:31:07.356'),
('27','15','发货','32', '2018-05-05 15:31:07.356', '2018-05-05 15:31:07.356'),
('28','16','发货','32', '2018-05-05 15:31:07.356', '2018-05-05 15:31:07.356'),
('29','11','收箱','24', '2018-05-05 15:31:07.356', '2018-05-05 15:31:07.356'),
('30','12','收箱','24', '2018-05-05 15:31:07.356', '2018-05-05 15:31:07.356'),
('31','13','收箱','24', '2018-05-05 15:31:07.356', '2018-05-05 15:31:07.356'),
('32','14','收箱','24', '2018-05-05 15:31:07.356', '2018-05-05 15:31:07.356'),
('33','15','收箱','24', '2018-05-05 15:31:07.356', '2018-05-05 15:31:07.356'),
('34','16','收箱','24', '2018-05-05 15:31:07.356', '2018-05-05 15:31:07.356'),
('35','11','收货','36', '2018-05-05 15:31:07.356', '2018-05-05 15:31:07.356'),
('36','12','收货','37', '2018-05-05 15:31:07.356', '2018-05-05 15:31:07.356'),
('37','13','收货','38', '2018-05-05 15:31:07.356', '2018-05-05 15:31:07.356'),
('38','14','收货','38', '2018-05-05 15:31:07.356', '2018-05-05 15:31:07.356'),
('39','15','收货','38', '2018-05-05 15:31:07.356', '2018-05-05 15:31:07.356'),
('40','16','收货','38', '2018-05-05 15:31:07.356', '2018-05-05 15:31:07.356'),
('41','14','反馈','38', '2018-05-05 15:31:07.356', '2018-05-05 15:31:07.356'),
('42','15','反馈','38', '2018-05-05 15:31:07.356', '2018-05-05 15:31:07.356'),
('43','16','反馈','38', '2018-05-05 15:31:07.356', '2018-05-05 15:31:07.356'),
('44','17','装箱','32', '2018-05-05 15:31:07.356', '2018-05-05 15:31:07.356'),
('45','18','装箱','32', '2018-05-05 15:31:07.356', '2018-05-05 15:31:07.356'),
('46','19','装箱','32', '2018-05-05 15:31:07.356', '2018-05-05 15:31:07.356'),
('47','17','发货','32', '2018-05-05 15:31:07.356', '2018-05-05 15:31:07.356'),
('48','18','发货','32', '2018-05-05 15:31:07.356', '2018-05-05 15:31:07.356'),
('49','19','发货','32', '2018-05-05 15:31:07.356', '2018-05-05 15:31:07.356'),
('50','17','收箱','32', '2018-05-05 15:31:07.356', '2018-05-05 15:31:07.356'),
('51','18','收箱','32', '2018-05-05 15:31:07.356', '2018-05-05 15:31:07.356'),
('52','19','收箱','32', '2018-05-05 15:31:07.356', '2018-05-05 15:31:07.356'),
('53','17','收货','38', '2018-05-05 15:31:07.356', '2018-05-05 15:31:07.356'),
('54','18','收货','38', '2018-05-05 15:31:07.356', '2018-05-05 15:31:07.356'),
('55','19','收货','38', '2018-05-05 15:31:07.356', '2018-05-05 15:31:07.356'),
('56','17','反馈','38', '2018-05-05 15:31:07.356', '2018-05-05 15:31:07.356'),
('57','18','反馈','38', '2018-05-05 15:31:07.356', '2018-05-05 15:31:07.356'),
('58','19','反馈','38', '2018-05-05 15:31:07.356', '2018-05-05 15:31:07.356'),
('59','20','装箱','33', '2018-05-05 15:31:07.356', '2018-05-05 15:31:07.356'),
('60','21','装箱','33', '2018-05-05 15:31:07.356', '2018-05-05 15:31:07.356'),
('61','22','装箱','33', '2018-05-05 15:31:07.356', '2018-05-05 15:31:07.356'),
('62','20','发货','33', '2018-05-05 15:31:07.356', '2018-05-05 15:31:07.356'),
('63','21','发货','33', '2018-05-05 15:31:07.356', '2018-05-05 15:31:07.356'),
('64','22','发货','33', '2018-05-05 15:31:07.356', '2018-05-05 15:31:07.356'),
('65','20','收箱','25', '2018-05-05 15:31:07.356', '2018-05-05 15:31:07.356'),
('66','21','收箱','25', '2018-05-05 15:31:07.356', '2018-05-05 15:31:07.356'),
('67','22','收箱','25', '2018-05-05 15:31:07.356', '2018-05-05 15:31:07.356'),
('68','20','收货','38', '2018-05-05 15:31:07.356', '2018-05-05 15:31:07.356'),
('69','21','收货','38', '2018-05-05 15:31:07.356', '2018-05-05 15:31:07.356'),
('70','22','收货','38', '2018-05-05 15:31:07.356', '2018-05-05 15:31:07.356'),
('71','20','反馈','38', '2018-05-05 15:31:07.356', '2018-05-05 15:31:07.356'),
('72','21','反馈','38', '2018-05-05 15:31:07.356', '2018-05-05 15:31:07.356'),
('73','22','反馈','38', '2018-05-05 15:31:07.356', '2018-05-05 15:31:07.356'),
('74','23','装箱','30', '2018-05-05 15:31:07.356', '2018-05-05 15:31:07.356'),
('75','24','装箱','30', '2018-05-05 15:31:07.356', '2018-05-05 15:31:07.356'),
('76','25','装箱','32', '2018-05-05 15:31:07.356', '2018-05-05 15:31:07.356'),
('77','23','发货','30', '2018-05-05 15:31:07.356', '2018-05-05 15:31:07.356'),
('78','24','发货','30', '2018-05-05 15:31:07.356', '2018-05-05 15:31:07.356'),
('79','25','发货','32', '2018-05-05 15:31:07.356', '2018-05-05 15:31:07.356'),
('80','23','收箱','26', '2018-05-05 15:31:07.356', '2018-05-05 15:31:07.356'),
('81','24','收箱','26', '2018-05-05 15:31:07.356', '2018-05-05 15:31:07.356'),
('82','25','收箱','26', '2018-05-05 15:31:07.356', '2018-05-05 15:31:07.356'),
('83','26','装箱','32', '2018-05-05 15:31:07.356', '2018-05-05 15:31:07.356'),
('84','27','装箱','32', '2018-05-05 15:31:07.356', '2018-05-05 15:31:07.356'),
('85','28','装箱','32', '2018-05-05 15:31:07.356', '2018-05-05 15:31:07.356'),
('86','26','发货','32', '2018-05-05 15:31:07.356', '2018-05-05 15:31:07.356'),
('87','27','发货','32', '2018-05-05 15:31:07.356', '2018-05-05 15:31:07.356'),
('88','28','发货','32', '2018-05-05 15:31:07.356', '2018-05-05 15:31:07.356'),
('89','26','收箱','26', '2018-05-05 15:31:07.356', '2018-05-05 15:31:07.356'),
('90','27','收箱','26', '2018-05-05 15:31:07.356', '2018-05-05 15:31:07.356'),
('91','28','收箱','26', '2018-05-05 15:31:07.356', '2018-05-05 15:31:07.356'),
('92','26','收货','26', '2018-05-05 15:31:07.356', '2018-05-05 15:31:07.356'),
('93','27','收货','26', '2018-05-05 15:31:07.356', '2018-05-05 15:31:07.356'),
('94','28','收货','26', '2018-05-05 15:31:07.356', '2018-05-05 15:31:07.356'),
('95','29','装箱','32', '2018-05-05 15:31:07.356', '2018-05-05 15:31:07.356'),
('96','30','装箱','32', '2018-05-05 15:31:07.356', '2018-05-05 15:31:07.356'),
('97','31','装箱','32', '2018-05-05 15:31:07.356', '2018-05-05 15:31:07.356'),
('98','29','发货','32', '2018-05-05 15:31:07.356', '2018-05-05 15:31:07.356'),
('99','30','发货','32', '2018-05-05 15:31:07.356', '2018-05-05 15:31:07.356'),
('100','31','发货','32', '2018-05-05 15:31:07.356', '2018-05-05 15:31:07.356'),
('101','29','收箱','26', '2018-05-05 15:31:07.356', '2018-05-05 15:31:07.356'),
('102','30','收箱','26', '2018-05-05 15:31:07.356', '2018-05-05 15:31:07.356'),
('103','31','收箱','26', '2018-05-05 15:31:07.356', '2018-05-05 15:31:07.356'),
('104','29','收货','26', '2018-05-05 15:31:07.356', '2018-05-05 15:31:07.356'),
('105','30','收货','26', '2018-05-05 15:31:07.356', '2018-05-05 15:31:07.356'),
('106','31','收货','26', '2018-05-05 15:31:07.356', '2018-05-05 15:31:07.356'),
('107','29','反馈','26', '2018-05-05 15:31:07.356', '2018-05-05 15:31:07.356'),
('108','30','反馈','26', '2018-05-05 15:31:07.356', '2018-05-05 15:31:07.356'),
('109','31','反馈','26', '2018-05-05 15:31:07.356', '2018-05-05 15:31:07.356'),
('110','81','装箱','32', '2018-05-05 15:31:07.356', '2018-05-05 15:31:07.356'),
('111','82','装箱','32', '2018-05-05 15:31:07.356', '2018-05-05 15:31:07.356'),
('112','83','装箱','32', '2018-05-05 15:31:07.356', '2018-05-05 15:31:07.356'),
('113','84','装箱','32', '2018-05-05 15:31:07.356', '2018-05-05 15:31:07.356'),
('114','85','装箱','32', '2018-05-05 15:31:07.356', '2018-05-05 15:31:07.356'),
('115','86','装箱','32', '2018-05-05 15:31:07.356', '2018-05-05 15:31:07.356'),
('116','81','发货','32', '2018-05-05 15:31:07.356', '2018-05-05 15:31:07.356'),
('117','82','发货','32', '2018-05-05 15:31:07.356', '2018-05-05 15:31:07.356'),
('118','83','发货','32', '2018-05-05 15:31:07.356', '2018-05-05 15:31:07.356'),
('119','84','发货','32', '2018-05-05 15:31:07.356', '2018-05-05 15:31:07.356'),
('120','85','发货','32', '2018-05-05 15:31:07.356', '2018-05-05 15:31:07.356'),
('121','86','发货','32', '2018-05-05 15:31:07.356', '2018-05-05 15:31:07.356'),
('122','81','收箱','26', '2018-05-05 15:31:07.356', '2018-05-05 15:31:07.356'),
('123','82','收箱','26', '2018-05-05 15:31:07.356', '2018-05-05 15:31:07.356'),
('124','83','收箱','26', '2018-05-05 15:31:07.356', '2018-05-05 15:31:07.356'),
('125','84','收箱','25', '2018-05-05 15:31:07.356', '2018-05-05 15:31:07.356'),
('126','85','收箱','25', '2018-05-05 15:31:07.356', '2018-05-05 15:31:07.356'),
('127','86','收箱','25', '2018-05-05 15:31:07.356', '2018-05-05 15:31:07.356'),
('128','81','收货','38', '2018-05-05 15:31:07.356', '2018-05-05 15:31:07.356'),
('129','82','收货','38', '2018-05-05 15:31:07.356', '2018-05-05 15:31:07.356'),
('130','83','收货','38', '2018-05-05 15:31:07.356', '2018-05-05 15:31:07.356'),
('131','84','收货','26', '2018-05-05 15:31:07.356', '2018-05-05 15:31:07.356'),
('132','85','收货','26', '2018-05-05 15:31:07.356', '2018-05-05 15:31:07.356'),
('133','86','收货','26', '2018-05-05 15:31:07.356', '2018-05-05 15:31:07.356'),
('134','81','反馈','38', '2018-05-05 15:31:07.356', '2018-05-05 15:31:07.356'),
('135','82','反馈','38', '2018-05-05 15:31:07.356', '2018-05-05 15:31:07.356'),
('136','83','反馈','38', '2018-05-05 15:31:07.356', '2018-05-05 15:31:07.356'),
('137','84','反馈','26', '2018-05-05 15:31:07.356', '2018-05-05 15:31:07.356'),
('138','85','反馈','26', '2018-05-05 15:31:07.356', '2018-05-05 15:31:07.356'),
('139','86','反馈','26', '2018-05-05 15:31:07.356', '2018-05-05 15:31:07.356');

INSERT INTO PP_GTFX
(PPId,GTId, createdAt, updatedAt)
VALUES
('2','6', '2018-05-05 15:31:07.356', '2018-05-05 15:31:07.356');

INSERT INTO WLBH
(id,GTId,WLId,status,GYSId,ZXNumber,imageUrl, createdAt, updatedAt)
VALUES
('1','8','14','初始','1','0','imagUrl', '2018-05-05 15:31:07.356', '2018-05-05 15:31:07.356'),
('2','8','14','客服经理审批通过','1','0','imagUrl', '2018-05-05 15:31:07.356', '2018-05-05 15:31:07.356'),
('3','8','14','驳回','1','0','imagUrl', '2018-05-05 15:31:07.356', '2018-05-05 15:31:07.356'),
('4','7','10','初始','1','0','imagUrl', '2018-05-05 15:31:07.356', '2018-05-05 15:31:07.356'),
('5','7','10','客服经理审批通过','1','0','imagUrl', '2018-05-05 15:31:07.356', '2018-05-05 15:31:07.356'),
('6','7','10','驳回','1','0','imagUrl', '2018-05-05 15:31:07.356', '2018-05-05 15:31:07.356');

INSERT INTO WLBH
(id,GTId,WLId,status,GYSId,ZXNumber,imageUrl,AZGSId, createdAt, updatedAt)
VALUES
('7','8','14','客服经理审批通过','1','0','imagUrl','1', '2018-05-05 15:31:07.356', '2018-05-05 15:31:07.356'),
('8','7','10','通过','1','0','imagUrl','1', '2018-05-05 15:31:07.356', '2018-05-05 15:31:07.356'),
('72','7','10','通过','1','0','imagUrl','1', '2018-05-05 15:31:07.356', '2018-05-05 15:31:07.356');

INSERT INTO WLBH
(id,GTId,WLId,status,GYSId,ZXNumber,imageUrl,AZGSId,AZGUserId,YJZXTime, createdAt, updatedAt)
VALUES
('9','8','14','已分配发货供应商','1','0','imagUrl','1','36','2018-10-10', '2018-05-05 15:31:07.356', '2018-05-05 15:31:07.356'),
('10','8','14','装箱完成','1','1','imagUrl','2','38','2018-01-01', '2018-05-05 15:31:07.356', '2018-05-05 15:31:07.356'),
('11','8','14','装箱完成','1','1','imagUrl','2','38','2018-01-03', '2018-05-05 15:31:07.356', '2018-05-05 15:31:07.356'),
('12','8','14','装箱完成','1','1','imagUrl','2','38','2018-01-02', '2018-05-05 15:31:07.356', '2018-05-05 15:31:07.356'),
('13','8','14','收货','1','1','imagUrl','2','38','2018-01-02', '2018-05-05 15:31:07.356', '2018-05-05 15:31:07.356'),
('14','8','14','可拍全景图','1','1','imagUrl','2','38','2018-01-02', '2018-05-05 15:31:07.356', '2018-05-05 15:31:07.356'),
('15','8','14','可拍全景图','1','1','imagUrl','2','38','2018-01-02', '2018-05-05 15:31:07.356', '2018-05-05 15:31:07.356'),
('16','8','14','完成','1','1','imagUrl','2','38','2018-01-02', '2018-05-05 15:31:07.356', '2018-05-05 15:31:07.356'),
('17','7','10','已分配发货供应商','1','0','imagUrl','2','38','2018-10-10', '2018-05-05 15:31:07.356', '2018-05-05 15:31:07.356'),
('18','7','10','装箱完成','1','1','imagUrl','2','38','2018-01-04', '2018-05-05 15:31:07.356', '2018-05-05 15:31:07.356'),
('19','7','10','装箱完成','1','1','imagUrl','2','38','2018-01-05', '2018-05-05 15:31:07.356', '2018-05-05 15:31:07.356'),
('20','7','10','装箱完成','1','1','imagUrl','2','38','2018-01-06', '2018-05-05 15:31:07.356', '2018-05-05 15:31:07.356'),
('21','7','10','收货','1','1','imagUrl','2','38','2018-01-06', '2018-05-05 15:31:07.356', '2018-05-05 15:31:07.356'),
('22','7','10','可拍全景图','1','1','imagUrl','2','38','2018-01-06', '2018-05-05 15:31:07.356', '2018-05-05 15:31:07.356'),
('23','7','10','可拍全景图','1','1','imagUrl','2','38','2018-01-06', '2018-05-05 15:31:07.356', '2018-05-05 15:31:07.356'),
('24','7','10','完成','1','1','imagUrl','2','38','2018-01-06', '2018-05-05 15:31:07.356', '2018-05-05 15:31:07.356');

INSERT INTO WLBH
(id,GTId,WLId,DDId,status,GYSId,ZXNumber,imageUrl, createdAt, updatedAt)
VALUES
('25','7','10','2','初始','1','0','imagUrl', '2018-05-05 15:31:07.356', '2018-05-05 15:31:07.356'),
('26','7','10','2','客服经理审批通过','1','0','imagUrl', '2018-05-05 15:31:07.356', '2018-05-05 15:31:07.356'),
('27','7','10','2','驳回','1','0','imagUrl', '2018-05-05 15:31:07.356', '2018-05-05 15:31:07.356'),
('28','8','16','3','初始','2','0','imagUrl', '2018-05-05 15:31:07.356', '2018-05-05 15:31:07.356'),
('29','8','16','3','客服经理审批通过','2','0','imagUrl', '2018-05-05 15:31:07.356', '2018-05-05 15:31:07.356'),
('30','8','16','3','驳回','2','0','imagUrl', '2018-05-05 15:31:07.356', '2018-05-05 15:31:07.356');

INSERT INTO WLBH
(id,GTId,WLId,DDId,status,GYSId,ZXNumber,imageUrl,AZGSId, createdAt, updatedAt)
VALUES
('31','7','10','2','客服经理审批通过','1','0','imagUrl','1', '2018-05-05 15:31:07.356', '2018-05-05 15:31:07.356'),
('32','8','16','3','通过','2','0','imagUrl','1', '2018-05-05 15:31:07.356', '2018-05-05 15:31:07.356'),
('73','8','16','3','通过','2','0','imagUrl','1', '2018-05-05 15:31:07.356', '2018-05-05 15:31:07.356');

INSERT INTO WLBH
(id,GTId,WLId,DDId,status,GYSId,ZXNumber,imageUrl,AZGSId,AZGUserId,note,KFJLNote,PPJLNote,YJZXTime, createdAt, updatedAt)
VALUES
('33','7','10','2','已分配发货供应商','1','0','imagUrl','1','36','货物损坏','同意','同意','2018-10-10', '2018-05-05 15:31:07.356', '2018-05-05 15:31:07.356'),
('34','7','10','2','已分配发货供应商','1','0','imagUrl','1','37','货物损坏','同意','同意','2018-10-10', '2018-05-05 15:31:07.356', '2018-05-05 15:31:07.356'),
('35','7','10','2','已分配发货供应商','3','0','imagUrl','2','38','货物损坏','同意','同意','2018-10-10', '2018-05-05 15:31:07.356', '2018-05-05 15:31:07.356'),
('36','7','10','2','已分配发货供应商','3','0','imagUrl','2','38','货物损坏','同意','同意','2018-10-10', '2018-05-05 15:31:07.356', '2018-05-05 15:31:07.356'),
('37','7','10','2','装箱完成','1','1','imagUrl','1','36','货物损坏','同意','同意','2018-01-04', '2018-05-05 15:31:07.356', '2018-05-05 15:31:07.356'),
('38','7','10','2','装箱完成','1','1','imagUrl','1','37','货物损坏','同意','同意','2018-01-04', '2018-05-05 15:31:07.356', '2018-05-05 15:31:07.356'),
('39','7','10','2','装箱完成','3','1','imagUrl','1','38','货物损坏','同意','同意','2018-01-07', '2018-05-05 15:31:07.356', '2018-05-05 15:31:07.356'),
('40','7','10','2','装箱完成','1','1','imagUrl','1','36','货物损坏','同意','同意','2018-01-05', '2018-05-05 15:31:07.356', '2018-05-05 15:31:07.356'),
('41','7','10','2','装箱完成','1','1','imagUrl','1','37','货物损坏','同意','同意','2018-01-05', '2018-05-05 15:31:07.356', '2018-05-05 15:31:07.356'),
('42','7','10','2','装箱完成','3','1','imagUrl','1','38','货物损坏','同意','同意','2018-01-08', '2018-05-05 15:31:07.356', '2018-05-05 15:31:07.356'),
('43','7','10','2','装箱完成','1','1','imagUrl','2','36','货物损坏','同意','同意','2018-01-06', '2018-05-05 15:31:07.356', '2018-05-05 15:31:07.356'),
('44','7','10','2','装箱完成','1','1','imagUrl','2','37','货物损坏','同意','同意','2018-01-06', '2018-05-05 15:31:07.356', '2018-05-05 15:31:07.356'),
('45','7','10','2','装箱完成','3','1','imagUrl','2','38','货物损坏','同意','同意','2018-01-10', '2018-05-05 15:31:07.356', '2018-05-05 15:31:07.356'),
('46','7','10','2','收货','1','1','imagUrl','1','36','货物损坏','同意','同意','2018-01-06', '2018-05-05 15:31:07.356', '2018-05-05 15:31:07.356'),
('47','7','10','2','收货','1','1','imagUrl','1','37','货物损坏','同意','同意','2018-01-06', '2018-05-05 15:31:07.356', '2018-05-05 15:31:07.356'),
('48','7','10','2','收货','3','1','imagUrl','2','38','货物损坏','同意','同意','2018-01-17', '2018-05-05 15:31:07.356', '2018-05-05 15:31:07.356'),
('49','7','10','2','可拍全景图','1','1','imagUrl','1','36','货物损坏','同意','同意','2018-01-06', '2018-05-05 15:31:07.356', '2018-05-05 15:31:07.356'),
('50','7','10','2','可拍全景图','1','1','imagUrl','1','37','货物损坏','同意','同意','2018-01-06', '2018-05-05 15:31:07.356', '2018-05-05 15:31:07.356'),
('51','7','10','2','可拍全景图','3','1','imagUrl','2','38','货物损坏','同意','同意','2018-01-17', '2018-05-05 15:31:07.356', '2018-05-05 15:31:07.356'),
('52','7','10','2','完成','1','1','imagUrl','2','38','货物损坏','同意','同意','2018-01-06', '2018-05-05 15:31:07.356', '2018-05-05 15:31:07.356'),
('53','8','16','3','已分配发货供应商','2','0','imagUrl','1','36','货物损坏','同意','同意','2018-10-10', '2018-05-05 15:31:07.356', '2018-05-05 15:31:07.356'),
('54','8','16','3','已分配发货供应商','2','0','imagUrl','1','37','货物损坏','同意','同意','2018-10-10', '2018-05-05 15:31:07.356', '2018-05-05 15:31:07.356'),
('55','8','16','3','已分配发货供应商','3','0','imagUrl','2','38','货物损坏','同意','同意','2018-10-10', '2018-05-05 15:31:07.356', '2018-05-05 15:31:07.356'),
('56','8','16','3','装箱完成','2','1','imagUrl','1','36','货物损坏','同意','同意','2018-01-11', '2018-05-05 15:31:07.356', '2018-05-05 15:31:07.356'),
('57','8','16','3','装箱完成','2','1','imagUrl','1','37','货物损坏','同意','同意','2018-01-11', '2018-05-05 15:31:07.356', '2018-05-05 15:31:07.356'),
('58','8','16','3','装箱完成','3','1','imagUrl','2','38','货物损坏','同意','同意','2018-01-14', '2018-05-05 15:31:07.356', '2018-05-05 15:31:07.356'),
('59','8','16','3','装箱完成','2','1','imagUrl','1','36','货物损坏','同意','同意','2018-01-12', '2018-05-05 15:31:07.356', '2018-05-05 15:31:07.356'),
('60','8','16','3','装箱完成','2','1','imagUrl','1','37','货物损坏','同意','同意','2018-01-12', '2018-05-05 15:31:07.356', '2018-05-05 15:31:07.356'),
('61','8','16','3','装箱完成','3','1','imagUrl','2','38','货物损坏','同意','同意','2018-01-15', '2018-05-05 15:31:07.356', '2018-05-05 15:31:07.356'),
('62','8','16','3','装箱完成','2','1','imagUrl','1','36','货物损坏','同意','同意','2018-01-13', '2018-05-05 15:31:07.356', '2018-05-05 15:31:07.356'),
('63','8','16','3','装箱完成','2','1','imagUrl','1','37','货物损坏','同意','同意','2018-01-13', '2018-05-05 15:31:07.356', '2018-05-05 15:31:07.356'),
('64','8','16','3','装箱完成','3','1','imagUrl','2','38','货物损坏','同意','同意','2018-01-13', '2018-05-05 15:31:07.356', '2018-05-05 15:31:07.356'),
('65','8','16','3','收货','2','1','imagUrl','1','36','货物损坏','同意','同意','2018-01-13', '2018-05-05 15:31:07.356', '2018-05-05 15:31:07.356'),
('66','8','16','3','收货','2','1','imagUrl','1','37','货物损坏','同意','同意','2018-01-13', '2018-05-05 15:31:07.356', '2018-05-05 15:31:07.356'),
('67','8','16','3','收货','3','1','imagUrl','2','38','货物损坏','同意','同意','2018-01-16', '2018-05-05 15:31:07.356', '2018-05-05 15:31:07.356'),
('68','8','16','3','收货','2','1','imagUrl','1','36','货物损坏','同意','同意','2018-01-13', '2018-05-05 15:31:07.356', '2018-05-05 15:31:07.356'),
('69','8','16','3','收货','2','1','imagUrl','1','37','货物损坏','同意','同意','2018-01-13', '2018-05-05 15:31:07.356', '2018-05-05 15:31:07.356'),
('70','8','16','3','收货','3','1','imagUrl','2','38','货物损坏','同意','同意','2018-01-16', '2018-05-05 15:31:07.356', '2018-05-05 15:31:07.356'),
('71','8','16','3','收货','2','1','imagUrl','2','38','货物损坏','同意','同意','2018-01-13', '2018-05-05 15:31:07.356', '2018-05-05 15:31:07.356');

INSERT INTO WYWL
(id,EWM,status,WLId,GYSId, createdAt, updatedAt)
VALUES
('53','{"type":"WL","typeId":10,"uuid":"B10_1"}','入库','10','3', '2018-05-05 15:31:07.356', '2018-05-05 15:31:07.356'),
('54','{"type":"WL","typeId":16,"uuid":"B16_1"}','入库','16','3', '2018-05-05 15:31:07.356', '2018-05-05 15:31:07.356'),
('55','{"type":"WL","typeId":14,"uuid":"B14_1"}','入库','14','1', '2018-05-05 15:31:07.356', '2018-05-05 15:31:07.356');

INSERT INTO WYWL
(id,EWM,status,WLId,GYSId,WLBHId,KDXId, createdAt, updatedAt)
VALUES
('56','{"type":"WL","typeId":14,"uuid":"B14_2"}','装箱','14','1','10','22', '2018-05-05 15:31:07.356', '2018-05-05 15:31:07.356'),
('57','{"type":"WL","typeId":14,"uuid":"B14_3"}','发货','14','1','11','23', '2018-05-05 15:31:07.356', '2018-05-05 15:31:07.356'),
('58','{"type":"WL","typeId":14,"uuid":"B14_4"}','收箱','14','1','12','24', '2018-05-05 15:31:07.356', '2018-05-05 15:31:07.356'),
('59','{"type":"WL","typeId":14,"uuid":"B14_5"}','收货','14','1','13','24', '2018-05-05 15:31:07.356', '2018-05-05 15:31:07.356'),
('60','{"type":"WL","typeId":10,"uuid":"B10_2"}','装箱','10','1','18','25', '2018-05-05 15:31:07.356', '2018-05-05 15:31:07.356'),
('61','{"type":"WL","typeId":10,"uuid":"B10_3"}','发货','10','1','19','26', '2018-05-05 15:31:07.356', '2018-05-05 15:31:07.356'),
('62','{"type":"WL","typeId":10,"uuid":"B10_4"}','收箱','10','1','20','27', '2018-05-05 15:31:07.356', '2018-05-05 15:31:07.356'),
('63','{"type":"WL","typeId":10,"uuid":"B10_5"}','收货','10','1','21','27', '2018-05-05 15:31:07.356', '2018-05-05 15:31:07.356'),
('64','{"type":"WL","typeId":10,"uuid":"B10_9"}','装箱','10','1','37','25', '2018-05-05 15:31:07.356', '2018-05-05 15:31:07.356'),
('65','{"type":"WL","typeId":10,"uuid":"B10_10"}','装箱','10','1','38','25', '2018-05-05 15:31:07.356', '2018-05-05 15:31:07.356'),
('66','{"type":"WL","typeId":10,"uuid":"B10_11"}','装箱','10','3','39','28', '2018-05-05 15:31:07.356', '2018-05-05 15:31:07.356'),
('67','{"type":"WL","typeId":10,"uuid":"B10_12"}','发货','10','1','40','26', '2018-05-05 15:31:07.356', '2018-05-05 15:31:07.356'),
('68','{"type":"WL","typeId":10,"uuid":"B10_13"}','发货','10','1','41','26', '2018-05-05 15:31:07.356', '2018-05-05 15:31:07.356'),
('69','{"type":"WL","typeId":10,"uuid":"B10_14"}','发货','10','3','42','29', '2018-05-05 15:31:07.356', '2018-05-05 15:31:07.356'),
('70','{"type":"WL","typeId":10,"uuid":"B10_15"}','收箱','10','1','43','27', '2018-05-05 15:31:07.356', '2018-05-05 15:31:07.356'),
('71','{"type":"WL","typeId":10,"uuid":"B10_16"}','收箱','10','1','44','27', '2018-05-05 15:31:07.356', '2018-05-05 15:31:07.356'),
('72','{"type":"WL","typeId":10,"uuid":"B10_17"}','收箱','10','3','45','30', '2018-05-05 15:31:07.356', '2018-05-05 15:31:07.356'),
('73','{"type":"WL","typeId":10,"uuid":"B10_18"}','收货','10','1','46','27', '2018-05-05 15:31:07.356', '2018-05-05 15:31:07.356'),
('74','{"type":"WL","typeId":10,"uuid":"B10_19"}','收货','10','1','47','27', '2018-05-05 15:31:07.356', '2018-05-05 15:31:07.356'),
('75','{"type":"WL","typeId":10,"uuid":"B10_20"}','收货','10','3','48','30', '2018-05-05 15:31:07.356', '2018-05-05 15:31:07.356'),
('76','{"type":"WL","typeId":16,"uuid":"B16_2"}','装箱','16','2','56','31', '2018-05-05 15:31:07.356', '2018-05-05 15:31:07.356'),
('77','{"type":"WL","typeId":16,"uuid":"B16_3"}','装箱','16','2','57','31', '2018-05-05 15:31:07.356', '2018-05-05 15:31:07.356'),
('78','{"type":"WL","typeId":16,"uuid":"B16_4"}','装箱','16','3','58','34', '2018-05-05 15:31:07.356', '2018-05-05 15:31:07.356'),
('79','{"type":"WL","typeId":16,"uuid":"B16_5"}','发货','16','2','59','32', '2018-05-05 15:31:07.356', '2018-05-05 15:31:07.356'),
('80','{"type":"WL","typeId":16,"uuid":"B16_6"}','发货','16','2','60','32', '2018-05-05 15:31:07.356', '2018-05-05 15:31:07.356'),
('81','{"type":"WL","typeId":16,"uuid":"B16_7"}','发货','16','3','61','35', '2018-05-05 15:31:07.356', '2018-05-05 15:31:07.356'),
('82','{"type":"WL","typeId":16,"uuid":"B16_8"}','收箱','16','2','62','33', '2018-05-05 15:31:07.356', '2018-05-05 15:31:07.356'),
('83','{"type":"WL","typeId":16,"uuid":"B16_9"}','收箱','16','2','63','33', '2018-05-05 15:31:07.356', '2018-05-05 15:31:07.356'),
('84','{"type":"WL","typeId":16,"uuid":"B16_10"}','收箱','16','3','64','33', '2018-05-05 15:31:07.356', '2018-05-05 15:31:07.356'),
('85','{"type":"WL","typeId":16,"uuid":"B16_11"}','收货','16','2','65','33', '2018-05-05 15:31:07.356', '2018-05-05 15:31:07.356'),
('86','{"type":"WL","typeId":16,"uuid":"B16_12"}','收货','16','2','66','33', '2018-05-05 15:31:07.356', '2018-05-05 15:31:07.356'),
('87','{"type":"WL","typeId":16,"uuid":"B16_13"}','收货','16','3','67','36', '2018-05-05 15:31:07.356', '2018-05-05 15:31:07.356');

INSERT INTO WYWL
(id,EWM,status,WLId,GYSId,WLBHId,KDXId,AZFKType,imageUrl, createdAt, updatedAt)
VALUES
('88','{"type":"WL","typeId":14,"uuid":"B14_6"}','反馈','14','1','14','24','安装成功','imageUrl', '2018-05-05 15:31:07.356', '2018-05-05 15:31:07.356'),
('89','{"type":"WL","typeId":14,"uuid":"B14_7"}','反馈','14','1','15','24','丢失','imageUrl', '2018-05-05 15:31:07.356', '2018-05-05 15:31:07.356'),
('90','{"type":"WL","typeId":14,"uuid":"B14_8"}','反馈','14','1','16','24','安装成功','imageUrl', '2018-05-05 15:31:07.356', '2018-05-05 15:31:07.356'),
('91','{"type":"WL","typeId":10,"uuid":"B10_6"}','反馈','10','1','22','27','安装成功','imageUrl', '2018-05-05 15:31:07.356', '2018-05-05 15:31:07.356'),
('92','{"type":"WL","typeId":10,"uuid":"B10_7"}','反馈','10','1','23','27','丢失','imageUrl', '2018-05-05 15:31:07.356', '2018-05-05 15:31:07.356'),
('93','{"type":"WL","typeId":10,"uuid":"B10_8"}','反馈','10','1','24','27','安装成功','imageUrl', '2018-05-05 15:31:07.356', '2018-05-05 15:31:07.356'),
('94','{"type":"WL","typeId":10,"uuid":"B10_21"}','反馈','10','1','49','27','安装成功','imageUrl', '2018-05-05 15:31:07.356', '2018-05-05 15:31:07.356'),
('95','{"type":"WL","typeId":10,"uuid":"B10_22"}','反馈','10','1','50','27','安装成功','imageUrl', '2018-05-05 15:31:07.356', '2018-05-05 15:31:07.356'),
('96','{"type":"WL","typeId":10,"uuid":"B10_23"}','反馈','10','3','51','30','安装成功','imageUrl', '2018-05-05 15:31:07.356', '2018-05-05 15:31:07.356'),
('97','{"type":"WL","typeId":10,"uuid":"B10_24"}','反馈','10','1','52','27','安装成功','imageUrl', '2018-05-05 15:31:07.356', '2018-05-05 15:31:07.356'),
('98','{"type":"WL","typeId":16,"uuid":"B16_14"}','反馈','16','2','68','33','安装成功','imageUrl', '2018-05-05 15:31:07.356', '2018-05-05 15:31:07.356'),
('99','{"type":"WL","typeId":16,"uuid":"B16_15"}','反馈','16','2','69','33','安装成功','imageUrl', '2018-05-05 15:31:07.356', '2018-05-05 15:31:07.356'),
('100','{"type":"WL","typeId":16,"uuid":"B16_16"}','反馈','16','3','70','36','安装成功','imageUrl', '2018-05-05 15:31:07.356', '2018-05-05 15:31:07.356'),
('101','{"type":"WL","typeId":16,"uuid":"B16_17"}','反馈','16','2','71','33','安装成功','imageUrl', '2018-05-05 15:31:07.356', '2018-05-05 15:31:07.356');

INSERT INTO DPBH
(id,DWId,DPId,status,GYSId,ZXNumber,imageUrl, createdAt, updatedAt)
VALUES
('1','15','12','初始','1','0','imageUrl', '2018-05-05 15:31:07.356', '2018-05-05 15:31:07.356'),
('2','15','12','客服经理审批通过','1','0','imageUrl', '2018-05-05 15:31:07.356', '2018-05-05 15:31:07.356'),
('3','15','12','驳回','1','0','imageUrl', '2018-05-05 15:31:07.356', '2018-05-05 15:31:07.356'),
('4','11','8','初始','1','0','imageUrl', '2018-05-05 15:31:07.356', '2018-05-05 15:31:07.356'),
('5','11','8','客服经理审批通过','1','0','imageUrl', '2018-05-05 15:31:07.356', '2018-05-05 15:31:07.356'),
('6','11','8','驳回','1','0','imageUrl', '2018-05-05 15:31:07.356', '2018-05-05 15:31:07.356');

INSERT INTO DPBH
(id,DWId,DPId,status,GYSId,ZXNumber,imageUrl,AZGSId, createdAt, updatedAt)
VALUES
('7','15','12','客服经理审批通过','1','0','imageUrl','1', '2018-05-05 15:31:07.356', '2018-05-05 15:31:07.356'),
('8','11','8','通过','1','0','imageUrl','1', '2018-05-05 15:31:07.356', '2018-05-05 15:31:07.356'),
('72','11','8','通过','1','0','imageUrl','1', '2018-05-05 15:31:07.356', '2018-05-05 15:31:07.356');

INSERT INTO DPBH
(id,DWId,DPId,status,GYSId,ZXNumber,imageUrl,AZGSId,AZGUserId,YJZXTime, createdAt, updatedAt)
VALUES
('9','15','12','已分配发货供应商','1','0','imagUrl','1','36','2018-10-10', '2018-05-05 15:31:07.356', '2018-05-05 15:31:07.356'),
('10','15','12','装箱完成','1','1','imagUrl','2','38','2018-01-01', '2018-05-05 15:31:07.356', '2018-05-05 15:31:07.356'),
('11','15','12','装箱完成','1','1','imagUrl','2','38','2018-01-03', '2018-05-05 15:31:07.356', '2018-05-05 15:31:07.356'),
('12','15','12','装箱完成','1','1','imagUrl','2','38','2018-01-02', '2018-05-05 15:31:07.356', '2018-05-05 15:31:07.356'),
('13','15','12','收货','1','1','imagUrl','2','38','2018-01-02', '2018-05-05 15:31:07.356', '2018-05-05 15:31:07.356'),
('14','15','12','可拍全景图','1','1','imagUrl','2','38','2018-01-02', '2018-05-05 15:31:07.356', '2018-05-05 15:31:07.356'),
('15','15','12','可拍全景图','1','1','imagUrl','2','38','2018-01-02', '2018-05-05 15:31:07.356', '2018-05-05 15:31:07.356'),
('16','15','12','完成','1','1','imagUrl','2','38','2018-01-02', '2018-05-05 15:31:07.356', '2018-05-05 15:31:07.356'),
('17','11','8','已分配发货供应商','1','0','imagUrl','2','38','2018-10-10', '2018-05-05 15:31:07.356', '2018-05-05 15:31:07.356'),
('18','11','8','装箱完成','1','1','imagUrl','2','38','2018-01-04', '2018-05-05 15:31:07.356', '2018-05-05 15:31:07.356'),
('19','11','8','装箱完成','1','1','imagUrl','2','38','2018-01-05', '2018-05-05 15:31:07.356', '2018-05-05 15:31:07.356'),
('20','11','8','装箱完成','1','1','imagUrl','2','38','2018-01-06', '2018-05-05 15:31:07.356', '2018-05-05 15:31:07.356'),
('21','11','8','收货','1','1','imagUrl','2','38','2018-01-06', '2018-05-05 15:31:07.356', '2018-05-05 15:31:07.356'),
('22','11','8','收货','1','1','imagUrl','2','38','2018-01-06', '2018-05-05 15:31:07.356', '2018-05-05 15:31:07.356'),
('23','11','8','收货','1','1','imagUrl','2','38','2018-01-06', '2018-05-05 15:31:07.356', '2018-05-05 15:31:07.356'),
('24','11','8','收货','1','1','imagUrl','2','38','2018-01-06', '2018-05-05 15:31:07.356', '2018-05-05 15:31:07.356');

INSERT INTO DPBH
(id,DWId,DPId,DDId,status,GYSId,ZXNumber,imageUrl, createdAt, updatedAt)
VALUES
('25','11','8','2','初始','1','0','imagUrl', '2018-05-05 15:31:07.356', '2018-05-05 15:31:07.356'),
('26','11','8','2','客服经理审批通过','1','0','imagUrl', '2018-05-05 15:31:07.356', '2018-05-05 15:31:07.356'),
('27','11','8','2','驳回','1','0','imagUrl', '2018-05-05 15:31:07.356', '2018-05-05 15:31:07.356'),
('28','17','14','3','初始','2','0','imagUrl', '2018-05-05 15:31:07.356', '2018-05-05 15:31:07.356'),
('29','17','14','3','客服经理审批通过','2','0','imagUrl', '2018-05-05 15:31:07.356', '2018-05-05 15:31:07.356'),
('30','17','14','3','驳回','2','0','imagUrl', '2018-05-05 15:31:07.356', '2018-05-05 15:31:07.356');

INSERT INTO DPBH
(id,DWId,DPId,DDId,status,GYSId,ZXNumber,imageUrl,AZGSId, createdAt, updatedAt)
VALUES
('31','11','8','2','客服经理审批通过','1','0','imagUrl','1', '2018-05-05 15:31:07.356', '2018-05-05 15:31:07.356'),
('32','17','14','3','通过','2','0','imagUrl','1', '2018-05-05 15:31:07.356', '2018-05-05 15:31:07.356');

INSERT INTO DPBH
(id,DWId,DPId,DDId,status,GYSId,ZXNumber,imageUrl,AZGSId,AZGUserId,note,KFJLNote,PPJLNote,YJZXTime, createdAt, updatedAt)
VALUES
('33','11','8','2','已分配发货供应商','1','0','imagUrl','1','36','货物损坏','同意','同意','2018-10-10', '2018-05-05 15:31:07.356', '2018-05-05 15:31:07.356'),
('34','11','8','2','已分配发货供应商','1','0','imagUrl','1','37','货物损坏','同意','同意','2018-10-10', '2018-05-05 15:31:07.356', '2018-05-05 15:31:07.356'),
('35','11','8','2','已分配发货供应商','3','0','imagUrl','2','38','货物损坏','同意','同意','2018-10-10', '2018-05-05 15:31:07.356', '2018-05-05 15:31:07.356'),
('36','11','8','2','已分配发货供应商','3','0','imagUrl','2','38','货物损坏','同意','同意','2018-10-10', '2018-05-05 15:31:07.356', '2018-05-05 15:31:07.356'),
('37','11','8','2','装箱完成','1','1','imagUrl','1','36','货物损坏','同意','同意','2018-01-04', '2018-05-05 15:31:07.356', '2018-05-05 15:31:07.356'),
('38','11','8','2','装箱完成','1','1','imagUrl','1','37','货物损坏','同意','同意','2018-01-04', '2018-05-05 15:31:07.356', '2018-05-05 15:31:07.356'),
('39','11','8','2','装箱完成','3','1','imagUrl','1','38','货物损坏','同意','同意','2018-01-07', '2018-05-05 15:31:07.356', '2018-05-05 15:31:07.356'),
('40','11','8','2','装箱完成','1','1','imagUrl','1','36','货物损坏','同意','同意','2018-01-05', '2018-05-05 15:31:07.356', '2018-05-05 15:31:07.356'),
('41','11','8','2','装箱完成','1','1','imagUrl','1','37','货物损坏','同意','同意','2018-01-05', '2018-05-05 15:31:07.356', '2018-05-05 15:31:07.356'),
('42','11','8','2','装箱完成','3','1','imagUrl','1','38','货物损坏','同意','同意','2018-01-08', '2018-05-05 15:31:07.356', '2018-05-05 15:31:07.356'),
('43','11','8','2','装箱完成','1','1','imagUrl','2','36','货物损坏','同意','同意','2018-01-06', '2018-05-05 15:31:07.356', '2018-05-05 15:31:07.356'),
('44','11','8','2','装箱完成','1','1','imagUrl','2','37','货物损坏','同意','同意','2018-01-06', '2018-05-05 15:31:07.356', '2018-05-05 15:31:07.356'),
('45','11','8','2','装箱完成','3','1','imagUrl','2','38','货物损坏','同意','同意','2018-01-10', '2018-05-05 15:31:07.356', '2018-05-05 15:31:07.356'),
('46','11','8','2','收货','1','1','imagUrl','1','36','货物损坏','同意','同意','2018-01-06', '2018-05-05 15:31:07.356', '2018-05-05 15:31:07.356'),
('47','11','8','2','收货','1','1','imagUrl','1','37','货物损坏','同意','同意','2018-01-06', '2018-05-05 15:31:07.356', '2018-05-05 15:31:07.356'),
('48','11','8','2','收货','3','1','imagUrl','2','38','货物损坏','同意','同意','2018-01-17', '2018-05-05 15:31:07.356', '2018-05-05 15:31:07.356'),
('49','11','8','2','可拍全景图','1','1','imagUrl','1','36','货物损坏','同意','同意','2018-01-06', '2018-05-05 15:31:07.356', '2018-05-05 15:31:07.356'),
('50','11','8','2','可拍全景图','1','1','imagUrl','1','37','货物损坏','同意','同意','2018-01-06', '2018-05-05 15:31:07.356', '2018-05-05 15:31:07.356'),
('51','11','8','2','可拍全景图','3','1','imagUrl','2','38','货物损坏','同意','同意','2018-01-17', '2018-05-05 15:31:07.356', '2018-05-05 15:31:07.356'),
('52','11','8','2','完成','1','1','imagUrl','2','38','货物损坏','同意','同意','2018-01-06', '2018-05-05 15:31:07.356', '2018-05-05 15:31:07.356'),
('53','17','14','3','已分配发货供应商','2','0','imagUrl','1','36','货物损坏','同意','同意','2018-10-10', '2018-05-05 15:31:07.356', '2018-05-05 15:31:07.356'),
('54','17','14','3','已分配发货供应商','2','0','imagUrl','1','37','货物损坏','同意','同意','2018-10-10', '2018-05-05 15:31:07.356', '2018-05-05 15:31:07.356'),
('55','17','14','3','已分配发货供应商','3','0','imagUrl','2','38','货物损坏','同意','同意','2018-10-10', '2018-05-05 15:31:07.356', '2018-05-05 15:31:07.356'),
('56','17','14','3','装箱完成','2','1','imagUrl','1','36','货物损坏','同意','同意','2018-01-11', '2018-05-05 15:31:07.356', '2018-05-05 15:31:07.356'),
('57','17','14','3','装箱完成','2','1','imagUrl','1','37','货物损坏','同意','同意','2018-01-11', '2018-05-05 15:31:07.356', '2018-05-05 15:31:07.356'),
('58','17','14','3','装箱完成','3','1','imagUrl','2','38','货物损坏','同意','同意','2018-01-14', '2018-05-05 15:31:07.356', '2018-05-05 15:31:07.356'),
('59','17','14','3','装箱完成','2','1','imagUrl','1','36','货物损坏','同意','同意','2018-01-12', '2018-05-05 15:31:07.356', '2018-05-05 15:31:07.356'),
('60','17','14','3','装箱完成','2','1','imagUrl','1','37','货物损坏','同意','同意','2018-01-12', '2018-05-05 15:31:07.356', '2018-05-05 15:31:07.356'),
('61','17','14','3','装箱完成','3','1','imagUrl','2','38','货物损坏','同意','同意','2018-01-15', '2018-05-05 15:31:07.356', '2018-05-05 15:31:07.356'),
('62','17','14','3','装箱完成','2','1','imagUrl','1','36','货物损坏','同意','同意','2018-01-13', '2018-05-05 15:31:07.356', '2018-05-05 15:31:07.356'),
('63','17','14','3','装箱完成','2','1','imagUrl','1','37','货物损坏','同意','同意','2018-01-13', '2018-05-05 15:31:07.356', '2018-05-05 15:31:07.356'),
('64','17','14','3','装箱完成','3','1','imagUrl','2','38','货物损坏','同意','同意','2018-01-13', '2018-05-05 15:31:07.356', '2018-05-05 15:31:07.356'),
('65','17','14','3','收货','2','1','imagUrl','1','36','货物损坏','同意','同意','2018-01-13', '2018-05-05 15:31:07.356', '2018-05-05 15:31:07.356'),
('66','17','14','3','收货','2','1','imagUrl','1','37','货物损坏','同意','同意','2018-01-13', '2018-05-05 15:31:07.356', '2018-05-05 15:31:07.356'),
('67','17','14','3','收货','3','1','imagUrl','2','38','货物损坏','同意','同意','2018-01-16', '2018-05-05 15:31:07.356', '2018-05-05 15:31:07.356'),
('68','17','14','3','收货','2','1','imagUrl','1','36','货物损坏','同意','同意','2018-01-13', '2018-05-05 15:31:07.356', '2018-05-05 15:31:07.356'),
('69','17','14','3','收货','2','1','imagUrl','1','37','货物损坏','同意','同意','2018-01-13', '2018-05-05 15:31:07.356', '2018-05-05 15:31:07.356'),
('70','17','14','3','收货','3','1','imagUrl','2','38','货物损坏','同意','同意','2018-01-16', '2018-05-05 15:31:07.356', '2018-05-05 15:31:07.356'),
('71','17','14','3','收货','2','1','imagUrl','2','38','货物损坏','同意','同意','2018-01-13', '2018-05-05 15:31:07.356', '2018-05-05 15:31:07.356');

INSERT INTO WYDP
(id,EWM,status,DPId,GYSId,DPBHId,KDXId, createdAt, updatedAt)
VALUES
('35','{"type":"DP","typeId":12,"uuid":"B12_2","DWId":15,"name":"DW1","CZ":"100*100","CC":"铜板"}','装箱','12','1','10','37', '2018-05-05 15:31:07.356', '2018-05-05 15:31:07.356'),
('36','{"type":"DP","typeId":12,"uuid":"B12_3","DWId":15,"name":"DW1","CZ":"100*100","CC":"铜板"}','发货','12','1','11','38', '2018-05-05 15:31:07.356', '2018-05-05 15:31:07.356'),
('37','{"type":"DP","typeId":12,"uuid":"B12_4","DWId":15,"name":"DW1","CZ":"100*100","CC":"铜板"}','收箱','12','1','12','39', '2018-05-05 15:31:07.356', '2018-05-05 15:31:07.356'),
('38','{"type":"DP","typeId":12,"uuid":"B12_5","DWId":15,"name":"DW1","CZ":"100*100","CC":"铜板"}','收货','12','1','13','39', '2018-05-05 15:31:07.356', '2018-05-05 15:31:07.356'),
('39','{"type":"DP","typeId":8,"uuid":"B8_2","DWId":11,"name":"DW1","CZ":"100*100","CC":"铜板"}','装箱','8','1','18','40', '2018-05-05 15:31:07.356', '2018-05-05 15:31:07.356'),
('40','{"type":"DP","typeId":8,"uuid":"B8_3","DWId":11,"name":"DW1","CZ":"100*100","CC":"铜板"}','发货','8','1','19','41', '2018-05-05 15:31:07.356', '2018-05-05 15:31:07.356'),
('41','{"type":"DP","typeId":8,"uuid":"B8_4","DWId":11,"name":"DW1","CZ":"100*100","CC":"铜板"}','收箱','8','1','20','42', '2018-05-05 15:31:07.356', '2018-05-05 15:31:07.356'),
('42','{"type":"DP","typeId":8,"uuid":"B8_5","DWId":11,"name":"DW1","CZ":"100*100","CC":"铜板"}','收货','8','1','21','42', '2018-05-05 15:31:07.356', '2018-05-05 15:31:07.356'),
('43','{"type":"DP","typeId":8,"uuid":"B8_6","DWId":11,"name":"DW1","CZ":"100*100","CC":"铜板"}','装箱','8','1','37','40', '2018-05-05 15:31:07.356', '2018-05-05 15:31:07.356'),
('44','{"type":"DP","typeId":8,"uuid":"B8_7","DWId":11,"name":"DW1","CZ":"100*100","CC":"铜板"}','装箱','8','1','38','40', '2018-05-05 15:31:07.356', '2018-05-05 15:31:07.356'),
('45','{"type":"DP","typeId":8,"uuid":"B8_8","DWId":11,"name":"DW1","CZ":"100*100","CC":"铜板"}','装箱','8','3','39','43', '2018-05-05 15:31:07.356', '2018-05-05 15:31:07.356'),
('46','{"type":"DP","typeId":8,"uuid":"B8_9","DWId":11,"name":"DW1","CZ":"100*100","CC":"铜板"}','发货','8','1','40','41', '2018-05-05 15:31:07.356', '2018-05-05 15:31:07.356'),
('47','{"type":"DP","typeId":8,"uuid":"B8_10","DWId":11,"name":"DW1","CZ":"100*100","CC":"铜板"}','发货','8','1','41','41', '2018-05-05 15:31:07.356', '2018-05-05 15:31:07.356'),
('48','{"type":"DP","typeId":8,"uuid":"B8_11","DWId":11,"name":"DW1","CZ":"100*100","CC":"铜板"}','发货','8','3','42','44', '2018-05-05 15:31:07.356', '2018-05-05 15:31:07.356'),
('49','{"type":"DP","typeId":8,"uuid":"B8_12","DWId":11,"name":"DW1","CZ":"100*100","CC":"铜板"}','收箱','8','1','43','42', '2018-05-05 15:31:07.356', '2018-05-05 15:31:07.356'),
('50','{"type":"DP","typeId":8,"uuid":"B8_13","DWId":11,"name":"DW1","CZ":"100*100","CC":"铜板"}','收箱','8','1','44','42', '2018-05-05 15:31:07.356', '2018-05-05 15:31:07.356'),
('51','{"type":"DP","typeId":8,"uuid":"B8_14","DWId":11,"name":"DW1","CZ":"100*100","CC":"铜板"}','收箱','8','3','45','45', '2018-05-05 15:31:07.356', '2018-05-05 15:31:07.356'),
('52','{"type":"DP","typeId":8,"uuid":"B8_15","DWId":11,"name":"DW1","CZ":"100*100","CC":"铜板"}','收货','8','1','46','42', '2018-05-05 15:31:07.356', '2018-05-05 15:31:07.356'),
('53','{"type":"DP","typeId":8,"uuid":"B8_16","DWId":11,"name":"DW1","CZ":"100*100","CC":"铜板"}','收货','8','1','47','42', '2018-05-05 15:31:07.356', '2018-05-05 15:31:07.356'),
('54','{"type":"DP","typeId":8,"uuid":"B8_17","DWId":11,"name":"DW1","CZ":"100*100","CC":"铜板"}','收货','8','3','48','45', '2018-05-05 15:31:07.356', '2018-05-05 15:31:07.356'),
('55','{"type":"DP","typeId":14,"uuid":"B14_2","DWId":17,"name":"DW3","CZ":"200*100","CC":"铜板"}','装箱','14','2','56','46', '2018-05-05 15:31:07.356', '2018-05-05 15:31:07.356'),
('56','{"type":"DP","typeId":14,"uuid":"B14_3","DWId":17,"name":"DW3","CZ":"200*100","CC":"铜板"}','装箱','14','2','57','46', '2018-05-05 15:31:07.356', '2018-05-05 15:31:07.356'),
('57','{"type":"DP","typeId":14,"uuid":"B14_4","DWId":17,"name":"DW3","CZ":"200*100","CC":"铜板"}','装箱','14','3','58','49', '2018-05-05 15:31:07.356', '2018-05-05 15:31:07.356'),
('58','{"type":"DP","typeId":14,"uuid":"B14_5","DWId":17,"name":"DW3","CZ":"200*100","CC":"铜板"}','发货','14','2','59','47', '2018-05-05 15:31:07.356', '2018-05-05 15:31:07.356'),
('59','{"type":"DP","typeId":14,"uuid":"B14_6","DWId":17,"name":"DW3","CZ":"200*100","CC":"铜板"}','发货','14','2','60','47', '2018-05-05 15:31:07.356', '2018-05-05 15:31:07.356'),
('60','{"type":"DP","typeId":14,"uuid":"B14_7","DWId":17,"name":"DW3","CZ":"200*100","CC":"铜板"}','发货','14','3','61','50', '2018-05-05 15:31:07.356', '2018-05-05 15:31:07.356'),
('61','{"type":"DP","typeId":14,"uuid":"B14_8","DWId":17,"name":"DW3","CZ":"200*100","CC":"铜板"}','收箱','14','2','62','48', '2018-05-05 15:31:07.356', '2018-05-05 15:31:07.356'),
('62','{"type":"DP","typeId":14,"uuid":"B14_9","DWId":17,"name":"DW3","CZ":"200*100","CC":"铜板"}','收箱','14','2','63','48', '2018-05-05 15:31:07.356', '2018-05-05 15:31:07.356'),
('63','{"type":"DP","typeId":14,"uuid":"B14_10","DWId":17,"name":"DW3","CZ":"200*100","CC":"铜板"}','收箱','14','3','64','48', '2018-05-05 15:31:07.356', '2018-05-05 15:31:07.356'),
('64','{"type":"DP","typeId":14,"uuid":"B14_11","DWId":17,"name":"DW3","CZ":"200*100","CC":"铜板"}','收货','14','2','65','48', '2018-05-05 15:31:07.356', '2018-05-05 15:31:07.356'),
('65','{"type":"DP","typeId":14,"uuid":"B14_12","DWId":17,"name":"DW3","CZ":"200*100","CC":"铜板"}','收货','14','2','66','48', '2018-05-05 15:31:07.356', '2018-05-05 15:31:07.356'),
('66','{"type":"DP","typeId":14,"uuid":"B14_13","DWId":17,"name":"DW3","CZ":"200*100","CC":"铜板"}','收货','14','3','67','51', '2018-05-05 15:31:07.356', '2018-05-05 15:31:07.356');

INSERT INTO WYDP
(id,EWM,status,DPId,GYSId,DPBHId,KDXId,AZFKType,imageUrl, createdAt, updatedAt)
VALUES
('67','{"type":"DP","typeId":12,"uuid":"B12_6","DWId":15,"name":"DW1","CZ":"100*100","CC":"铜板"}','反馈','12','1','14','39','安装成功','imageUrl', '2018-05-05 15:31:07.356', '2018-05-05 15:31:07.356'),
('68','{"type":"DP","typeId":12,"uuid":"B12_7","DWId":15,"name":"DW1","CZ":"100*100","CC":"铜板"}','反馈','12','1','15','39','丢失','imageUrl', '2018-05-05 15:31:07.356', '2018-05-05 15:31:07.356'),
('69','{"type":"DP","typeId":12,"uuid":"B12_8","DWId":15,"name":"DW1","CZ":"100*100","CC":"铜板"}','反馈','12','1','16','39','安装成功','imageUrl', '2018-05-05 15:31:07.356', '2018-05-05 15:31:07.356'),
('70','{"type":"DP","typeId":8,"uuid":"B8_18","DWId":11,"name":"DW1","CZ":"100*100","CC":"铜板"}','反馈','8','1','22','42','安装成功','imageUrl', '2018-05-05 15:31:07.356', '2018-05-05 15:31:07.356'),
('71','{"type":"DP","typeId":8,"uuid":"B8_19","DWId":11,"name":"DW1","CZ":"100*100","CC":"铜板"}','反馈','8','1','23','42','丢失','imageUrl', '2018-05-05 15:31:07.356', '2018-05-05 15:31:07.356'),
('72','{"type":"DP","typeId":8,"uuid":"B8_20","DWId":11,"name":"DW1","CZ":"100*100","CC":"铜板"}','反馈','8','1','24','42','安装成功','imageUrl', '2018-05-05 15:31:07.356', '2018-05-05 15:31:07.356'),
('73','{"type":"DP","typeId":8,"uuid":"B8_21","DWId":11,"name":"DW1","CZ":"100*100","CC":"铜板"}','反馈','8','1','49','42','安装成功','imageUrl', '2018-05-05 15:31:07.356', '2018-05-05 15:31:07.356'),
('74','{"type":"DP","typeId":8,"uuid":"B8_22","DWId":11,"name":"DW1","CZ":"100*100","CC":"铜板"}','反馈','8','1','50','42','安装成功','imageUrl', '2018-05-05 15:31:07.356', '2018-05-05 15:31:07.356'),
('75','{"type":"DP","typeId":8,"uuid":"B8_23","DWId":11,"name":"DW1","CZ":"100*100","CC":"铜板"}','反馈','8','3','51','45','安装成功','imageUrl', '2018-05-05 15:31:07.356', '2018-05-05 15:31:07.356'),
('76','{"type":"DP","typeId":8,"uuid":"B8_24","DWId":11,"name":"DW1","CZ":"100*100","CC":"铜板"}','反馈','8','1','52','42','安装成功','imageUrl', '2018-05-05 15:31:07.356', '2018-05-05 15:31:07.356'),
('77','{"type":"DP","typeId":14,"uuid":"B14_14","DWId":17,"name":"DW3","CZ":"200*100","CC":"铜板"}','反馈','14','2','68','48','安装成功','imageUrl', '2018-05-05 15:31:07.356', '2018-05-05 15:31:07.356'),
('78','{"type":"DP","typeId":14,"uuid":"B14_15","DWId":17,"name":"DW3","CZ":"200*100","CC":"铜板"}','反馈','14','2','69','48','安装成功','imageUrl', '2018-05-05 15:31:07.356', '2018-05-05 15:31:07.356'),
('79','{"type":"DP","typeId":14,"uuid":"B14_16","DWId":17,"name":"DW3","CZ":"200*100","CC":"铜板"}','反馈','14','3','70','51','安装成功','imageUrl', '2018-05-05 15:31:07.356', '2018-05-05 15:31:07.356'),
('80','{"type":"DP","typeId":14,"uuid":"B14_17","DWId":17,"name":"DW3","CZ":"200*100","CC":"铜板"}','反馈','14','2','71','48','安装成功','imageUrl', '2018-05-05 15:31:07.356', '2018-05-05 15:31:07.356');
