
INSERT INTO User
(Id,username,password,JS, createdAt, updatedAt)
VALUES
('1','admin','$2a$08$rRCqYDU5L/6QnUpCfs1eyOab/K0zSGPriiBOGMVptj3.F1rNUMDnW','系统管理员', '2018-06-05 22:35:27.946', '2018-06-05 22:35:27.946'),
('2','PPJL1','$2a$08$FVQWGM/oJTu6TIA9P/0l0uR6ZSchKGFmmskuyKtGm.a8oAXvUI8wa','品牌经理', '2018-06-05 22:35:27.946', '2018-06-05 22:35:27.946'),
('3','PPJL2','$2a$08$ERqcC5rvuQmtMyk.GJ87h.O8LHEfxPxlHKGSSL0GfxCg2LHOSUij6','品牌经理', '2018-06-05 22:35:27.946', '2018-06-05 22:35:27.946'),
('4','PPJL3','$2a$08$Bbvm6TlTqfyEvYFlAkBXWuBf2D4KasJAv3ewx2pu7mkeA3zmL1HPC','品牌经理', '2018-06-05 22:35:27.946', '2018-06-05 22:35:27.946'),
('5','PPJL4','$2a$08$hNB3rX6p3c4WqWNbeNmb8.fDHmuYS6G6VPLvhh/1hmZCEW9GSIWN2','品牌经理', '2018-06-05 22:35:27.946', '2018-06-05 22:35:27.946'),
('6','PPJL5','$2a$08$EdOct0BfxIORB2iO3wU4oedyOcuWUd0losl3TwTB/4K3.jTKKy60S','品牌经理', '2018-06-05 22:35:27.946', '2018-06-05 22:35:27.946'),
('7','PPJL6','$2a$08$VqZkrlykFFwubG1A0EZJ3OVR7f6HqSvafQ1SBI0yeKHReq4RT9vSK','品牌经理', '2018-06-05 22:35:27.946', '2018-06-05 22:35:27.946'),
('8','KFJL1','$2a$08$9LPiXqLWBFk49HU1fRe1QOfW0qnkqUbg/wL1dnrV5LdDq8hTofSVe','客服经理', '2018-06-05 22:35:27.946', '2018-06-05 22:35:27.946'),
('9','KFJL2','$2a$08$W0kwI5LbkDZoCKkU0WHMQ.VDctuN6YbfsSmPpadjDnQ8aUHPJEEge','客服经理', '2018-06-05 22:35:27.946', '2018-06-05 22:35:27.946'),
('10','KFJL3','$2a$08$AcO3Gviu9WD8Idba.x8UkOWilZ6UuKOYEVNVvMPrYyFaYXG22OboG','客服经理', '2018-06-05 22:35:27.946', '2018-06-05 22:35:27.946'),
('11','KFJL4','$2a$08$qCJiCKUz9XWipMhHOXhFe.xI0dBYHowb0uhMOSG63QHFJLhsYGvMy','客服经理', '2018-06-05 22:35:27.946', '2018-06-05 22:35:27.946'),
('12','KFJL5','$2a$08$GI7YcYCKgptE443YSkLLdeirF0uhCMy7WBVDXzZKVaWlRnRK7Kjl.','客服经理', '2018-06-05 22:35:27.946', '2018-06-05 22:35:27.946'),
('13','KFJL6','$2a$08$ArFrWkWbFrwhEntFO5CN3.wVphknTvbZzbgSLQXjG/RDCtGX7qU7G','客服经理', '2018-06-05 22:35:27.946', '2018-06-05 22:35:27.946'),
('14','GZ1','$2a$08$oqSLiZFWwQGXMpvHuEeU2Oxs.8BaGBRTl3LMu2KmlLgP5B1aAUwaa','柜长', '2018-06-05 22:35:27.946', '2018-06-05 22:35:27.946'),
('15','GZ2','$2a$08$0rwmwwPp/Ma2E6AtOEPcb.C4OdHSkgKdzmTIHLFZE1JZ2TxPsj9nG','柜长', '2018-06-05 22:35:27.946', '2018-06-05 22:35:27.946'),
('16','GZ3','$2a$08$AFaFo5ymP5NZUojZ66sRM.xyAGpGSWeA2048wbdoy2AdUOlkCq8Ua','柜长', '2018-06-05 22:35:27.946', '2018-06-05 22:35:27.946'),
('17','GTBA1','$2a$08$8RTGKmrrlYjzUV5kzinNGeokFVojBh1d3IdBjpvOap8jfHzdwaXru','柜台BA', '2018-06-05 22:35:27.946', '2018-06-05 22:35:27.946'),
('18','GTBA2','$2a$08$ehyzkw.ria.2clzkVeBNYOu18ZrDDtIC81daW0oUYZy4insD07mJy','柜台BA', '2018-06-05 22:35:27.946', '2018-06-05 22:35:27.946'),
('19','GTBA3','$2a$08$RvWoAwH7bb.eBbv56w.8wuKzYuGbyIHZ77DqxPgFDUxtp.uOpHlaK','柜台BA', '2018-06-05 22:35:27.946', '2018-06-05 22:35:27.946'),
('20','GTBA4','$2a$08$nRS1TouOipWtGp/wLLe1bO7NHsuy0WmtJbcaOwhMdLBI85Y3Dc91C','柜台BA', '2018-06-05 22:35:27.946', '2018-06-05 22:35:27.946'),
('21','GTBA5','$2a$08$KhXL81Iwuys7BIhQ65NwBeMDi2sJrEGSe9o20y1NcCHSeLQO1CJVe','柜台BA', '2018-06-05 22:35:27.946', '2018-06-05 22:35:27.946'),
('22','GTBA6','$2a$08$AOGGGY25cZ87sPjdrb1Sx.nCuBrNQWCM.j4NhkGbrOiWWWDJ5jA2G','柜台BA', '2018-06-05 22:35:27.946', '2018-06-05 22:35:27.946'),
('23','GTBA7','$2a$08$O8PWBi768xucmHA1waV5u.b2y5AHoGKmbmyFyDXbVTnJOJnZ6tPXu','柜台BA', '2018-06-05 22:35:27.946', '2018-06-05 22:35:27.946'),
('24','GTBA8','$2a$08$LcDOFYZxVNbYDHAX8ZmEK.l7EFPdFsQWP79YOu.3/vOpNmX9EZPI2','柜台BA', '2018-06-05 22:35:27.946', '2018-06-05 22:35:27.946'),
('25','GTBA9','$2a$08$11dlexcvNAuAOINU6i4OQ.0iwMvqMeNtU2qSaojawPi6qB.iGBzji','柜台BA', '2018-06-05 22:35:27.946', '2018-06-05 22:35:27.946'),
('26','GTBA10','$2a$08$cHU4YdVISMSNMW0Myre1oeutrRn1Z4g4pfjSOOiVPdQDTr6qGjYem','柜台BA', '2018-06-05 22:35:27.946', '2018-06-05 22:35:27.946'),
('27','GYSGLY1','$2a$08$CWNTJBOgr.s.hRxr1sQBQuyEtiZfo0fB0mbMxba4bkN/MSkscR9R6','供应商管理员', '2018-06-05 22:35:27.946', '2018-06-05 22:35:27.946'),
('28','GYSGLY2','$2a$08$wx8MQtVGpUrJRsOZJ80nXO1JyW/32.Qdhvr95xFIwWYfJfxw3Mbuu','供应商管理员', '2018-06-05 22:35:27.946', '2018-06-05 22:35:27.946'),
('29','GYSGLY3','$2a$08$oloLTNRgWvxs1dslGF0tFuxhG1hHDMxJyoUF58xMqwOnh3JCrmquu','供应商管理员', '2018-06-05 22:35:27.946', '2018-06-05 22:35:27.946'),
('30','ZHY1','$2a$08$J5GYZ9sAkWR5iq4wHfi.3u5dcoVdz1Y.p3zOHtsRqkhkcMtfJNe4e','装货员', '2018-06-05 22:35:27.946', '2018-06-05 22:35:27.946'),
('31','ZHY2','$2a$08$MB7iz6AaeudO.wikHmC2hu.D6Y4JXT6FfXtCZRnKibSQRMsu5Ps0O','装货员', '2018-06-05 22:35:27.946', '2018-06-05 22:35:27.946'),
('32','ZHY3','$2a$08$zWq83EmljCG0VGug6DupK.TNBMQJqQDax.m36tYUNTYLuiLOpufve','装货员', '2018-06-05 22:35:27.946', '2018-06-05 22:35:27.946'),
('33','ZHY4','$2a$08$5LcSgy2jnohwwsMwIhowBOfapKKrDS9FpIBNRdP6phpB4mFrZkaui','装货员', '2018-06-05 22:35:27.946', '2018-06-05 22:35:27.946'),
('34','AZGSGLY1','$2a$08$eG8mAIDDknZp79/jg5ODe.TFSY6yFLnUoOyN16..RM72DDj4o3co.','安装公司管理员', '2018-06-05 22:35:27.946', '2018-06-05 22:35:27.946'),
('35','AZGSGLY2','$2a$08$VNvcwsVad2kWW/5MqisQ/.EriwMUwAdYUnvwGU2dvS7eQ1nS80zhO','安装公司管理员', '2018-06-05 22:35:27.946', '2018-06-05 22:35:27.946'),
('36','AZG1','$2a$08$Lf4c3dAVs.K8SH7jSdO5QejxurXpIj4cEUg8UycaFWY8pC61hRSqq','安装工', '2018-06-05 22:35:27.946', '2018-06-05 22:35:27.946'),
('37','AZG2','$2a$08$hex8hl0njyxK3aV1T/hTb.rRObnG2HVpacTM/CiclGM4pb/skX3HG','安装工', '2018-06-05 22:35:27.946', '2018-06-05 22:35:27.946'),
('38','AZG3','$2a$08$Y/1QVNDB.O4CzXrAiASjz.UEH7Rvk1DGqJp/ZtU1tTAl6oCk6fJka','安装工', '2018-06-05 22:35:27.946', '2018-06-05 22:35:27.946'),
('39','GTBA11','$2a$08$Q7EFEPRC1A8NsG20XEfBZe0sm/j1L95yglklvS6L3uhUG7JjI0Ls2','柜台BA', '2018-06-05 22:35:27.946', '2018-06-05 22:35:27.946'),
('40','GZ_T','$2a$08$BhQq6i9ShNI5Qw.XvUGlsuXDXabpa7zKM7yodh0H/JNV1662y5Vge','柜长', '2018-06-05 22:35:27.946', '2018-06-05 22:35:27.946');

INSERT INTO PP
(id,name, createdAt, updatedAt)
VALUES
('1','PP1', '2018-06-05 22:35:27.946', '2018-06-05 22:35:27.946'),
('2','PP2', '2018-06-05 22:35:27.946', '2018-06-05 22:35:27.946'),
('3','PP3', '2018-06-05 22:35:27.946', '2018-06-05 22:35:27.946'),
('4','PP4', '2018-06-05 22:35:27.946', '2018-06-05 22:35:27.946'),
('5','PP5', '2018-06-05 22:35:27.946', '2018-06-05 22:35:27.946'),
('6','PP6', '2018-06-05 22:35:27.946', '2018-06-05 22:35:27.946'),
('7','PP7', '2018-06-05 22:35:27.946', '2018-06-05 22:35:27.946');

INSERT INTO PPJL_PP
(UserId,PPId, createdAt, updatedAt)
VALUES
('2','1', '2018-06-05 22:35:27.946', '2018-06-05 22:35:27.946'),
('3','2', '2018-06-05 22:35:27.946', '2018-06-05 22:35:27.946'),
('4','3', '2018-06-05 22:35:27.946', '2018-06-05 22:35:27.946'),
('5','4', '2018-06-05 22:35:27.946', '2018-06-05 22:35:27.946'),
('6','5', '2018-06-05 22:35:27.946', '2018-06-05 22:35:27.946'),
('7','6', '2018-06-05 22:35:27.946', '2018-06-05 22:35:27.946');

INSERT INTO KFJL_PP
(UserId,PPId, createdAt, updatedAt)
VALUES
('8','1', '2018-06-05 22:35:27.946', '2018-06-05 22:35:27.946'),
('9','2', '2018-06-05 22:35:27.946', '2018-06-05 22:35:27.946'),
('10','3', '2018-06-05 22:35:27.946', '2018-06-05 22:35:27.946'),
('11','4', '2018-06-05 22:35:27.946', '2018-06-05 22:35:27.946'),
('12','5', '2018-06-05 22:35:27.946', '2018-06-05 22:35:27.946'),
('13','6', '2018-06-05 22:35:27.946', '2018-06-05 22:35:27.946');

INSERT INTO GZ_PP
(UserId,PPId, createdAt, updatedAt)
VALUES
('14','1', '2018-06-05 22:35:27.946', '2018-06-05 22:35:27.946'),
('15','1', '2018-06-05 22:35:27.946', '2018-06-05 22:35:27.946'),
('16','2', '2018-06-05 22:35:27.946', '2018-06-05 22:35:27.946'),
('40','1', '2018-06-05 22:35:27.946', '2018-06-05 22:35:27.946');

INSERT INTO GT
(id,name,code,PPId,QY,GTBAUserId,GZUserId,CS, createdAt, updatedAt)
VALUES
('1','GT1','1','1','南区','17','14','上海', '2018-06-05 22:35:27.946', '2018-06-05 22:35:27.946'),
('2','GT2','2','1','南区','18','14','北京', '2018-06-05 22:35:27.946', '2018-06-05 22:35:27.946'),
('3','GT3','3','1','东区','19','15','广州', '2018-06-05 22:35:27.946', '2018-06-05 22:35:27.946'),
('4','GT4','4','1','东区','20','15','广州', '2018-06-05 22:35:27.946', '2018-06-05 22:35:27.946');

INSERT INTO GT
(id,name,code,PPId,QY,GTBAUserId,CS, createdAt, updatedAt)
VALUES
('5','GT5','5','1','东区','21','广州', '2018-06-05 22:35:27.946', '2018-06-05 22:35:27.946'),
('6','GT6','6','2','东区','22','广州', '2018-06-05 22:35:27.946', '2018-06-05 22:35:27.946'),
('7','GT7','7','3','东区','23','广州', '2018-06-05 22:35:27.946', '2018-06-05 22:35:27.946'),
('8','GT8','8','4','东区','24','广州', '2018-06-05 22:35:27.946', '2018-06-05 22:35:27.946'),
('9','GT9','9','5','东区','25','广州', '2018-06-05 22:35:27.946', '2018-06-05 22:35:27.946'),
('10','GT10','10','6','东区','26','广州', '2018-06-05 22:35:27.946', '2018-06-05 22:35:27.946'),
('11','GT11','11','4','东区','39','广州', '2018-06-05 22:35:27.946', '2018-06-05 22:35:27.946');

INSERT INTO GYS
(id,Name,type, createdAt, updatedAt)
VALUES
('1','GYS1','生产', '2018-06-05 22:35:27.946', '2018-06-05 22:35:27.946'),
('2','GYS2','生产', '2018-06-05 22:35:27.946', '2018-06-05 22:35:27.946'),
('3','GYS3','中转', '2018-06-05 22:35:27.946', '2018-06-05 22:35:27.946');

INSERT INTO GLY_GYS
(UserId,GYSId, createdAt, updatedAt)
VALUES
('27','1', '2018-06-05 22:35:27.946', '2018-06-05 22:35:27.946'),
('28','2', '2018-06-05 22:35:27.946', '2018-06-05 22:35:27.946'),
('29','3', '2018-06-05 22:35:27.946', '2018-06-05 22:35:27.946');

INSERT INTO ZHY_GYS
(UserId,GYSId, createdAt, updatedAt)
VALUES
('30','1', '2018-06-05 22:35:27.946', '2018-06-05 22:35:27.946'),
('31','1', '2018-06-05 22:35:27.946', '2018-06-05 22:35:27.946'),
('32','2', '2018-06-05 22:35:27.946', '2018-06-05 22:35:27.946'),
('33','3', '2018-06-05 22:35:27.946', '2018-06-05 22:35:27.946');

INSERT INTO AZGS
(id,name, createdAt, updatedAt)
VALUES
('1','AZGS1', '2018-06-05 22:35:27.946', '2018-06-05 22:35:27.946'),
('2','AZGS2', '2018-06-05 22:35:27.946', '2018-06-05 22:35:27.946');

INSERT INTO GLY_AZGS
(UserId,AZGSId, createdAt, updatedAt)
VALUES
('34','1', '2018-06-05 22:35:27.946', '2018-06-05 22:35:27.946'),
('35','2', '2018-06-05 22:35:27.946', '2018-06-05 22:35:27.946');

INSERT INTO AZG_AZGS
(UserId,AZGSId, createdAt, updatedAt)
VALUES
('36','1', '2018-06-05 22:35:27.946', '2018-06-05 22:35:27.946'),
('37','1', '2018-06-05 22:35:27.946', '2018-06-05 22:35:27.946'),
('38','2', '2018-06-05 22:35:27.946', '2018-06-05 22:35:27.946');

INSERT INTO DP
(id,name,PPId,GYSId, createdAt, updatedAt)
VALUES
('1','DP1','1','1', '2018-06-05 22:35:27.946', '2018-06-05 22:35:27.946'),
('2','DP2','1','1', '2018-06-05 22:35:27.946', '2018-06-05 22:35:27.946'),
('3','DP3','1','1', '2018-06-05 22:35:27.946', '2018-06-05 22:35:27.946'),
('4','DP4','1','2', '2018-06-05 22:35:27.946', '2018-06-05 22:35:27.946'),
('5','DP5','2','1', '2018-06-05 22:35:27.946', '2018-06-05 22:35:27.946'),
('6','DP6','2','1', '2018-06-05 22:35:27.946', '2018-06-05 22:35:27.946'),
('7','DP7','2','2', '2018-06-05 22:35:27.946', '2018-06-05 22:35:27.946'),
('8','DP8','3','1', '2018-06-05 22:35:27.946', '2018-06-05 22:35:27.946'),
('9','DP9','3','1', '2018-06-05 22:35:27.946', '2018-06-05 22:35:27.946'),
('10','DP10','3','2', '2018-06-05 22:35:27.946', '2018-06-05 22:35:27.946'),
('11','DP11','3','2', '2018-06-05 22:35:27.946', '2018-06-05 22:35:27.946'),
('12','DP12','4','1', '2018-06-05 22:35:27.946', '2018-06-05 22:35:27.946'),
('13','DP13','4','1', '2018-06-05 22:35:27.946', '2018-06-05 22:35:27.946'),
('14','DP14','4','2', '2018-06-05 22:35:27.946', '2018-06-05 22:35:27.946'),
('15','DP15','4','2', '2018-06-05 22:35:27.946', '2018-06-05 22:35:27.946'),
('16','DP16','4','2', '2018-06-05 22:35:27.946', '2018-06-05 22:35:27.946'),
('17','DP17','4','2', '2018-06-05 22:35:27.946', '2018-06-05 22:35:27.946'),
('18','DP18','4','2', '2018-06-05 22:35:27.946', '2018-06-05 22:35:27.946'),
('19','DP19','4','2', '2018-06-05 22:35:27.946', '2018-06-05 22:35:27.946'),
('20','DP20','4','2', '2018-06-05 22:35:27.946', '2018-06-05 22:35:27.946'),
('21','DP21','4','2', '2018-06-05 22:35:27.946', '2018-06-05 22:35:27.946'),
('22','DP22','4','2', '2018-06-05 22:35:27.946', '2018-06-05 22:35:27.946'),
('23','DP23','4','2', '2018-06-05 22:35:27.946', '2018-06-05 22:35:27.946'),
('24','DP24','4','2', '2018-06-05 22:35:27.946', '2018-06-05 22:35:27.946'),
('25','DP25','4','2', '2018-06-05 22:35:27.946', '2018-06-05 22:35:27.946'),
('26','DP26','4','2', '2018-06-05 22:35:27.946', '2018-06-05 22:35:27.946'),
('27','DP27','4','2', '2018-06-05 22:35:27.946', '2018-06-05 22:35:27.946'),
('28','DP28','4','2', '2018-06-05 22:35:27.946', '2018-06-05 22:35:27.946'),
('29','DP29','5','1', '2018-06-05 22:35:27.946', '2018-06-05 22:35:27.946'),
('30','DP30','5','1', '2018-06-05 22:35:27.946', '2018-06-05 22:35:27.946'),
('31','DP31','5','2', '2018-06-05 22:35:27.946', '2018-06-05 22:35:27.946'),
('32','DP32','6','1', '2018-06-05 22:35:27.946', '2018-06-05 22:35:27.946'),
('33','DP33','6','1', '2018-06-05 22:35:27.946', '2018-06-05 22:35:27.946'),
('34','DP34','6','2', '2018-06-05 22:35:27.946', '2018-06-05 22:35:27.946'),
('35','DP35','6','2', '2018-06-05 22:35:27.946', '2018-06-05 22:35:27.946'),
('36','DP36','6','2', '2018-06-05 22:35:27.946', '2018-06-05 22:35:27.946'),
('37','DP37','6','2', '2018-06-05 22:35:27.946', '2018-06-05 22:35:27.946'),
('38','DP38','6','2', '2018-06-05 22:35:27.946', '2018-06-05 22:35:27.946'),
('39','DP39','6','2', '2018-06-05 22:35:27.946', '2018-06-05 22:35:27.946'),
('40','DP40','6','2', '2018-06-05 22:35:27.946', '2018-06-05 22:35:27.946'),
('41','DP41','4','2', '2018-06-05 22:35:27.946', '2018-06-05 22:35:27.946'),
('42','DP42','5','1', '2018-06-05 22:35:27.946', '2018-06-05 22:35:27.946'),
('43','DP43','5','1', '2018-06-05 22:35:27.946', '2018-06-05 22:35:27.946'),
('44','DP44','5','2', '2018-06-05 22:35:27.946', '2018-06-05 22:35:27.946'),
('45','DP45','6','1', '2018-06-05 22:35:27.946', '2018-06-05 22:35:27.946'),
('46','DP46','6','1', '2018-06-05 22:35:27.946', '2018-06-05 22:35:27.946'),
('47','DP47','6','2', '2018-06-05 22:35:27.946', '2018-06-05 22:35:27.946'),
('48','DP48','6','1', '2018-06-05 22:35:27.946', '2018-06-05 22:35:27.946');

INSERT INTO DW
(id,name,GTId,DPId,CC,CZ, createdAt, updatedAt)
VALUES
('1','DW1','1','1','100*100','铜板', '2018-06-05 22:35:27.946', '2018-06-05 22:35:27.946'),
('2','DW2','1','1','100*100','铜板', '2018-06-05 22:35:27.946', '2018-06-05 22:35:27.946'),
('3','DW3','1','4','200*100','铜板', '2018-06-05 22:35:27.946', '2018-06-05 22:35:27.946'),
('4','DW1','2','1','100*100','铜板', '2018-06-05 22:35:27.946', '2018-06-05 22:35:27.946'),
('5','DW2','2','2','100*100','铜板', '2018-06-05 22:35:27.946', '2018-06-05 22:35:27.946'),
('6','DW1','3','3','200*100','铜板', '2018-06-05 22:35:27.946', '2018-06-05 22:35:27.946'),
('8','DW1','6','5','100*100','铜板', '2018-06-05 22:35:27.946', '2018-06-05 22:35:27.946'),
('9','DW2','6','6','100*100','铜板', '2018-06-05 22:35:27.946', '2018-06-05 22:35:27.946'),
('10','DW3','6','7','200*100','铜板', '2018-06-05 22:35:27.946', '2018-06-05 22:35:27.946'),
('11','DW1','7','8','100*100','铜板', '2018-06-05 22:35:27.946', '2018-06-05 22:35:27.946'),
('12','DW2','7','9','100*100','铜板', '2018-06-05 22:35:27.946', '2018-06-05 22:35:27.946'),
('13','DW3','7','10','200*100','铜板', '2018-06-05 22:35:27.946', '2018-06-05 22:35:27.946'),
('14','DW4','7','11','200*100','铜板', '2018-06-05 22:35:27.946', '2018-06-05 22:35:27.946'),
('15','DW1','8','12','100*100','铜板', '2018-06-05 22:35:27.946', '2018-06-05 22:35:27.946'),
('16','DW2','8','13','100*100','铜板', '2018-06-05 22:35:27.946', '2018-06-05 22:35:27.946'),
('17','DW3','8','14','200*100','铜板', '2018-06-05 22:35:27.946', '2018-06-05 22:35:27.946'),
('18','DW4','8','15','200*100','铜板', '2018-06-05 22:35:27.946', '2018-06-05 22:35:27.946'),
('19','DW5','8','16','200*100','铜板', '2018-06-05 22:35:27.946', '2018-06-05 22:35:27.946'),
('20','DW6','8','17','200*100','铜板', '2018-06-05 22:35:27.946', '2018-06-05 22:35:27.946'),
('21','DW7','8','18','200*100','铜板', '2018-06-05 22:35:27.946', '2018-06-05 22:35:27.946'),
('22','DW8','8','19','200*100','铜板', '2018-06-05 22:35:27.946', '2018-06-05 22:35:27.946'),
('23','DW9','8','20','200*100','铜板', '2018-06-05 22:35:27.946', '2018-06-05 22:35:27.946'),
('24','DW10','8','21','200*100','铜板', '2018-06-05 22:35:27.946', '2018-06-05 22:35:27.946'),
('25','DW11','8','22','200*100','铜板', '2018-06-05 22:35:27.946', '2018-06-05 22:35:27.946'),
('26','DW12','8','23','200*100','铜板', '2018-06-05 22:35:27.946', '2018-06-05 22:35:27.946'),
('27','DW13','8','24','200*100','铜板', '2018-06-05 22:35:27.946', '2018-06-05 22:35:27.946'),
('28','DW14','8','25','200*100','铜板', '2018-06-05 22:35:27.946', '2018-06-05 22:35:27.946'),
('29','DW15','8','26','200*100','铜板', '2018-06-05 22:35:27.946', '2018-06-05 22:35:27.946'),
('30','DW16','8','27','200*100','铜板', '2018-06-05 22:35:27.946', '2018-06-05 22:35:27.946'),
('31','DW17','8','28','200*100','铜板', '2018-06-05 22:35:27.946', '2018-06-05 22:35:27.946'),
('32','DW1','9','29','100*100','铜板', '2018-06-05 22:35:27.946', '2018-06-05 22:35:27.946'),
('33','DW2','9','30','100*100','铜板', '2018-06-05 22:35:27.946', '2018-06-05 22:35:27.946'),
('34','DW3','9','31','200*100','铜板', '2018-06-05 22:35:27.946', '2018-06-05 22:35:27.946'),
('35','DW1','10','32','100*100','铜板', '2018-06-05 22:35:27.946', '2018-06-05 22:35:27.946'),
('36','DW2','10','33','100*100','铜板', '2018-06-05 22:35:27.946', '2018-06-05 22:35:27.946'),
('37','DW3','10','34','200*100','铜板', '2018-06-05 22:35:27.946', '2018-06-05 22:35:27.946'),
('38','DW4','10','35','200*100','铜板', '2018-06-05 22:35:27.946', '2018-06-05 22:35:27.946'),
('39','DW5','10','36','200*100','铜板', '2018-06-05 22:35:27.946', '2018-06-05 22:35:27.946'),
('40','DW6','10','37','200*100','铜板', '2018-06-05 22:35:27.946', '2018-06-05 22:35:27.946'),
('41','DW7','10','38','200*100','铜板', '2018-06-05 22:35:27.946', '2018-06-05 22:35:27.946'),
('42','DW8','10','39','200*100','铜板', '2018-06-05 22:35:27.946', '2018-06-05 22:35:27.946'),
('43','DW9','10','40','200*100','铜板', '2018-06-05 22:35:27.946', '2018-06-05 22:35:27.946'),
('44','DW1','11','12','100*100','铜板', '2018-06-05 22:35:27.946', '2018-06-05 22:35:27.946'),
('45','DW2','11','41','100*100','铜板', '2018-06-05 22:35:27.946', '2018-06-05 22:35:27.946'),
('46','DW4','9','42','100*100','铜板', '2018-06-05 22:35:27.946', '2018-06-05 22:35:27.946'),
('47','DW5','9','43','100*100','铜板', '2018-06-05 22:35:27.946', '2018-06-05 22:35:27.946'),
('48','DW6','9','44','200*100','铜板', '2018-06-05 22:35:27.946', '2018-06-05 22:35:27.946'),
('49','DW10','10','45','100*100','铜板', '2018-06-05 22:35:27.946', '2018-06-05 22:35:27.946'),
('50','DW11','10','46','100*100','铜板', '2018-06-05 22:35:27.946', '2018-06-05 22:35:27.946'),
('51','DW12','10','47','200*100','铜板', '2018-06-05 22:35:27.946', '2018-06-05 22:35:27.946'),
('52','DW13','10','48','100*100','铜板', '2018-06-05 22:35:27.946', '2018-06-05 22:35:27.946');

INSERT INTO DW
(id,name,GTId,CC,CZ, createdAt, updatedAt)
VALUES
('7','DW1','4','100*100','铜板', '2018-06-05 22:35:27.946', '2018-06-05 22:35:27.946');

INSERT INTO FGTester
(id,name,PPId,Code1, createdAt, updatedAt)
VALUES
('1','FG1','1','1', '2018-06-05 22:35:27.946', '2018-06-05 22:35:27.946'),
('2','FG2','1','2', '2018-06-05 22:35:27.946', '2018-06-05 22:35:27.946'),
('3','FG3','1','3', '2018-06-05 22:35:27.946', '2018-06-05 22:35:27.946');

INSERT INTO WL
(id,name,code,level,PPId,GYSId,imageUrl, createdAt, updatedAt)
VALUES
('1','WL1_3_1','1_3_1','3','1','1','imageUrl1_3_1', '2018-06-05 22:35:27.946', '2018-06-05 22:35:27.946'),
('2','WL1_3_2','1_3_2','3','1','1','imageUrl1_3_2', '2018-06-05 22:35:27.946', '2018-06-05 22:35:27.946'),
('3','WL1_2_1','1_2_1','2','1','1','imageUrl1_2_1', '2018-06-05 22:35:27.946', '2018-06-05 22:35:27.946'),
('4','WL1_2_2','1_2_2','2','1','1','imageUrl1_2_2', '2018-06-05 22:35:27.946', '2018-06-05 22:35:27.946'),
('5','WL1_1_1','1_1_1','1','1','2','imageUrl1_1_1', '2018-06-05 22:35:27.946', '2018-06-05 22:35:27.946'),
('6','WL1_1_2','1_1_2','1','1','2','imageUrl1_1_2', '2018-06-05 22:35:27.946', '2018-06-05 22:35:27.946'),
('7','WL2_3_1','2_3_1','3','2','1','imageUrl2_3_1', '2018-06-05 22:35:27.946', '2018-06-05 22:35:27.946'),
('8','WL2_2_1','2_2_1','2','2','1','imageUrl2_2_1', '2018-06-05 22:35:27.946', '2018-06-05 22:35:27.946'),
('9','WL2_1_1','2_1_1','1','2','2','imageUrl2_1_1', '2018-06-05 22:35:27.946', '2018-06-05 22:35:27.946'),
('10','WL3_3_1','3_3_1','3','3','1','imageUrl3_3_1', '2018-06-05 22:35:27.946', '2018-06-05 22:35:27.946'),
('11','WL3_2_1','3_2_1','2','3','1','imageUrl3_2_1', '2018-06-05 22:35:27.946', '2018-06-05 22:35:27.946'),
('12','WL3_1_1','3_1_1','1','3','2','imageUrl3_1_1', '2018-06-05 22:35:27.946', '2018-06-05 22:35:27.946'),
('13','WL3_1_2','3_1_2','1','3','2','imageUrl3_1_2', '2018-06-05 22:35:27.946', '2018-06-05 22:35:27.946'),
('14','WL4_3_1','4_3_1','3','4','1','imageUrl4_3_1', '2018-06-05 22:35:27.946', '2018-06-05 22:35:27.946'),
('15','WL4_2_1','4_2_1','2','4','1','imageUrl4_2_1', '2018-06-05 22:35:27.946', '2018-06-05 22:35:27.946'),
('16','WL4_1_1','4_1_1','1','4','2','imageUrl4_1_1', '2018-06-05 22:35:27.946', '2018-06-05 22:35:27.946'),
('17','WL4_1_2','4_1_2','1','4','2','imageUrl4_1_2', '2018-06-05 22:35:27.946', '2018-06-05 22:35:27.946'),
('18','WL4_1_3','4_1_3','1','4','2','imageUrl4_1_3', '2018-06-05 22:35:27.946', '2018-06-05 22:35:27.946'),
('19','WL4_1_4','4_1_4','1','4','2','imageUrl4_1_4', '2018-06-05 22:35:27.946', '2018-06-05 22:35:27.946'),
('20','WL4_1_5','4_1_5','1','4','2','imageUrl4_1_5', '2018-06-05 22:35:27.946', '2018-06-05 22:35:27.946'),
('21','WL4_1_6','4_1_6','1','4','2','imageUrl4_1_6', '2018-06-05 22:35:27.946', '2018-06-05 22:35:27.946'),
('22','WL4_1_7','4_1_7','1','4','2','imageUrl4_1_7', '2018-06-05 22:35:27.946', '2018-06-05 22:35:27.946'),
('23','WL5_3_1','5_3_1','3','5','1','imageUrl5_3_1', '2018-06-05 22:35:27.946', '2018-06-05 22:35:27.946'),
('24','WL5_2_1','5_2_1','2','5','1','imageUrl5_2_1', '2018-06-05 22:35:27.946', '2018-06-05 22:35:27.946'),
('25','WL5_1_1','5_1_1','1','5','2','imageUrl5_1_1', '2018-06-05 22:35:27.946', '2018-06-05 22:35:27.946'),
('26','WL6_3_1','6_3_1','3','6','1','imageUrl6_3_1', '2018-06-05 22:35:27.946', '2018-06-05 22:35:27.946'),
('27','WL6_2_1','6_2_1','2','6','1','imageUrl6_2_1', '2018-06-05 22:35:27.946', '2018-06-05 22:35:27.946'),
('28','WL6_1_1','6_1_1','1','6','2','imageUrl6_1_1', '2018-06-05 22:35:27.946', '2018-06-05 22:35:27.946'),
('29','WL4_1_8','4_1_8','1','4','2','imageUrl4_1_8', '2018-06-05 22:35:27.946', '2018-06-05 22:35:27.946'),
('30','WL5_1_2','5_1_2','1','5','2','imageUrl5_1_2', '2018-06-05 22:35:27.946', '2018-06-05 22:35:27.946'),
('31','WL6_1_2','6_1_2','1','6','2','imageUrl6_1_2', '2018-06-05 22:35:27.946', '2018-06-05 22:35:27.946'),
('32','WL5_1_3','5_1_3','1','5','2','imageUrl5_1_3', '2018-06-05 22:35:27.946', '2018-06-05 22:35:27.946'),
('33','WL6_1_3','6_1_3','1','6','2','imageUrl6_1_3', '2018-06-05 22:35:27.946', '2018-06-05 22:35:27.946');

INSERT INTO EJZH
(id,name,WLId,PPId,imageUrl, createdAt, updatedAt)
VALUES
('1','EJZH1','3','1','imageUrlEJZH1', '2018-06-05 22:35:27.946', '2018-06-05 22:35:27.946'),
('2','EJZH2','3','1','imageUrlEJZH2', '2018-06-05 22:35:27.946', '2018-06-05 22:35:27.946'),
('3','EJZH3','3','1','imageUrlEJZH3', '2018-06-05 22:35:27.946', '2018-06-05 22:35:27.946'),
('4','EJZH4','4','1','imageUrlEJZH4', '2018-06-05 22:35:27.946', '2018-06-05 22:35:27.946'),
('5','EJZH5','8','2','imageUrlEJZH5', '2018-06-05 22:35:27.946', '2018-06-05 22:35:27.946'),
('6','EJZH6','11','3','imageUrlEJZH6', '2018-06-05 22:35:27.946', '2018-06-05 22:35:27.946'),
('7','EJZH7','15','4','imageUrlEJZH7', '2018-06-05 22:35:27.946', '2018-06-05 22:35:27.946'),
('8','EJZH8','24','5','imageUrlEJZH8', '2018-06-05 22:35:27.946', '2018-06-05 22:35:27.946'),
('9','EJZH9','27','5','imageUrlEJZH9', '2018-06-05 22:35:27.946', '2018-06-05 22:35:27.946');

INSERT INTO EJZH_FGTester
(EJZHId,FGTesterId,number, createdAt, updatedAt)
VALUES
('2','1','2', '2018-06-05 22:35:27.946', '2018-06-05 22:35:27.946'),
('3','1','2', '2018-06-05 22:35:27.946', '2018-06-05 22:35:27.946');

INSERT INTO EJZH_SJWL
(EJZHId,WLId,number, createdAt, updatedAt)
VALUES
('3','1','2', '2018-06-05 22:35:27.946', '2018-06-05 22:35:27.946'),
('4','1','2', '2018-06-05 22:35:27.946', '2018-06-05 22:35:27.946'),
('4','2','2', '2018-06-05 22:35:27.946', '2018-06-05 22:35:27.946'),
('5','7','2', '2018-06-05 22:35:27.946', '2018-06-05 22:35:27.946'),
('6','10','1', '2018-06-05 22:35:27.946', '2018-06-05 22:35:27.946'),
('7','14','1', '2018-06-05 22:35:27.946', '2018-06-05 22:35:27.946'),
('8','23','1', '2018-06-05 22:35:27.946', '2018-06-05 22:35:27.946'),
('9','26','1', '2018-06-05 22:35:27.946', '2018-06-05 22:35:27.946');

INSERT INTO YJZH
(id,name,WLId,PPId,imageUrl, createdAt, updatedAt)
VALUES
('1','YJZH1','5','1','imageUrlYJZH1', '2018-06-05 22:35:27.946', '2018-06-05 22:35:27.946'),
('2','YJZH2','5','1','imageUrlYJZH2', '2018-06-05 22:35:27.946', '2018-06-05 22:35:27.946'),
('3','YJZH3','5','1','imageUrlYJZH3', '2018-06-05 22:35:27.946', '2018-06-05 22:35:27.946'),
('4','YJZH4','9','2','imageUrlYJZH4', '2018-06-05 22:35:27.946', '2018-06-05 22:35:27.946'),
('5','YJZH5','12','3','imageUrlYJZH5', '2018-06-05 22:35:27.946', '2018-06-05 22:35:27.946'),
('6','YJZH6','13','3','imageUrlYJZH6', '2018-06-05 22:35:27.946', '2018-06-05 22:35:27.946'),
('7','YJZH7','16','4','imageUrlYJZH7', '2018-06-05 22:35:27.946', '2018-06-05 22:35:27.946'),
('8','YJZH8','17','4','imageUrlYJZH8', '2018-06-05 22:35:27.946', '2018-06-05 22:35:27.946'),
('9','YJZH9','18','4','imageUrlYJZH9', '2018-06-05 22:35:27.946', '2018-06-05 22:35:27.946'),
('10','YJZH10','19','4','imageUrlYJZH10', '2018-06-05 22:35:27.946', '2018-06-05 22:35:27.946'),
('11','YJZH11','20','4','imageUrlYJZH11', '2018-06-05 22:35:27.946', '2018-06-05 22:35:27.946'),
('12','YJZH12','21','4','imageUrlYJZH12', '2018-06-05 22:35:27.946', '2018-06-05 22:35:27.946'),
('13','YJZH13','22','4','imageUrlYJZH13', '2018-06-05 22:35:27.946', '2018-06-05 22:35:27.946'),
('14','YJZH14','25','5','imageUrlYJZH14', '2018-06-05 22:35:27.946', '2018-06-05 22:35:27.946'),
('15','YJZH15','28','6','imageUrlYJZH15', '2018-06-05 22:35:27.946', '2018-06-05 22:35:27.946'),
('16','YJZH16','29','4','imageUrlYJZH16', '2018-06-05 22:35:27.946', '2018-06-05 22:35:27.946'),
('17','YJZH17','30','5','imageUrlYJZH17', '2018-06-05 22:35:27.946', '2018-06-05 22:35:27.946'),
('18','YJZH18','31','6','imageUrlYJZH18', '2018-06-05 22:35:27.946', '2018-06-05 22:35:27.946'),
('19','YJZH19','32','5','imageUrlYJZH19', '2018-06-05 22:35:27.946', '2018-06-05 22:35:27.946'),
('20','YJZH20','33','6','imageUrlYJZH20', '2018-06-05 22:35:27.946', '2018-06-05 22:35:27.946');

INSERT INTO YJZH_EJZH
(YJZHId,EJZHId,number, createdAt, updatedAt)
VALUES
('2','1','2', '2018-06-05 22:35:27.946', '2018-06-05 22:35:27.946'),
('2','2','2', '2018-06-05 22:35:27.946', '2018-06-05 22:35:27.946'),
('3','2','2', '2018-06-05 22:35:27.946', '2018-06-05 22:35:27.946'),
('4','5','2', '2018-06-05 22:35:27.946', '2018-06-05 22:35:27.946'),
('5','6','1', '2018-06-05 22:35:27.946', '2018-06-05 22:35:27.946'),
('7','7','1', '2018-06-05 22:35:27.946', '2018-06-05 22:35:27.946'),
('14','8','1', '2018-06-05 22:35:27.946', '2018-06-05 22:35:27.946'),
('15','9','1', '2018-06-05 22:35:27.946', '2018-06-05 22:35:27.946');

INSERT INTO GT_YJZH
(GTId,YJZHId,number, createdAt, updatedAt)
VALUES
('1','1','2', '2018-06-05 22:35:27.946', '2018-06-05 22:35:27.946'),
('1','2','2', '2018-06-05 22:35:27.946', '2018-06-05 22:35:27.946'),
('2','1','2', '2018-06-05 22:35:27.946', '2018-06-05 22:35:27.946'),
('6','4','2', '2018-06-05 22:35:27.946', '2018-06-05 22:35:27.946'),
('7','5','2', '2018-06-05 22:35:27.946', '2018-06-05 22:35:27.946'),
('7','6','2', '2018-06-05 22:35:27.946', '2018-06-05 22:35:27.946'),
('8','7','4', '2018-06-05 22:35:27.946', '2018-06-05 22:35:27.946'),
('8','8','4', '2018-06-05 22:35:27.946', '2018-06-05 22:35:27.946'),
('8','9','4', '2018-06-05 22:35:27.946', '2018-06-05 22:35:27.946'),
('8','10','4', '2018-06-05 22:35:27.946', '2018-06-05 22:35:27.946'),
('8','11','4', '2018-06-05 22:35:27.946', '2018-06-05 22:35:27.946'),
('8','12','4', '2018-06-05 22:35:27.946', '2018-06-05 22:35:27.946'),
('8','13','4', '2018-06-05 22:35:27.946', '2018-06-05 22:35:27.946'),
('9','14','1', '2018-06-05 22:35:27.946', '2018-06-05 22:35:27.946'),
('10','15','2', '2018-06-05 22:35:27.946', '2018-06-05 22:35:27.946'),
('11','7','4', '2018-06-05 22:35:27.946', '2018-06-05 22:35:27.946'),
('11','16','4', '2018-06-05 22:35:27.946', '2018-06-05 22:35:27.946'),
('9','17','1', '2018-06-05 22:35:27.946', '2018-06-05 22:35:27.946'),
('10','18','2', '2018-06-05 22:35:27.946', '2018-06-05 22:35:27.946'),
('9','19','1', '2018-06-05 22:35:27.946', '2018-06-05 22:35:27.946'),
('10','20','2', '2018-06-05 22:35:27.946', '2018-06-05 22:35:27.946');

INSERT INTO YJZHXGT
(id,imageUrl,YJZHId, createdAt, updatedAt)
VALUES
('1','imageUrlYJZH1','1', '2018-06-05 22:35:27.946', '2018-06-05 22:35:27.946'),
('2','imageUrlYJZH2','2', '2018-06-05 22:35:27.946', '2018-06-05 22:35:27.946');

INSERT INTO EJZHXGT
(id,imageUrl,EJZHId, createdAt, updatedAt)
VALUES
('1','imageUrlEJZH1','1', '2018-06-05 22:35:27.946', '2018-06-05 22:35:27.946'),
('2','imageUrlEJZH2','2', '2018-06-05 22:35:27.946', '2018-06-05 22:35:27.946');

INSERT INTO DD
(id,name,status,PPId, createdAt, updatedAt)
VALUES
('1','DD_GT6','初始','2', '2018-06-05 22:35:27.946', '2018-06-05 22:35:27.946'),
('2','DD_GT7','已审批','3', '2018-06-05 22:35:27.946', '2018-06-05 22:35:27.946'),
('3','DD_GT8','已审批','4', '2018-06-05 22:35:27.946', '2018-06-05 22:35:27.946'),
('4','DD_GT9','已审批','5', '2018-06-05 22:35:27.946', '2018-06-05 22:35:27.946'),
('5','DD_GT10','已审批','6', '2018-06-05 22:35:27.946', '2018-06-05 22:35:27.946');

INSERT INTO DD_GT_WLSnapshot
(id,DDId,GTId,WLId,number, createdAt, updatedAt)
VALUES
('1','1','6','7','8', '2018-06-05 22:35:27.946', '2018-06-05 22:35:27.946'),
('2','1','6','8','4', '2018-06-05 22:35:27.946', '2018-06-05 22:35:27.946'),
('3','1','6','9','2', '2018-06-05 22:35:27.946', '2018-06-05 22:35:27.946'),
('4','2','7','10','2', '2018-06-05 22:35:27.946', '2018-06-05 22:35:27.946'),
('5','2','7','11','2', '2018-06-05 22:35:27.946', '2018-06-05 22:35:27.946'),
('6','2','7','12','2', '2018-06-05 22:35:27.946', '2018-06-05 22:35:27.946'),
('7','2','7','13','2', '2018-06-05 22:35:27.946', '2018-06-05 22:35:27.946'),
('20','5','10','26','2', '2018-06-05 22:35:27.946', '2018-06-05 22:35:27.946'),
('21','5','10','27','2', '2018-06-05 22:35:27.946', '2018-06-05 22:35:27.946'),
('22','5','10','28','2', '2018-06-05 22:35:27.946', '2018-06-05 22:35:27.946'),
('28','4','9','30','1', '2018-06-05 22:35:27.946', '2018-06-05 22:35:27.946'),
('8','3','8','14','4', '2018-06-05 22:35:27.946', '2018-06-05 22:35:27.946'),
('9','3','8','15','4', '2018-06-05 22:35:27.946', '2018-06-05 22:35:27.946'),
('10','3','8','16','4', '2018-06-05 22:35:27.946', '2018-06-05 22:35:27.946'),
('11','3','8','17','4', '2018-06-05 22:35:27.946', '2018-06-05 22:35:27.946'),
('12','3','8','18','4', '2018-06-05 22:35:27.946', '2018-06-05 22:35:27.946'),
('13','3','8','19','4', '2018-06-05 22:35:27.946', '2018-06-05 22:35:27.946'),
('14','3','8','20','4', '2018-06-05 22:35:27.946', '2018-06-05 22:35:27.946'),
('15','3','8','21','4', '2018-06-05 22:35:27.946', '2018-06-05 22:35:27.946'),
('16','3','8','22','4', '2018-06-05 22:35:27.946', '2018-06-05 22:35:27.946'),
('17','4','9','23','1', '2018-06-05 22:35:27.946', '2018-06-05 22:35:27.946'),
('18','4','9','24','1', '2018-06-05 22:35:27.946', '2018-06-05 22:35:27.946'),
('19','4','9','25','1', '2018-06-05 22:35:27.946', '2018-06-05 22:35:27.946'),
('23','3','11','14','4', '2018-06-05 22:35:27.946', '2018-06-05 22:35:27.946'),
('24','3','11','15','4', '2018-06-05 22:35:27.946', '2018-06-05 22:35:27.946'),
('25','3','11','16','4', '2018-06-05 22:35:27.946', '2018-06-05 22:35:27.946'),
('26','3','11','29','4', '2018-06-05 22:35:27.946', '2018-06-05 22:35:27.946'),
('27','5','10','31','2', '2018-06-05 22:35:27.946', '2018-06-05 22:35:27.946');

INSERT INTO DD_GT_WL
(id,DDId,GTId,WLId,number,GYSId,status,ZXNumber, createdAt, updatedAt)
VALUES
('1','1','6','7','8','1','初始','0', '2018-06-05 22:35:27.946', '2018-06-05 22:35:27.946'),
('2','1','6','8','4','1','初始','0', '2018-06-05 22:35:27.946', '2018-06-05 22:35:27.946'),
('3','1','6','9','2','2','初始','0', '2018-06-05 22:35:27.946', '2018-06-05 22:35:27.946');

INSERT INTO DD_GT_WL
(id,DDId,GTId,WLId,number,GYSId,status,ZXNumber,AZGSId, createdAt, updatedAt)
VALUES
('4','2','7','10','2','1','初始','0','1', '2018-06-05 22:35:27.946', '2018-06-05 22:35:27.946'),
('5','2','7','11','2','1','初始','0','1', '2018-06-05 22:35:27.946', '2018-06-05 22:35:27.946'),
('6','2','7','12','2','2','初始','0','2', '2018-06-05 22:35:27.946', '2018-06-05 22:35:27.946'),
('7','2','7','13','2','2','已分配发货供应商','0','2', '2018-06-05 22:35:27.946', '2018-06-05 22:35:27.946'),
('30','5','10','33','2','2','初始','0','2', '2018-06-05 22:35:27.946', '2018-06-05 22:35:27.946');

INSERT INTO DD_GT_WL
(id,DDId,GTId,WLId,number,GYSId,status,ZXNumber, createdAt, updatedAt)
VALUES
('20','5','10','26','2','1','装箱完成','2', '2018-06-05 22:35:27.946', '2018-06-05 22:35:27.946'),
('21','5','10','27','2','1','收货','2', '2018-06-05 22:35:27.946', '2018-06-05 22:35:27.946'),
('22','5','10','28','2','2','收货','2', '2018-06-05 22:35:27.946', '2018-06-05 22:35:27.946'),
('28','4','9','30','1','2','可拍全景图','1', '2018-06-05 22:35:27.946', '2018-06-05 22:35:27.946'),
('29','4','9','32','1','2','初始','0', '2018-06-05 22:35:27.946', '2018-06-05 22:35:27.946');

INSERT INTO DD_GT_WL
(id,DDId,GTId,WLId,number,GYSId,status,ZXNumber,AZGSId,AZGUserId,YJRKDate,YJZXDate,YJAZDate, createdAt, updatedAt)
VALUES
('8','3','8','14','4','1','已分配发货供应商','1','1','36','2018-2-2','2018-2-2','2018-2-2', '2018-06-05 22:35:27.946', '2018-06-05 22:35:27.946'),
('9','3','8','15','4','3','已分配发货供应商','1','1','37','2018-2-2','2018-2-2','2018-2-2', '2018-06-05 22:35:27.946', '2018-06-05 22:35:27.946'),
('10','3','8','16','4','2','装箱完成','4','1','36','2018-2-2','2018-2-2','2018-2-2', '2018-06-05 22:35:27.946', '2018-06-05 22:35:27.946'),
('11','3','8','17','4','2','装箱完成','4','1','37','2018-2-2','2018-2-2','2018-2-2', '2018-06-05 22:35:27.946', '2018-06-05 22:35:27.946'),
('12','3','8','18','4','2','装箱完成','4','2','38','2018-2-2','2018-2-2','2018-2-2', '2018-06-05 22:35:27.946', '2018-06-05 22:35:27.946'),
('13','3','8','19','4','2','收货','4','1','36','2018-2-2','2018-2-2','2018-2-2', '2018-06-05 22:35:27.946', '2018-06-05 22:35:27.946'),
('14','3','8','20','4','2','收货','4','2','38','2018-2-2','2018-2-2','2018-2-2', '2018-06-05 22:35:27.946', '2018-06-05 22:35:27.946'),
('15','3','8','21','4','2','收货','4','2','38','2018-2-2','2018-2-2','2018-2-2', '2018-06-05 22:35:27.946', '2018-06-05 22:35:27.946'),
('16','3','8','22','4','2','收货','4','2','38','2018-2-2','2018-2-2','2018-2-2', '2018-06-05 22:35:27.946', '2018-06-05 22:35:27.946'),
('17','4','9','23','1','3','收货','1','2','38','2018-2-2','2018-2-2','2018-2-2', '2018-06-05 22:35:27.946', '2018-06-05 22:35:27.946'),
('18','4','9','24','1','3','收货','1','2','38','2018-2-2','2018-2-2','2018-2-2', '2018-06-05 22:35:27.946', '2018-06-05 22:35:27.946'),
('19','4','9','25','1','3','收货','1','2','38','2018-2-2','2018-2-2','2018-2-2', '2018-06-05 22:35:27.946', '2018-06-05 22:35:27.946'),
('23','3','11','14','4','1','已分配发货供应商','0','2','38','2018-2-2','2018-2-2','2018-2-2', '2018-06-05 22:35:27.946', '2018-06-05 22:35:27.946'),
('24','3','11','15','4','3','已分配发货供应商','0','2','38','2018-2-2','2018-2-2','2018-2-2', '2018-06-05 22:35:27.946', '2018-06-05 22:35:27.946'),
('25','3','11','16','4','2','已分配发货供应商','0','2','38','2018-2-2','2018-2-2','2018-2-2', '2018-06-05 22:35:27.946', '2018-06-05 22:35:27.946'),
('26','3','11','29','4','3','已分配发货供应商','0','2','38','2018-2-2','2018-2-2','2018-2-2', '2018-06-05 22:35:27.946', '2018-06-05 22:35:27.946'),
('27','5','10','31','2','2','可拍全景图','1','2','38','2018-2-2','2018-2-2','2018-2-2', '2018-06-05 22:35:27.946', '2018-06-05 22:35:27.946');

INSERT INTO KDD
(id,code,GTId, createdAt, updatedAt)
VALUES
('1','KDD1','8', '2018-06-05 22:35:27.946', '2018-06-05 22:35:27.946'),
('2','KDD2','8', '2018-06-05 22:35:27.946', '2018-06-05 22:35:27.946'),
('3','KDD3','8', '2018-06-05 22:35:27.946', '2018-06-05 22:35:27.946'),
('4','KDD4','8', '2018-06-05 22:35:27.946', '2018-06-05 22:35:27.946'),
('5','KDD5','9', '2018-06-05 22:35:27.946', '2018-06-05 22:35:27.946'),
('6','KDD6','8', '2018-06-05 22:35:27.946', '2018-06-05 22:35:27.946'),
('7','KDD7','8', '2018-06-05 22:35:27.946', '2018-06-05 22:35:27.946'),
('8','KDD8','8', '2018-06-05 22:35:27.946', '2018-06-05 22:35:27.946'),
('9','KDD9','8', '2018-06-05 22:35:27.946', '2018-06-05 22:35:27.946'),
('10','KDD10','8', '2018-06-05 22:35:27.946', '2018-06-05 22:35:27.946'),
('11','KDD11','9', '2018-06-05 22:35:27.946', '2018-06-05 22:35:27.946'),
('12','KDD12','10', '2018-06-05 22:35:27.946', '2018-06-05 22:35:27.946'),
('13','KDD13','10', '2018-06-05 22:35:27.946', '2018-06-05 22:35:27.946'),
('14','KDD14','10', '2018-06-05 22:35:27.946', '2018-06-05 22:35:27.946'),
('15','KDD15','10', '2018-06-05 22:35:27.946', '2018-06-05 22:35:27.946'),
('16','KDD16','10', '2018-06-05 22:35:27.946', '2018-06-05 22:35:27.946'),
('17','KDD17','8', '2018-06-05 22:35:27.946', '2018-06-05 22:35:27.946'),
('18','KDD18','8', '2018-06-05 22:35:27.946', '2018-06-05 22:35:27.946'),
('19','KDD19','7', '2018-06-05 22:35:27.946', '2018-06-05 22:35:27.946'),
('20','KDD20','7', '2018-06-05 22:35:27.946', '2018-06-05 22:35:27.946'),
('21','KDD21','7', '2018-06-05 22:35:27.946', '2018-06-05 22:35:27.946'),
('22','KDD22','7', '2018-06-05 22:35:27.946', '2018-06-05 22:35:27.946'),
('23','KDD23','8', '2018-06-05 22:35:27.946', '2018-06-05 22:35:27.946'),
('24','KDD24','8', '2018-06-05 22:35:27.946', '2018-06-05 22:35:27.946'),
('25','KDD25','8', '2018-06-05 22:35:27.946', '2018-06-05 22:35:27.946'),
('26','KDD26','8', '2018-06-05 22:35:27.946', '2018-06-05 22:35:27.946'),
('27','KDD27','8', '2018-06-05 22:35:27.946', '2018-06-05 22:35:27.946'),
('28','KDD28','8', '2018-06-05 22:35:27.946', '2018-06-05 22:35:27.946'),
('29','KDD29','7', '2018-06-05 22:35:27.946', '2018-06-05 22:35:27.946'),
('30','KDD30','7', '2018-06-05 22:35:27.946', '2018-06-05 22:35:27.946'),
('31','KDD31','7', '2018-06-05 22:35:27.946', '2018-06-05 22:35:27.946'),
('32','KDD32','7', '2018-06-05 22:35:27.946', '2018-06-05 22:35:27.946'),
('33','KDD33','8', '2018-06-05 22:35:27.946', '2018-06-05 22:35:27.946'),
('34','KDD34','8', '2018-06-05 22:35:27.946', '2018-06-05 22:35:27.946'),
('35','KDD35','8', '2018-06-05 22:35:27.946', '2018-06-05 22:35:27.946'),
('36','KDD36','8', '2018-06-05 22:35:27.946', '2018-06-05 22:35:27.946'),
('37','KDD37','9', '2018-06-05 22:35:27.946', '2018-06-05 22:35:27.946'),
('38','KDD38','10', '2018-06-05 22:35:27.946', '2018-06-05 22:35:27.946'),
('39','KDD39','9', '2018-06-05 22:35:27.946', '2018-06-05 22:35:27.946'),
('40','KDD40','10', '2018-06-05 22:35:27.946', '2018-06-05 22:35:27.946');

INSERT INTO KDX
(id,EWM,GTId,KDDId,status,DDId,HWType, createdAt, updatedAt)
VALUES
('3','{"type":"KDX","uuid":"KDX3"}','8','1','发货','3','WL', '2018-06-05 22:35:27.946', '2018-06-05 22:35:27.946'),
('4','{"type":"KDX","uuid":"KDX4"}','8','2','收箱','3','WL', '2018-06-05 22:35:27.946', '2018-06-05 22:35:27.946'),
('5','{"type":"KDX","uuid":"KDX5"}','8','2','收箱','3','WL', '2018-06-05 22:35:27.946', '2018-06-05 22:35:27.946'),
('6','{"type":"KDX","uuid":"KDX6"}','8','3','收箱','3','WL', '2018-06-05 22:35:27.946', '2018-06-05 22:35:27.946'),
('7','{"type":"KDX","uuid":"KDX7"}','8','4','收箱','3','WL', '2018-06-05 22:35:27.946', '2018-06-05 22:35:27.946'),
('8','{"type":"KDX","uuid":"KDX8"}','9','5','收箱','4','WL', '2018-06-05 22:35:27.946', '2018-06-05 22:35:27.946'),
('10','{"type":"KDX","uuid":"KDX10"}','8','6','发货','4','DP', '2018-06-05 22:35:27.946', '2018-06-05 22:35:27.946'),
('11','{"type":"KDX","uuid":"KDX11"}','8','7','收箱','4','DP', '2018-06-05 22:35:27.946', '2018-06-05 22:35:27.946'),
('12','{"type":"KDX","uuid":"KDX12"}','8','8','收箱','4','DP', '2018-06-05 22:35:27.946', '2018-06-05 22:35:27.946'),
('13','{"type":"KDX","uuid":"KDX13"}','8','9','收箱','4','DP', '2018-06-05 22:35:27.946', '2018-06-05 22:35:27.946'),
('14','{"type":"KDX","uuid":"KDX14"}','8','10','收箱','4','DP', '2018-06-05 22:35:27.946', '2018-06-05 22:35:27.946'),
('15','{"type":"KDX","uuid":"KDX15"}','9','11','收箱','5','DP', '2018-06-05 22:35:27.946', '2018-06-05 22:35:27.946'),
('16','{"type":"KDX","uuid":"KDX16"}','10','12','收箱','5','WL', '2018-06-05 22:35:27.946', '2018-06-05 22:35:27.946'),
('17','{"type":"KDX","uuid":"KDX17"}','10','13','收箱','4','WL', '2018-06-05 22:35:27.946', '2018-06-05 22:35:27.946'),
('18','{"type":"KDX","uuid":"KDX18"}','10','14','收箱','3','DP', '2018-06-05 22:35:27.946', '2018-06-05 22:35:27.946'),
('19','{"type":"KDX","uuid":"KDX19"}','10','15','收箱','3','DP', '2018-06-05 22:35:27.946', '2018-06-05 22:35:27.946'),
('21','{"type":"KDX","uuid":"KDX21"}','10','16','收箱','5','DP', '2018-06-05 22:35:27.946', '2018-06-05 22:35:27.946'),
('52','{"type":"KDX","uuid":"KDX52"}','9','37','收箱','4','WL', '2018-06-05 22:35:27.946', '2018-06-05 22:35:27.946'),
('53','{"type":"KDX","uuid":"KDX53"}','10','38','收箱','5','WL', '2018-06-05 22:35:27.946', '2018-06-05 22:35:27.946'),
('54','{"type":"KDX","uuid":"KDX54"}','9','39','收箱','4','DP', '2018-06-05 22:35:27.946', '2018-06-05 22:35:27.946'),
('55','{"type":"KDX","uuid":"KDX55"}','10','40','收箱','5','DP', '2018-06-05 22:35:27.946', '2018-06-05 22:35:27.946');

INSERT INTO KDX
(id,EWM,GTId,KDDId,status,HWType,YJZXTime, createdAt, updatedAt)
VALUES
('23','{"type":"KDX","uuid":"KDX23"}','8','17','发货','WL','2018-1-3', '2018-06-05 22:35:27.946', '2018-06-05 22:35:27.946'),
('24','{"type":"KDX","uuid":"KDX24"}','8','18','收箱','WL','2018-1-2', '2018-06-05 22:35:27.946', '2018-06-05 22:35:27.946'),
('26','{"type":"KDX","uuid":"KDX26"}','7','19','发货','WL','2018-1-5', '2018-06-05 22:35:27.946', '2018-06-05 22:35:27.946'),
('27','{"type":"KDX","uuid":"KDX27"}','7','20','收箱','WL','2018-1-6', '2018-06-05 22:35:27.946', '2018-06-05 22:35:27.946'),
('29','{"type":"KDX","uuid":"KDX29"}','7','21','发货','WL','2018-1-8', '2018-06-05 22:35:27.946', '2018-06-05 22:35:27.946'),
('30','{"type":"KDX","uuid":"KDX30"}','7','22','收箱','WL','2018-1-17', '2018-06-05 22:35:27.946', '2018-06-05 22:35:27.946'),
('32','{"type":"KDX","uuid":"KDX32"}','8','23','发货','WL','2018-1-12', '2018-06-05 22:35:27.946', '2018-06-05 22:35:27.946'),
('33','{"type":"KDX","uuid":"KDX33"}','8','24','收箱','WL','2018-1-13', '2018-06-05 22:35:27.946', '2018-06-05 22:35:27.946'),
('35','{"type":"KDX","uuid":"KDX35"}','8','25','发货','WL','2018-1-15', '2018-06-05 22:35:27.946', '2018-06-05 22:35:27.946'),
('36','{"type":"KDX","uuid":"KDX36"}','8','26','收箱','WL','2018-1-16', '2018-06-05 22:35:27.946', '2018-06-05 22:35:27.946'),
('38','{"type":"KDX","uuid":"KDX38"}','8','27','发货','DP','2018-1-3', '2018-06-05 22:35:27.946', '2018-06-05 22:35:27.946'),
('39','{"type":"KDX","uuid":"KDX39"}','8','28','收箱','DP','2018-1-2', '2018-06-05 22:35:27.946', '2018-06-05 22:35:27.946'),
('41','{"type":"KDX","uuid":"KDX41"}','7','29','发货','DP','2018-1-5', '2018-06-05 22:35:27.946', '2018-06-05 22:35:27.946'),
('42','{"type":"KDX","uuid":"KDX42"}','7','30','收箱','DP','2018-1-6', '2018-06-05 22:35:27.946', '2018-06-05 22:35:27.946'),
('44','{"type":"KDX","uuid":"KDX44"}','7','31','发货','DP','2018-1-8', '2018-06-05 22:35:27.946', '2018-06-05 22:35:27.946'),
('45','{"type":"KDX","uuid":"KDX45"}','7','32','收箱','DP','2018-1-17', '2018-06-05 22:35:27.946', '2018-06-05 22:35:27.946'),
('47','{"type":"KDX","uuid":"KDX47"}','8','33','发货','DP','2018-1-12', '2018-06-05 22:35:27.946', '2018-06-05 22:35:27.946'),
('48','{"type":"KDX","uuid":"KDX48"}','8','34','收箱','DP','2018-1-13', '2018-06-05 22:35:27.946', '2018-06-05 22:35:27.946'),
('50','{"type":"KDX","uuid":"KDX50"}','8','35','发货','DP','2018-1-15', '2018-06-05 22:35:27.946', '2018-06-05 22:35:27.946'),
('51','{"type":"KDX","uuid":"KDX51"}','8','36','收箱','DP','2018-1-16', '2018-06-05 22:35:27.946', '2018-06-05 22:35:27.946');

INSERT INTO KDX
(id,EWM,GTId,status,DDId,HWType, createdAt, updatedAt)
VALUES
('1','{"type":"KDX","uuid":"KDX1"}','8','装箱','3','WL', '2018-06-05 22:35:27.946', '2018-06-05 22:35:27.946'),
('2','{"type":"KDX","uuid":"KDX2"}','8','装箱','3','WL', '2018-06-05 22:35:27.946', '2018-06-05 22:35:27.946'),
('9','{"type":"KDX","uuid":"KDX9"}','8','装箱','3','DP', '2018-06-05 22:35:27.946', '2018-06-05 22:35:27.946'),
('20','{"type":"KDX","uuid":"KDX20"}','8','装箱','3','WL', '2018-06-05 22:35:27.946', '2018-06-05 22:35:27.946');

INSERT INTO KDX
(id,EWM,GTId,status,HWType,YJZXTime, createdAt, updatedAt)
VALUES
('22','{"type":"KDX","uuid":"KDX22"}','8','装箱','WL','2018-1-1', '2018-06-05 22:35:27.946', '2018-06-05 22:35:27.946'),
('25','{"type":"KDX","uuid":"KDX25"}','7','装箱','WL','2018-1-4', '2018-06-05 22:35:27.946', '2018-06-05 22:35:27.946'),
('28','{"type":"KDX","uuid":"KDX28"}','7','装箱','WL','2018-1-7', '2018-06-05 22:35:27.946', '2018-06-05 22:35:27.946'),
('31','{"type":"KDX","uuid":"KDX31"}','8','装箱','WL','2018-1-11', '2018-06-05 22:35:27.946', '2018-06-05 22:35:27.946'),
('34','{"type":"KDX","uuid":"KDX34"}','8','装箱','WL','2018-1-14', '2018-06-05 22:35:27.946', '2018-06-05 22:35:27.946'),
('37','{"type":"KDX","uuid":"KDX37"}','8','装箱','DP','2018-1-1', '2018-06-05 22:35:27.946', '2018-06-05 22:35:27.946'),
('40','{"type":"KDX","uuid":"KDX40"}','7','装箱','DP','2018-1-4', '2018-06-05 22:35:27.946', '2018-06-05 22:35:27.946'),
('43','{"type":"KDX","uuid":"KDX43"}','7','装箱','DP','2018-1-7', '2018-06-05 22:35:27.946', '2018-06-05 22:35:27.946'),
('46','{"type":"KDX","uuid":"KDX46"}','8','装箱','DP','2018-1-11', '2018-06-05 22:35:27.946', '2018-06-05 22:35:27.946'),
('49','{"type":"KDX","uuid":"KDX49"}','8','装箱','DP','2018-1-14', '2018-06-05 22:35:27.946', '2018-06-05 22:35:27.946');

INSERT INTO KDXCZ
(id,KDXId,status,UserId, createdAt, updatedAt)
VALUES
('1','1','装箱','30', '2018-06-05 22:35:27.946', '2018-06-05 22:35:27.946'),
('2','2','装箱','32', '2018-06-05 22:35:27.946', '2018-06-05 22:35:27.946'),
('3','3','装箱','32', '2018-06-05 22:35:27.946', '2018-06-05 22:35:27.946'),
('4','3','发货','32', '2018-06-05 22:35:27.946', '2018-06-05 22:35:27.946'),
('5','4','装箱','32', '2018-06-05 22:35:27.946', '2018-06-05 22:35:27.946'),
('6','4','发货','32', '2018-06-05 22:35:27.946', '2018-06-05 22:35:27.946'),
('7','4','收箱','24', '2018-06-05 22:35:27.946', '2018-06-05 22:35:27.946'),
('8','5','装箱','32', '2018-06-05 22:35:27.946', '2018-06-05 22:35:27.946'),
('9','5','发货','32', '2018-06-05 22:35:27.946', '2018-06-05 22:35:27.946'),
('10','5','收箱','24', '2018-06-05 22:35:27.946', '2018-06-05 22:35:27.946'),
('11','6','装箱','32', '2018-06-05 22:35:27.946', '2018-06-05 22:35:27.946'),
('12','7','装箱','32', '2018-06-05 22:35:27.946', '2018-06-05 22:35:27.946'),
('13','6','发货','32', '2018-06-05 22:35:27.946', '2018-06-05 22:35:27.946'),
('14','7','发货','32', '2018-06-05 22:35:27.946', '2018-06-05 22:35:27.946'),
('15','6','收箱','24', '2018-06-05 22:35:27.946', '2018-06-05 22:35:27.946'),
('16','7','收箱','24', '2018-06-05 22:35:27.946', '2018-06-05 22:35:27.946'),
('17','8','装箱','33', '2018-06-05 22:35:27.946', '2018-06-05 22:35:27.946'),
('18','8','发货','33', '2018-06-05 22:35:27.946', '2018-06-05 22:35:27.946'),
('19','8','收箱','25', '2018-06-05 22:35:27.946', '2018-06-05 22:35:27.946'),
('20','9','装箱','32', '2018-06-05 22:35:27.946', '2018-06-05 22:35:27.946'),
('21','10','装箱','32', '2018-06-05 22:35:27.946', '2018-06-05 22:35:27.946'),
('22','10','发货','32', '2018-06-05 22:35:27.946', '2018-06-05 22:35:27.946'),
('23','11','装箱','32', '2018-06-05 22:35:27.946', '2018-06-05 22:35:27.946'),
('24','12','装箱','32', '2018-06-05 22:35:27.946', '2018-06-05 22:35:27.946'),
('25','11','发货','32', '2018-06-05 22:35:27.946', '2018-06-05 22:35:27.946'),
('26','12','发货','32', '2018-06-05 22:35:27.946', '2018-06-05 22:35:27.946'),
('27','11','收箱','24', '2018-06-05 22:35:27.946', '2018-06-05 22:35:27.946'),
('28','12','收箱','24', '2018-06-05 22:35:27.946', '2018-06-05 22:35:27.946'),
('29','13','装箱','32', '2018-06-05 22:35:27.946', '2018-06-05 22:35:27.946'),
('30','14','装箱','32', '2018-06-05 22:35:27.946', '2018-06-05 22:35:27.946'),
('31','13','发货','32', '2018-06-05 22:35:27.946', '2018-06-05 22:35:27.946'),
('32','14','发货','32', '2018-06-05 22:35:27.946', '2018-06-05 22:35:27.946'),
('33','13','收箱','24', '2018-06-05 22:35:27.946', '2018-06-05 22:35:27.946'),
('34','14','收箱','24', '2018-06-05 22:35:27.946', '2018-06-05 22:35:27.946'),
('35','15','装箱','33', '2018-06-05 22:35:27.946', '2018-06-05 22:35:27.946'),
('36','15','发货','33', '2018-06-05 22:35:27.946', '2018-06-05 22:35:27.946'),
('37','15','收箱','25', '2018-06-05 22:35:27.946', '2018-06-05 22:35:27.946'),
('38','16','装箱','30', '2018-06-05 22:35:27.946', '2018-06-05 22:35:27.946'),
('39','16','发货','30', '2018-06-05 22:35:27.946', '2018-06-05 22:35:27.946'),
('40','16','收箱','26', '2018-06-05 22:35:27.946', '2018-06-05 22:35:27.946'),
('41','17','装箱','32', '2018-06-05 22:35:27.946', '2018-06-05 22:35:27.946'),
('42','17','发货','32', '2018-06-05 22:35:27.946', '2018-06-05 22:35:27.946'),
('43','17','收箱','26', '2018-06-05 22:35:27.946', '2018-06-05 22:35:27.946'),
('44','18','装箱','32', '2018-06-05 22:35:27.946', '2018-06-05 22:35:27.946'),
('45','19','装箱','32', '2018-06-05 22:35:27.946', '2018-06-05 22:35:27.946'),
('46','18','发货','32', '2018-06-05 22:35:27.946', '2018-06-05 22:35:27.946'),
('47','19','发货','32', '2018-06-05 22:35:27.946', '2018-06-05 22:35:27.946'),
('48','18','收箱','26', '2018-06-05 22:35:27.946', '2018-06-05 22:35:27.946'),
('49','19','收箱','26', '2018-06-05 22:35:27.946', '2018-06-05 22:35:27.946'),
('50','20','装箱','33', '2018-06-05 22:35:27.946', '2018-06-05 22:35:27.946'),
('102','21','装箱','30', '2018-06-05 22:35:27.946', '2018-06-05 22:35:27.946'),
('103','21','发货','30', '2018-06-05 22:35:27.946', '2018-06-05 22:35:27.946'),
('104','21','收箱','26', '2018-06-05 22:35:27.946', '2018-06-05 22:35:27.946');

INSERT INTO WYWL
(id,EWM,status,WLId,GYSId,uuid, createdAt, updatedAt)
VALUES
('1','{"type":"WL","typeId":8,"uuid":"8_1"}','入库','8','3','8_1', '2018-06-05 22:35:27.946', '2018-06-05 22:35:27.946'),
('2','{"type":"WL","typeId":8,"uuid":"8_2"}','入库','8','3','8_2', '2018-06-05 22:35:27.946', '2018-06-05 22:35:27.946'),
('3','{"type":"WL","typeId":8,"uuid":"8_3"}','入库','8','3','8_3', '2018-06-05 22:35:27.946', '2018-06-05 22:35:27.946'),
('4','{"type":"WL","typeId":8,"uuid":"8_4"}','入库','8','3','8_4', '2018-06-05 22:35:27.946', '2018-06-05 22:35:27.946'),
('5','{"type":"WL","typeId": 11,"uuid":"11_1"}','入库','11','3','11_1', '2018-06-05 22:35:27.946', '2018-06-05 22:35:27.946'),
('6','{"type":"WL","typeId":11,"uuid":"11_2"}','入库','11','3','11_2', '2018-06-05 22:35:27.946', '2018-06-05 22:35:27.946'),
('7','{"type":"WL","typeId":12,"uuid":"12_X1"}','入库','12','2','12_X1', '2018-06-05 22:35:27.946', '2018-06-05 22:35:27.946'),
('8','{"type":"WL","typeId":12,"uuid":"12_X2"}','出库','12','2','12_X2', '2018-06-05 22:35:27.946', '2018-06-05 22:35:27.946'),
('9','{"type":"WL","typeId":12,"uuid":"12_X3"}','消库','12','2','12_X3', '2018-06-05 22:35:27.946', '2018-06-05 22:35:27.946'),
('10','{"type":"WL","typeId":12,"uuid":"12_X4"}','消库','12','1','12_X4', '2018-06-05 22:35:27.946', '2018-06-05 22:35:27.946'),
('11','{"type":"WL","typeId":15,"uuid":"15_2"}','入库','15','3','15_2', '2018-06-05 22:35:27.946', '2018-06-05 22:35:27.946'),
('12','{"type":"WL","typeId":15,"uuid":"15_3"}','入库','15','3','15_3', '2018-06-05 22:35:27.946', '2018-06-05 22:35:27.946'),
('13','{"type":"WL","typeId":15,"uuid":"15_4"}','入库','15','3','15_4', '2018-06-05 22:35:27.946', '2018-06-05 22:35:27.946'),
('105','{"type":"WL","typeId":15,"uuid":"15_5"}','入库','15','1','15_5', '2018-06-05 22:35:27.946', '2018-06-05 22:35:27.946');

INSERT INTO WYWL
(id,EWM,status,WLId,GYSId,DDGTWLId,KDXId,uuid, createdAt, updatedAt)
VALUES
('14','{"type":"WL","typeId":14,"uuid":"14_1"}','装箱','14','1','8','1','14_1', '2018-06-05 22:35:27.946', '2018-06-05 22:35:27.946'),
('15','{"type":"WL","typeId":15,"uuid":"15_1"}','装箱','15','3','9','20','15_1', '2018-06-05 22:35:27.946', '2018-06-05 22:35:27.946'),
('16','{"type":"WL","typeId":16,"uuid":"16_1"}','装箱','16','2','10','2','16_1', '2018-06-05 22:35:27.946', '2018-06-05 22:35:27.946'),
('17','{"type":"WL","typeId":16,"uuid":"16_2"}','装箱','16','2','10','2','16_2', '2018-06-05 22:35:27.946', '2018-06-05 22:35:27.946'),
('18','{"type":"WL","typeId":16,"uuid":"16_3"}','装箱','16','2','10','2','16_3', '2018-06-05 22:35:27.946', '2018-06-05 22:35:27.946'),
('19','{"type":"WL","typeId":16,"uuid":"16_4"}','装箱','16','2','10','2','16_4', '2018-06-05 22:35:27.946', '2018-06-05 22:35:27.946'),
('20','{"type":"WL","typeId":17,"uuid":"17_1"}','发货','17','2','11','3','17_1', '2018-06-05 22:35:27.946', '2018-06-05 22:35:27.946'),
('21','{"type":"WL","typeId":17,"uuid":"17_2"}','发货','17','2','11','3','17_2', '2018-06-05 22:35:27.946', '2018-06-05 22:35:27.946'),
('22','{"type":"WL","typeId":17,"uuid":"17_3"}','发货','17','2','11','3','17_3', '2018-06-05 22:35:27.946', '2018-06-05 22:35:27.946'),
('23','{"type":"WL","typeId":17,"uuid":"17_4"}','发货','17','2','11','3','17_4', '2018-06-05 22:35:27.946', '2018-06-05 22:35:27.946'),
('24','{"type":"WL","typeId":18,"uuid":"18_1"}','收箱','18','2','12','4','18_1', '2018-06-05 22:35:27.946', '2018-06-05 22:35:27.946'),
('25','{"type":"WL","typeId":18,"uuid":"18_2"}','收箱','18','2','12','4','18_2', '2018-06-05 22:35:27.946', '2018-06-05 22:35:27.946'),
('26','{"type":"WL","typeId":18,"uuid":"18_3"}','收箱','18','2','12','4','18_3', '2018-06-05 22:35:27.946', '2018-06-05 22:35:27.946'),
('27','{"type":"WL","typeId":18,"uuid":"18_4"}','收箱','18','2','12','4','18_4', '2018-06-05 22:35:27.946', '2018-06-05 22:35:27.946'),
('28','{"type":"WL","typeId":19,"uuid":"19_1"}','收箱','19','2','13','4','19_1', '2018-06-05 22:35:27.946', '2018-06-05 22:35:27.946'),
('29','{"type":"WL","typeId":19,"uuid":"19_2"}','收箱','19','2','13','4','19_2', '2018-06-05 22:35:27.946', '2018-06-05 22:35:27.946'),
('30','{"type":"WL","typeId":20,"uuid":"20_1"}','收箱','20','2','14','4','20_1', '2018-06-05 22:35:27.946', '2018-06-05 22:35:27.946'),
('31','{"type":"WL","typeId":20,"uuid":"20_2"}','收箱','20','2','14','4','20_2', '2018-06-05 22:35:27.946', '2018-06-05 22:35:27.946'),
('32','{"type":"WL","typeId":19,"uuid":"19_3"}','收货','19','2','13','5','19_3', '2018-06-05 22:35:27.946', '2018-06-05 22:35:27.946'),
('33','{"type":"WL","typeId":19,"uuid":"19_4"}','收货','19','2','13','5','19_4', '2018-06-05 22:35:27.946', '2018-06-05 22:35:27.946'),
('34','{"type":"WL","typeId":20,"uuid":"20_3"}','收货','20','2','14','5','20_3', '2018-06-05 22:35:27.946', '2018-06-05 22:35:27.946'),
('35','{"type":"WL","typeId":20,"uuid":"20_4"}','收货','20','2','14','5','20_4', '2018-06-05 22:35:27.946', '2018-06-05 22:35:27.946'),
('47','{"type":"WL","typeId":26,"uuid":"26_1"}','收箱','26','1','20','16','26_1', '2018-06-05 22:35:27.946', '2018-06-05 22:35:27.946'),
('48','{"type":"WL","typeId":26,"uuid":"26_2"}','收箱','26','1','20','16','26_2', '2018-06-05 22:35:27.946', '2018-06-05 22:35:27.946'),
('49','{"type":"WL","typeId":27,"uuid":"27_1"}','收箱','27','1','21','16','27_1', '2018-06-05 22:35:27.946', '2018-06-05 22:35:27.946'),
('50','{"type":"WL","typeId":27,"uuid":"27_2"}','收货','27','1','21','16','27_2', '2018-06-05 22:35:27.946', '2018-06-05 22:35:27.946'),
('44','{"type":"WL","typeId":23,"uuid":"23_1"}','收货','23','3','17','8','23_1', '2018-06-05 22:35:27.946', '2018-06-05 22:35:27.946'),
('45','{"type":"WL","typeId":24,"uuid":"24_1"}','收货','24','3','18','8','24_1', '2018-06-05 22:35:27.946', '2018-06-05 22:35:27.946'),
('46','{"type":"WL","typeId":25,"uuid":"25_1"}','收货','25','3','19','8','25_1', '2018-06-05 22:35:27.946', '2018-06-05 22:35:27.946');

INSERT INTO WYWL
(id,EWM,status,WLId,GYSId,DDGTWLId,KDXId,AZFKType,imageUrl,uuid, createdAt, updatedAt)
VALUES
('36','{"type":"WL","typeId":21,"uuid":"21_1"}','反馈','21','2','15','6','安装成功','imageUrlWL21_1','21_1', '2018-06-05 22:35:27.946', '2018-06-05 22:35:27.946'),
('37','{"type":"WL","typeId":21,"uuid":"21_2"}','反馈','21','2','15','6','安装成功','imageUrlWL21_2','21_2', '2018-06-05 22:35:27.946', '2018-06-05 22:35:27.946'),
('38','{"type":"WL","typeId":21,"uuid":"21_3"}','反馈','21','2','15','6','安装成功','imageUrlWL21_3','21_3', '2018-06-05 22:35:27.946', '2018-06-05 22:35:27.946'),
('39','{"type":"WL","typeId":21,"uuid":"21_4"}','反馈','21','2','15','6','安装成功','imageUrlWL21_4','21_4', '2018-06-05 22:35:27.946', '2018-06-05 22:35:27.946'),
('40','{"type":"WL","typeId":22,"uuid":"22_1"}','反馈','22','2','16','7','安装成功','imageUrlWL22_1','22_1', '2018-06-05 22:35:27.946', '2018-06-05 22:35:27.946'),
('41','{"type":"WL","typeId":22,"uuid":"22_2"}','反馈','22','2','16','7','安装成功','imageUrlWL22_2','22_2', '2018-06-05 22:35:27.946', '2018-06-05 22:35:27.946'),
('42','{"type":"WL","typeId":22,"uuid":"22_3"}','反馈','22','2','16','7','丢失','imageUrlWL22_3','22_3', '2018-06-05 22:35:27.946', '2018-06-05 22:35:27.946'),
('43','{"type":"WL","typeId":22,"uuid":"22_4"}','反馈','22','2','16','7','丢失','imageUrlWL22_4','22_4', '2018-06-05 22:35:27.946', '2018-06-05 22:35:27.946'),
('51','{"type":"WL","typeId":28,"uuid":"28_1"}','反馈','28','2','22','17','安装成功','imageUrlWL28_1','28_1', '2018-06-05 22:35:27.946', '2018-06-05 22:35:27.946'),
('52','{"type":"WL","typeId":28,"uuid":"28_2"}','反馈','28','2','22','17','安装成功','imageUrlWL28_2','28_2', '2018-06-05 22:35:27.946', '2018-06-05 22:35:27.946'),
('102','{"type":"WL","typeId":31,"uuid":"31_1"}','反馈','31','2','27','53','安装成功','imageUrlWL31_1','31_1', '2018-06-05 22:35:27.946', '2018-06-05 22:35:27.946'),
('103','{"type":"WL","typeId":31,"uuid":"31_2"}','反馈','31','2','27','53','安装成功','imageUrlWL31_2','31_2', '2018-06-05 22:35:27.946', '2018-06-05 22:35:27.946'),
('104','{"type":"WL","typeId":30,"uuid":"30_2"}','反馈','30','2','28','52','安装成功','imageUrlWL30_1','30_2', '2018-06-05 22:35:27.946', '2018-06-05 22:35:27.946');

INSERT INTO WYWLCZ
(id,WYWLId,status,UserId, createdAt, updatedAt)
VALUES
('1','1','入库','33', '2018-06-05 22:35:27.946', '2018-06-05 22:35:27.946'),
('2','2','入库','33', '2018-06-05 22:35:27.946', '2018-06-05 22:35:27.946'),
('3','3','入库','33', '2018-06-05 22:35:27.946', '2018-06-05 22:35:27.946'),
('4','4','入库','33', '2018-06-05 22:35:27.946', '2018-06-05 22:35:27.946'),
('5','5','入库','33', '2018-06-05 22:35:27.946', '2018-06-05 22:35:27.946'),
('6','6','入库','33', '2018-06-05 22:35:27.946', '2018-06-05 22:35:27.946'),
('7','7','入库','32', '2018-06-05 22:35:27.946', '2018-06-05 22:35:27.946'),
('8','8','入库','32', '2018-06-05 22:35:27.946', '2018-06-05 22:35:27.946'),
('9','8','出库','32', '2018-06-05 22:35:27.946', '2018-06-05 22:35:27.946'),
('10','9','入库','32', '2018-06-05 22:35:27.946', '2018-06-05 22:35:27.946'),
('11','9','消库','32', '2018-06-05 22:35:27.946', '2018-06-05 22:35:27.946'),
('12','10','入库','30', '2018-06-05 22:35:27.946', '2018-06-05 22:35:27.946'),
('13','10','消库','30', '2018-06-05 22:35:27.946', '2018-06-05 22:35:27.946'),
('14','11','入库','33', '2018-06-05 22:35:27.946', '2018-06-05 22:35:27.946'),
('15','12','入库','33', '2018-06-05 22:35:27.946', '2018-06-05 22:35:27.946'),
('16','13','入库','33', '2018-06-05 22:35:27.946', '2018-06-05 22:35:27.946'),
('17','14','装箱','30', '2018-06-05 22:35:27.946', '2018-06-05 22:35:27.946'),
('18','15','装箱','33', '2018-06-05 22:35:27.946', '2018-06-05 22:35:27.946'),
('19','16','装箱','32', '2018-06-05 22:35:27.946', '2018-06-05 22:35:27.946'),
('20','17','装箱','32', '2018-06-05 22:35:27.946', '2018-06-05 22:35:27.946'),
('21','18','装箱','32', '2018-06-05 22:35:27.946', '2018-06-05 22:35:27.946'),
('22','19','装箱','32', '2018-06-05 22:35:27.946', '2018-06-05 22:35:27.946'),
('23','20','装箱','32', '2018-06-05 22:35:27.946', '2018-06-05 22:35:27.946'),
('24','21','装箱','32', '2018-06-05 22:35:27.946', '2018-06-05 22:35:27.946'),
('25','22','装箱','32', '2018-06-05 22:35:27.946', '2018-06-05 22:35:27.946'),
('26','23','装箱','32', '2018-06-05 22:35:27.946', '2018-06-05 22:35:27.946'),
('27','20','发货','32', '2018-06-05 22:35:27.946', '2018-06-05 22:35:27.946'),
('28','21','发货','32', '2018-06-05 22:35:27.946', '2018-06-05 22:35:27.946'),
('29','22','发货','32', '2018-06-05 22:35:27.946', '2018-06-05 22:35:27.946'),
('30','23','发货','32', '2018-06-05 22:35:27.946', '2018-06-05 22:35:27.946'),
('31','24','装箱','32', '2018-06-05 22:35:27.946', '2018-06-05 22:35:27.946'),
('32','25','装箱','32', '2018-06-05 22:35:27.946', '2018-06-05 22:35:27.946'),
('33','26','装箱','32', '2018-06-05 22:35:27.946', '2018-06-05 22:35:27.946'),
('34','27','装箱','32', '2018-06-05 22:35:27.946', '2018-06-05 22:35:27.946'),
('35','28','装箱','32', '2018-06-05 22:35:27.946', '2018-06-05 22:35:27.946'),
('36','29','装箱','32', '2018-06-05 22:35:27.946', '2018-06-05 22:35:27.946'),
('37','30','装箱','32', '2018-06-05 22:35:27.946', '2018-06-05 22:35:27.946'),
('38','31','装箱','32', '2018-06-05 22:35:27.946', '2018-06-05 22:35:27.946'),
('39','24','发货','32', '2018-06-05 22:35:27.946', '2018-06-05 22:35:27.946'),
('40','25','发货','32', '2018-06-05 22:35:27.946', '2018-06-05 22:35:27.946'),
('41','26','发货','32', '2018-06-05 22:35:27.946', '2018-06-05 22:35:27.946'),
('42','27','发货','32', '2018-06-05 22:35:27.946', '2018-06-05 22:35:27.946'),
('43','28','发货','32', '2018-06-05 22:35:27.946', '2018-06-05 22:35:27.946'),
('44','29','发货','32', '2018-06-05 22:35:27.946', '2018-06-05 22:35:27.946'),
('45','30','发货','32', '2018-06-05 22:35:27.946', '2018-06-05 22:35:27.946'),
('46','31','发货','32', '2018-06-05 22:35:27.946', '2018-06-05 22:35:27.946'),
('47','24','收箱','24', '2018-06-05 22:35:27.946', '2018-06-05 22:35:27.946'),
('48','25','收箱','24', '2018-06-05 22:35:27.946', '2018-06-05 22:35:27.946'),
('49','26','收箱','24', '2018-06-05 22:35:27.946', '2018-06-05 22:35:27.946'),
('50','27','收箱','24', '2018-06-05 22:35:27.946', '2018-06-05 22:35:27.946'),
('51','28','收箱','24', '2018-06-05 22:35:27.946', '2018-06-05 22:35:27.946'),
('52','29','收箱','24', '2018-06-05 22:35:27.946', '2018-06-05 22:35:27.946'),
('53','30','收箱','24', '2018-06-05 22:35:27.946', '2018-06-05 22:35:27.946'),
('54','31','收箱','24', '2018-06-05 22:35:27.946', '2018-06-05 22:35:27.946'),
('55','32','装箱','32', '2018-06-05 22:35:27.946', '2018-06-05 22:35:27.946'),
('56','33','装箱','32', '2018-06-05 22:35:27.946', '2018-06-05 22:35:27.946'),
('57','34','装箱','32', '2018-06-05 22:35:27.946', '2018-06-05 22:35:27.946'),
('58','35','装箱','32', '2018-06-05 22:35:27.946', '2018-06-05 22:35:27.946'),
('59','32','发货','32', '2018-06-05 22:35:27.946', '2018-06-05 22:35:27.946'),
('60','33','发货','32', '2018-06-05 22:35:27.946', '2018-06-05 22:35:27.946'),
('61','34','发货','32', '2018-06-05 22:35:27.946', '2018-06-05 22:35:27.946'),
('62','35','发货','32', '2018-06-05 22:35:27.946', '2018-06-05 22:35:27.946'),
('63','32','收箱','24', '2018-06-05 22:35:27.946', '2018-06-05 22:35:27.946'),
('64','33','收箱','24', '2018-06-05 22:35:27.946', '2018-06-05 22:35:27.946'),
('65','34','收箱','24', '2018-06-05 22:35:27.946', '2018-06-05 22:35:27.946'),
('66','35','收箱','24', '2018-06-05 22:35:27.946', '2018-06-05 22:35:27.946'),
('67','32','收货','36', '2018-06-05 22:35:27.946', '2018-06-05 22:35:27.946'),
('68','33','收货','36', '2018-06-05 22:35:27.946', '2018-06-05 22:35:27.946'),
('69','34','收货','38', '2018-06-05 22:35:27.946', '2018-06-05 22:35:27.946'),
('70','35','收货','38', '2018-06-05 22:35:27.946', '2018-06-05 22:35:27.946'),
('71','36','装箱','32', '2018-06-05 22:35:27.946', '2018-06-05 22:35:27.946'),
('72','37','装箱','32', '2018-06-05 22:35:27.946', '2018-06-05 22:35:27.946'),
('73','38','装箱','32', '2018-06-05 22:35:27.946', '2018-06-05 22:35:27.946'),
('74','39','装箱','32', '2018-06-05 22:35:27.946', '2018-06-05 22:35:27.946'),
('75','36','发货','32', '2018-06-05 22:35:27.946', '2018-06-05 22:35:27.946'),
('76','37','发货','32', '2018-06-05 22:35:27.946', '2018-06-05 22:35:27.946'),
('77','38','发货','32', '2018-06-05 22:35:27.946', '2018-06-05 22:35:27.946'),
('78','39','发货','32', '2018-06-05 22:35:27.946', '2018-06-05 22:35:27.946'),
('79','36','收箱','24', '2018-06-05 22:35:27.946', '2018-06-05 22:35:27.946'),
('80','37','收箱','24', '2018-06-05 22:35:27.946', '2018-06-05 22:35:27.946'),
('81','38','收箱','24', '2018-06-05 22:35:27.946', '2018-06-05 22:35:27.946'),
('82','39','收箱','24', '2018-06-05 22:35:27.946', '2018-06-05 22:35:27.946'),
('83','36','收货','38', '2018-06-05 22:35:27.946', '2018-06-05 22:35:27.946'),
('84','37','收货','38', '2018-06-05 22:35:27.946', '2018-06-05 22:35:27.946'),
('85','38','收货','38', '2018-06-05 22:35:27.946', '2018-06-05 22:35:27.946'),
('86','39','收货','38', '2018-06-05 22:35:27.946', '2018-06-05 22:35:27.946'),
('87','36','反馈','38', '2018-06-05 22:35:27.946', '2018-06-05 22:35:27.946'),
('88','37','反馈','38', '2018-06-05 22:35:27.946', '2018-06-05 22:35:27.946'),
('89','38','反馈','38', '2018-06-05 22:35:27.946', '2018-06-05 22:35:27.946'),
('90','39','反馈','38', '2018-06-05 22:35:27.946', '2018-06-05 22:35:27.946'),
('91','40','发货','32', '2018-06-05 22:35:27.946', '2018-06-05 22:35:27.946'),
('92','41','发货','32', '2018-06-05 22:35:27.946', '2018-06-05 22:35:27.946'),
('93','42','发货','32', '2018-06-05 22:35:27.946', '2018-06-05 22:35:27.946'),
('94','43','发货','32', '2018-06-05 22:35:27.946', '2018-06-05 22:35:27.946'),
('95','40','收箱','24', '2018-06-05 22:35:27.946', '2018-06-05 22:35:27.946'),
('96','41','收箱','24', '2018-06-05 22:35:27.946', '2018-06-05 22:35:27.946'),
('97','42','收箱','24', '2018-06-05 22:35:27.946', '2018-06-05 22:35:27.946'),
('98','43','收箱','24', '2018-06-05 22:35:27.946', '2018-06-05 22:35:27.946'),
('99','40','收货','38', '2018-06-05 22:35:27.946', '2018-06-05 22:35:27.946'),
('100','41','收货','38', '2018-06-05 22:35:27.946', '2018-06-05 22:35:27.946'),
('101','42','收货','38', '2018-06-05 22:35:27.946', '2018-06-05 22:35:27.946'),
('102','43','收货','38', '2018-06-05 22:35:27.946', '2018-06-05 22:35:27.946'),
('103','40','反馈','38', '2018-06-05 22:35:27.946', '2018-06-05 22:35:27.946'),
('104','41','反馈','38', '2018-06-05 22:35:27.946', '2018-06-05 22:35:27.946'),
('105','42','反馈','38', '2018-06-05 22:35:27.946', '2018-06-05 22:35:27.946'),
('106','43','反馈','38', '2018-06-05 22:35:27.946', '2018-06-05 22:35:27.946'),
('107','44','装箱','33', '2018-06-05 22:35:27.946', '2018-06-05 22:35:27.946'),
('108','45','装箱','33', '2018-06-05 22:35:27.946', '2018-06-05 22:35:27.946'),
('109','46','装箱','33', '2018-06-05 22:35:27.946', '2018-06-05 22:35:27.946'),
('110','44','发货','33', '2018-06-05 22:35:27.946', '2018-06-05 22:35:27.946'),
('111','45','发货','33', '2018-06-05 22:35:27.946', '2018-06-05 22:35:27.946'),
('112','46','发货','33', '2018-06-05 22:35:27.946', '2018-06-05 22:35:27.946'),
('113','44','收箱','25', '2018-06-05 22:35:27.946', '2018-06-05 22:35:27.946'),
('114','45','收箱','25', '2018-06-05 22:35:27.946', '2018-06-05 22:35:27.946'),
('115','46','收箱','25', '2018-06-05 22:35:27.946', '2018-06-05 22:35:27.946'),
('116','44','收货','38', '2018-06-05 22:35:27.946', '2018-06-05 22:35:27.946'),
('117','45','收货','38', '2018-06-05 22:35:27.946', '2018-06-05 22:35:27.946'),
('118','46','收货','38', '2018-06-05 22:35:27.946', '2018-06-05 22:35:27.946'),
('122','47','装箱','30', '2018-06-05 22:35:27.946', '2018-06-05 22:35:27.946'),
('123','48','装箱','30', '2018-06-05 22:35:27.946', '2018-06-05 22:35:27.946'),
('124','49','装箱','30', '2018-06-05 22:35:27.946', '2018-06-05 22:35:27.946'),
('125','47','发货','30', '2018-06-05 22:35:27.946', '2018-06-05 22:35:27.946'),
('126','48','发货','30', '2018-06-05 22:35:27.946', '2018-06-05 22:35:27.946'),
('127','49','发货','30', '2018-06-05 22:35:27.946', '2018-06-05 22:35:27.946'),
('128','47','收箱','26', '2018-06-05 22:35:27.946', '2018-06-05 22:35:27.946'),
('129','48','收箱','26', '2018-06-05 22:35:27.946', '2018-06-05 22:35:27.946'),
('130','49','收箱','26', '2018-06-05 22:35:27.946', '2018-06-05 22:35:27.946'),
('131','50','装箱','30', '2018-06-05 22:35:27.946', '2018-06-05 22:35:27.946'),
('132','50','发货','30', '2018-06-05 22:35:27.946', '2018-06-05 22:35:27.946'),
('133','50','收箱','26', '2018-06-05 22:35:27.946', '2018-06-05 22:35:27.946'),
('134','50','收货','26', '2018-06-05 22:35:27.946', '2018-06-05 22:35:27.946'),
('135','51','装箱','32', '2018-06-05 22:35:27.946', '2018-06-05 22:35:27.946'),
('136','52','装箱','32', '2018-06-05 22:35:27.946', '2018-06-05 22:35:27.946'),
('137','51','发货','32', '2018-06-05 22:35:27.946', '2018-06-05 22:35:27.946'),
('138','52','发货','32', '2018-06-05 22:35:27.946', '2018-06-05 22:35:27.946'),
('139','51','收箱','26', '2018-06-05 22:35:27.946', '2018-06-05 22:35:27.946'),
('140','52','收箱','26', '2018-06-05 22:35:27.946', '2018-06-05 22:35:27.946'),
('141','51','收货','26', '2018-06-05 22:35:27.946', '2018-06-05 22:35:27.946'),
('142','52','收货','26', '2018-06-05 22:35:27.946', '2018-06-05 22:35:27.946'),
('143','51','反馈','26', '2018-06-05 22:35:27.946', '2018-06-05 22:35:27.946'),
('144','52','反馈','26', '2018-06-05 22:35:27.946', '2018-06-05 22:35:27.946'),
('145','102','装箱','32', '2018-06-05 22:35:27.946', '2018-06-05 22:35:27.946'),
('146','103','装箱','32', '2018-06-05 22:35:27.946', '2018-06-05 22:35:27.946'),
('147','104','装箱','32', '2018-06-05 22:35:27.946', '2018-06-05 22:35:27.946'),
('148','102','发货','32', '2018-06-05 22:35:27.946', '2018-06-05 22:35:27.946'),
('149','103','发货','32', '2018-06-05 22:35:27.946', '2018-06-05 22:35:27.946'),
('150','104','发货','32', '2018-06-05 22:35:27.946', '2018-06-05 22:35:27.946'),
('151','102','收箱','26', '2018-06-05 22:35:27.946', '2018-06-05 22:35:27.946'),
('152','103','收箱','26', '2018-06-05 22:35:27.946', '2018-06-05 22:35:27.946'),
('153','104','收箱','25', '2018-06-05 22:35:27.946', '2018-06-05 22:35:27.946'),
('154','102','收货','38', '2018-06-05 22:35:27.946', '2018-06-05 22:35:27.946'),
('155','103','收货','38', '2018-06-05 22:35:27.946', '2018-06-05 22:35:27.946'),
('156','104','收货','26', '2018-06-05 22:35:27.946', '2018-06-05 22:35:27.946'),
('157','102','反馈','38', '2018-06-05 22:35:27.946', '2018-06-05 22:35:27.946'),
('158','103','反馈','38', '2018-06-05 22:35:27.946', '2018-06-05 22:35:27.946'),
('159','104','反馈','26', '2018-06-05 22:35:27.946', '2018-06-05 22:35:27.946'),
('160','105','入库','30', '2018-06-05 22:35:27.946', '2018-06-05 22:35:27.946');

INSERT INTO DD_DW_DPSnapshot
(id,DDId,DWId,DPId,CC,CZ,GTId,PPId,DPName, createdAt, updatedAt)
VALUES
('1','1','8','5','100*100','铜板','6','2','DP5', '2018-06-05 22:35:27.946', '2018-06-05 22:35:27.946'),
('2','1','9','6','100*100','铜板','6','2','DP6', '2018-06-05 22:35:27.946', '2018-06-05 22:35:27.946'),
('3','1','10','7','200*100','铜板','6','2','DP7', '2018-06-05 22:35:27.946', '2018-06-05 22:35:27.946'),
('4','2','11','8','100*100','铜板','7','3','DP8', '2018-06-05 22:35:27.946', '2018-06-05 22:35:27.946'),
('5','2','12','9','100*100','铜板','7','3','DP9', '2018-06-05 22:35:27.946', '2018-06-05 22:35:27.946'),
('6','2','13','10','200*100','铜板','7','3','DP10', '2018-06-05 22:35:27.946', '2018-06-05 22:35:27.946'),
('7','2','14','11','200*100','铜板','7','3','DP11', '2018-06-05 22:35:27.946', '2018-06-05 22:35:27.946'),
('30','5','35','32','100*100','铜板','10','6','DP32', '2018-06-05 22:35:27.946', '2018-06-05 22:35:27.946'),
('31','5','36','33','100*100','铜板','10','6','DP33', '2018-06-05 22:35:27.946', '2018-06-05 22:35:27.946'),
('32','5','37','34','200*100','铜板','10','6','DP34', '2018-06-05 22:35:27.946', '2018-06-05 22:35:27.946'),
('33','5','38','35','200*100','铜板','10','6','DP35', '2018-06-05 22:35:27.946', '2018-06-05 22:35:27.946'),
('34','5','39','36','200*100','铜板','10','6','DP36', '2018-06-05 22:35:27.946', '2018-06-05 22:35:27.946'),
('35','5','40','37','200*100','铜板','10','6','DP37', '2018-06-05 22:35:27.946', '2018-06-05 22:35:27.946'),
('36','5','41','38','200*100','铜板','10','6','DP38', '2018-06-05 22:35:27.946', '2018-06-05 22:35:27.946'),
('37','5','42','39','200*100','铜板','10','6','DP39', '2018-06-05 22:35:27.946', '2018-06-05 22:35:27.946'),
('38','5','43','40','200*100','铜板','10','6','DP40', '2018-06-05 22:35:27.946', '2018-06-05 22:35:27.946'),
('42','4','46','42','200*100','铜板','9','5','DP42', '2018-06-05 22:35:27.946', '2018-06-05 22:35:27.946'),
('43','4','47','43','200*100','铜板','9','5','DP43', '2018-06-05 22:35:27.946', '2018-06-05 22:35:27.946'),
('44','4','48','44','200*100','铜板','9','5','DP44', '2018-06-05 22:35:27.946', '2018-06-05 22:35:27.946'),
('8','3','15','12','100*100','铜板','8','4','DP12', '2018-06-05 22:35:27.946', '2018-06-05 22:35:27.946'),
('9','3','16','13','100*100','铜板','8','4','DP13', '2018-06-05 22:35:27.946', '2018-06-05 22:35:27.946'),
('10','3','17','14','200*100','铜板','8','4','DP14', '2018-06-05 22:35:27.946', '2018-06-05 22:35:27.946'),
('11','3','18','15','200*100','铜板','8','4','DP15', '2018-06-05 22:35:27.946', '2018-06-05 22:35:27.946'),
('12','3','19','16','200*100','铜板','8','4','DP16', '2018-06-05 22:35:27.946', '2018-06-05 22:35:27.946'),
('13','3','20','17','200*100','铜板','8','4','DP17', '2018-06-05 22:35:27.946', '2018-06-05 22:35:27.946'),
('14','3','21','18','200*100','铜板','8','4','DP18', '2018-06-05 22:35:27.946', '2018-06-05 22:35:27.946'),
('15','3','22','19','200*100','铜板','8','4','DP19', '2018-06-05 22:35:27.946', '2018-06-05 22:35:27.946'),
('16','3','23','20','200*100','铜板','8','4','DP20', '2018-06-05 22:35:27.946', '2018-06-05 22:35:27.946'),
('17','3','24','21','200*100','铜板','8','4','DP21', '2018-06-05 22:35:27.946', '2018-06-05 22:35:27.946'),
('18','3','25','22','200*100','铜板','8','4','DP22', '2018-06-05 22:35:27.946', '2018-06-05 22:35:27.946'),
('19','3','26','23','200*100','铜板','8','4','DP23', '2018-06-05 22:35:27.946', '2018-06-05 22:35:27.946'),
('20','3','27','24','200*100','铜板','8','4','DP24', '2018-06-05 22:35:27.946', '2018-06-05 22:35:27.946'),
('21','3','28','25','200*100','铜板','8','4','DP25', '2018-06-05 22:35:27.946', '2018-06-05 22:35:27.946'),
('22','3','29','26','200*100','铜板','8','4','DP26', '2018-06-05 22:35:27.946', '2018-06-05 22:35:27.946'),
('23','3','30','27','200*100','铜板','8','4','DP27', '2018-06-05 22:35:27.946', '2018-06-05 22:35:27.946'),
('24','3','31','28','200*100','铜板','8','4','DP28', '2018-06-05 22:35:27.946', '2018-06-05 22:35:27.946'),
('25','4','32','29','100*100','铜板','9','5','DP29', '2018-06-05 22:35:27.946', '2018-06-05 22:35:27.946'),
('26','4','33','30','100*100','铜板','9','5','DP30', '2018-06-05 22:35:27.946', '2018-06-05 22:35:27.946'),
('27','4','34','31','200*100','铜板','9','5','DP31', '2018-06-05 22:35:27.946', '2018-06-05 22:35:27.946'),
('28','3','44','12','100*100','铜板','11','4','DP12', '2018-06-05 22:35:27.946', '2018-06-05 22:35:27.946'),
('29','3','45','41','100*100','铜板','11','4','DP41', '2018-06-05 22:35:27.946', '2018-06-05 22:35:27.946'),
('39','5','49','45','100*100','铜板','10','6','DP45', '2018-06-05 22:35:27.946', '2018-06-05 22:35:27.946'),
('40','5','50','46','100*100','铜板','10','6','DP46', '2018-06-05 22:35:27.946', '2018-06-05 22:35:27.946'),
('41','5','51','47','200*100','铜板','10','6','DP47', '2018-06-05 22:35:27.946', '2018-06-05 22:35:27.946');

INSERT INTO DD_DW_DP
(id,DDId,DWId,DPId,GYSId,status,ZXNumber,CC,CZ, createdAt, updatedAt)
VALUES
('1','1','8','5','1','初始','0','100*100','铜板', '2018-06-05 22:35:27.946', '2018-06-05 22:35:27.946'),
('2','1','9','6','1','初始','0','100*100','铜板', '2018-06-05 22:35:27.946', '2018-06-05 22:35:27.946'),
('3','1','10','7','2','初始','0','200*100','铜板', '2018-06-05 22:35:27.946', '2018-06-05 22:35:27.946');

INSERT INTO DD_DW_DP
(id,DDId,DWId,DPId,GYSId,status,ZXNumber,AZGSId,CC,CZ, createdAt, updatedAt)
VALUES
('4','2','11','8','1','初始','0','1','100*100','铜板', '2018-06-05 22:35:27.946', '2018-06-05 22:35:27.946'),
('5','2','12','9','1','初始','0','1','100*100','铜板', '2018-06-05 22:35:27.946', '2018-06-05 22:35:27.946'),
('6','2','13','10','2','初始','0','2','200*100','铜板', '2018-06-05 22:35:27.946', '2018-06-05 22:35:27.946'),
('7','2','14','11','2','已分配发货供应商','0','2','200*100','铜板', '2018-06-05 22:35:27.946', '2018-06-05 22:35:27.946'),
('45','5','52','48','1','初始','0','2','100*100','铜板', '2018-06-05 22:35:27.946', '2018-06-05 22:35:27.946');

INSERT INTO DD_DW_DP
(id,DDId,DWId,DPId,GYSId,status,ZXNumber,CC,CZ, createdAt, updatedAt)
VALUES
('30','5','35','32','1','装箱完成','1','100*100','铜板', '2018-06-05 22:35:27.946', '2018-06-05 22:35:27.946'),
('31','5','36','33','1','装箱完成','1','100*100','铜板', '2018-06-05 22:35:27.946', '2018-06-05 22:35:27.946'),
('32','5','37','34','2','装箱完成','1','200*100','铜板', '2018-06-05 22:35:27.946', '2018-06-05 22:35:27.946'),
('33','5','38','35','2','收货','1','200*100','铜板', '2018-06-05 22:35:27.946', '2018-06-05 22:35:27.946'),
('34','5','39','36','2','收货','1','200*100','铜板', '2018-06-05 22:35:27.946', '2018-06-05 22:35:27.946'),
('35','5','40','37','2','收货','1','200*100','铜板', '2018-06-05 22:35:27.946', '2018-06-05 22:35:27.946'),
('36','5','41','38','2','收货','1','200*100','铜板', '2018-06-05 22:35:27.946', '2018-06-05 22:35:27.946'),
('37','5','42','39','2','收货','1','200*100','铜板', '2018-06-05 22:35:27.946', '2018-06-05 22:35:27.946'),
('38','5','43','40','2','收货','1','200*100','铜板', '2018-06-05 22:35:27.946', '2018-06-05 22:35:27.946'),
('42','4','46','42','2','可拍全景图','1','200*100','铜板', '2018-06-05 22:35:27.946', '2018-06-05 22:35:27.946'),
('43','4','47','43','2','可拍全景图','1','200*100','铜板', '2018-06-05 22:35:27.946', '2018-06-05 22:35:27.946'),
('44','4','48','44','2','可拍全景图','1','200*100','铜板', '2018-06-05 22:35:27.946', '2018-06-05 22:35:27.946');

INSERT INTO DD_DW_DP
(id,DDId,DWId,DPId,GYSId,status,ZXNumber,AZGSId,AZGUserId,YJRKDate,YJZXDate,YJAZDate,CC,CZ, createdAt, updatedAt)
VALUES
('8','3','15','12','1','已分配发货供应商','0','1','36','2018-2-2','2018-2-2','2018-2-2','100*100','铜板', '2018-06-05 22:35:27.946', '2018-06-05 22:35:27.946'),
('9','3','16','13','3','已分配发货供应商','0','1','37','2018-2-2','2018-2-2','2018-2-2','100*100','铜板', '2018-06-05 22:35:27.946', '2018-06-05 22:35:27.946'),
('10','3','17','14','2','装箱完成','1','1','36','2018-2-2','2018-2-2','2018-2-2','200*100','铜板', '2018-06-05 22:35:27.946', '2018-06-05 22:35:27.946'),
('11','3','18','15','2','装箱完成','1','1','37','2018-2-2','2018-2-2','2018-2-2','200*100','铜板', '2018-06-05 22:35:27.946', '2018-06-05 22:35:27.946'),
('12','3','19','16','2','装箱完成','1','2','38','2018-2-2','2018-2-2','2018-2-2','200*100','铜板', '2018-06-05 22:35:27.946', '2018-06-05 22:35:27.946'),
('13','3','20','17','2','装箱完成','1','2','38','2018-2-2','2018-2-2','2018-2-2','200*100','铜板', '2018-06-05 22:35:27.946', '2018-06-05 22:35:27.946'),
('14','3','21','18','2','装箱完成','1','2','38','2018-2-2','2018-2-2','2018-2-2','200*100','铜板', '2018-06-05 22:35:27.946', '2018-06-05 22:35:27.946'),
('15','3','22','19','2','装箱完成','1','2','38','2018-2-2','2018-2-2','2018-2-2','200*100','铜板', '2018-06-05 22:35:27.946', '2018-06-05 22:35:27.946'),
('16','3','23','20','2','收货','1','1','36','2018-2-2','2018-2-2','2018-2-2','200*100','铜板', '2018-06-05 22:35:27.946', '2018-06-05 22:35:27.946'),
('17','3','24','21','2','收货','1','1','37','2018-2-2','2018-2-2','2018-2-2','200*100','铜板', '2018-06-05 22:35:27.946', '2018-06-05 22:35:27.946'),
('18','3','25','22','2','收货','1','2','38','2018-2-2','2018-2-2','2018-2-2','200*100','铜板', '2018-06-05 22:35:27.946', '2018-06-05 22:35:27.946'),
('19','3','26','23','2','收货','1','2','38','2018-2-2','2018-2-2','2018-2-2','200*100','铜板', '2018-06-05 22:35:27.946', '2018-06-05 22:35:27.946'),
('20','3','27','24','2','收货','1','2','38','2018-2-2','2018-2-2','2018-2-2','200*100','铜板', '2018-06-05 22:35:27.946', '2018-06-05 22:35:27.946'),
('21','3','28','25','2','收货','1','2','38','2018-2-2','2018-2-2','2018-2-2','200*100','铜板', '2018-06-05 22:35:27.946', '2018-06-05 22:35:27.946'),
('22','3','29','26','2','收货','1','2','38','2018-2-2','2018-2-2','2018-2-2','200*100','铜板', '2018-06-05 22:35:27.946', '2018-06-05 22:35:27.946'),
('23','3','30','27','2','收货','1','2','38','2018-2-2','2018-2-2','2018-2-2','200*100','铜板', '2018-06-05 22:35:27.946', '2018-06-05 22:35:27.946'),
('24','3','31','28','2','收货','1','2','38','2018-2-2','2018-2-2','2018-2-2','200*100','铜板', '2018-06-05 22:35:27.946', '2018-06-05 22:35:27.946'),
('25','4','32','29','3','收货','1','2','38','2018-2-2','2018-2-2','2018-2-2','100*100','铜板', '2018-06-05 22:35:27.946', '2018-06-05 22:35:27.946'),
('26','4','33','30','3','收货','1','2','38','2018-2-2','2018-2-2','2018-2-2','100*100','铜板', '2018-06-05 22:35:27.946', '2018-06-05 22:35:27.946'),
('27','4','34','31','3','收货','1','2','38','2018-2-2','2018-2-2','2018-2-2','200*100','铜板', '2018-06-05 22:35:27.946', '2018-06-05 22:35:27.946'),
('28','3','44','12','1','已分配发货供应商','0','1','36','2018-2-2','2018-2-2','2018-2-2','100*100','铜板', '2018-06-05 22:35:27.946', '2018-06-05 22:35:27.946'),
('29','3','45','41','3','已分配发货供应商','0','1','37','2018-2-2','2018-2-2','2018-2-2','100*100','铜板', '2018-06-05 22:35:27.946', '2018-06-05 22:35:27.946'),
('39','5','49','45','2','可拍全景图','1','2','38','2018-2-2','2018-2-2','2018-2-2','100*100','铜板', '2018-06-05 22:35:27.946', '2018-06-05 22:35:27.946'),
('40','5','50','46','2','可拍全景图','1','2','38','2018-2-2','2018-2-2','2018-2-2','100*100','铜板', '2018-06-05 22:35:27.946', '2018-06-05 22:35:27.946'),
('41','5','51','47','2','可拍全景图','1','2','38','2018-2-2','2018-2-2','2018-2-2','200*100','铜板', '2018-06-05 22:35:27.946', '2018-06-05 22:35:27.946');

INSERT INTO WYDP
(id,EWM,status,DPId,GYSId,DDDWDPId,KDXId,uuid,GTId,PPId,DWId, createdAt, updatedAt)
VALUES
('5','{"type":"DP","typeId":14,"uuid":"14_1","DWId":17,"name":"DW3","CZ":"200*100","CC":"铜板","GTId":8,"PPId":4,"DPName":"DP14","DPImageUrl":""}','装箱','14','2','10','9','14_1','8','4','17', '2018-06-05 22:35:27.946', '2018-06-05 22:35:27.946'),
('6','{"type":"DP","typeId":15,"uuid":"15_1","DWId":18,"name":"DW4","CZ":"200*100","CC":"铜板","GTId":8,"PPId":4,"DPName":"DP15","DPImageUrl":""}','装箱','15','2','11','9','15_1','8','4','18', '2018-06-05 22:35:27.946', '2018-06-05 22:35:27.946'),
('7','{"type":"DP","typeId":16,"uuid":"16_1","DWId":19,"name":"DW5","CZ":"200*100","CC":"铜板","GTId":8,"PPId":4,"DPName":"DP16","DPImageUrl":""}','装箱','16','2','12','9','16_1','8','4','19', '2018-06-05 22:35:27.946', '2018-06-05 22:35:27.946'),
('8','{"type":"DP","typeId":17,"uuid":"17_1","DWId":20,"name":"DW6","CZ":"200*100","CC":"铜板","GTId":8,"PPId":4,"DPName":"DP17","DPImageUrl":""}','发货','17','2','13','10','17_1','8','4','20', '2018-06-05 22:35:27.946', '2018-06-05 22:35:27.946'),
('9','{"type":"DP","typeId":18,"uuid":"18_1","DWId":21,"name":"DW7","CZ":"200*100","CC":"铜板","GTId":8,"PPId":4,"DPName":"DP18","DPImageUrl":""}','收箱','18','2','14','11','18_1','8','4','21', '2018-06-05 22:35:27.946', '2018-06-05 22:35:27.946'),
('10','{"type":"DP","typeId":19,"uuid":"19_1","DWId":22,"name":"DW8","CZ":"200*100","CC":"铜板","GTId":8,"PPId":4,"DPName":"DP19","DPImageUrl":""}','收箱','19','2','15','11','19_1','8','4','22', '2018-06-05 22:35:27.946', '2018-06-05 22:35:27.946'),
('11','{"type":"DP","typeId":20,"uuid":"20_1","DWId":23,"name":"DW9","CZ":"200*100","CC":"铜板","GTId":8,"PPId":4,"DPName":"DP20","DPImageUrl":""}','收货','20','2','16','12','20_1','8','4','23', '2018-06-05 22:35:27.946', '2018-06-05 22:35:27.946'),
('12','{"type":"DP","typeId":21,"uuid":"21_1","DWId":24,"name":"DW10","CZ":"200*100","CC":"铜板","GTId":8,"PPId":4,"DPName":"DP21","DPImageUrl":""}','收货','21','2','17','12','21_1','8','4','24', '2018-06-05 22:35:27.946', '2018-06-05 22:35:27.946'),
('13','{"type":"DP","typeId":22,"uuid":"22_1","DWId":25,"name":"DW11","CZ":"200*100","CC":"铜板","GTId":8,"PPId":4,"DPName":"DP22","DPImageUrl":""}','收货','22','2','18','12','22_1','8','4','25', '2018-06-05 22:35:27.946', '2018-06-05 22:35:27.946'),
('23','{"type":"DP","typeId":32,"uuid":"32_1","DWId":35,"name":"DW1","CZ":"100*100","CC":"铜板","GTId":10,"PPId":6,"DPName":"DP32","DPImageUrl":""}','收箱','32','1','30','21','32_1','10','6','35', '2018-06-05 22:35:27.946', '2018-06-05 22:35:27.946'),
('24','{"type":"DP","typeId":33,"uuid":"33_1","DWId":36,"name":"DW2","CZ":"100*100","CC":"铜板","GTId":10,"PPId":6,"DPName":"DP33","DPImageUrl":""}','收箱','33','1','31','21','33_1','10','6','36', '2018-06-05 22:35:27.946', '2018-06-05 22:35:27.946'),
('25','{"type":"DP","typeId":34,"uuid":"34_1","DWId":37,"name":"DW3","CZ":"200*100","CC":"铜板","GTId":10,"PPId":6,"DPName":"DP34","DPImageUrl":""}','收箱','34','2','32','18','34_1','10','6','37', '2018-06-05 22:35:27.946', '2018-06-05 22:35:27.946'),
('26','{"type":"DP","typeId":35,"uuid":"35_1","DWId":38,"name":"DW4","CZ":"200*100","CC":"铜板","GTId":10,"PPId":6,"DPName":"DP35","DPImageUrl":""}','收货','35','2','33','18','35_1','10','6','38', '2018-06-05 22:35:27.946', '2018-06-05 22:35:27.946'),
('27','{"type":"DP","typeId":36,"uuid":"36_1","DWId":39,"name":"DW5","CZ":"200*100","CC":"铜板","GTId":10,"PPId":6,"DPName":"DP36","DPImageUrl":""}','收货','36','2','34','18','36_1','10','6','39', '2018-06-05 22:35:27.946', '2018-06-05 22:35:27.946'),
('28','{"type":"DP","typeId":37,"uuid":"37_1","DWId":40,"name":"DW6","CZ":"200*100","CC":"铜板","GTId":10,"PPId":6,"DPName":"DP37","DPImageUrl":""}','收货','37','2','35','18','37_1','10','6','40', '2018-06-05 22:35:27.946', '2018-06-05 22:35:27.946'),
('20','{"type":"DP","typeId":29,"uuid":"29_1","DWId":32,"name":"DW1","CZ":"100*100","CC":"铜板","GTId":9,"PPId":5,"DPName":"DP29","DPImageUrl":""}','收货','29','3','25','15','29_1','9','5','32', '2018-06-05 22:35:27.946', '2018-06-05 22:35:27.946'),
('21','{"type":"DP","typeId":30,"uuid":"30_1","DWId":33,"name":"DW2","CZ":"100*100","CC":"铜板","GTId":9,"PPId":5,"DPName":"DP30","DPImageUrl":""}','收货','30','3','26','15','30_1','9','5','33', '2018-06-05 22:35:27.946', '2018-06-05 22:35:27.946'),
('22','{"type":"DP","typeId":31,"uuid":"31_1","DWId":34,"name":"DW3","CZ":"200*100","CC":"铜板","GTId":9,"PPId":5,"DPName":"DP31","DPImageUrl":""}','收货','31','3','27','15','31_1','9','5','34', '2018-06-05 22:35:27.946', '2018-06-05 22:35:27.946');

INSERT INTO WYDP
(id,EWM,status,DPId,GYSId,DDDWDPId,KDXId,AZFKType,imageUrl,uuid,GTId,DWId,PPId, createdAt, updatedAt)
VALUES
('14','{"type":"DP","typeId":23,"uuid":"23_1","DWId":26,"name":"DW12","CZ":"200*100","CC":"铜板","GTId":8,"PPId":4,"DPName":"DP23","DPImageUrl":""}','反馈','23','2','19','13','安装成功','imageUrlDP23','23_1','8','26','4', '2018-06-05 22:35:27.946', '2018-06-05 22:35:27.946'),
('15','{"type":"DP","typeId":24,"uuid":"24_1","DWId":27,"name":"DW13","CZ":"200*100","CC":"铜板","GTId":8,"PPId":4,"DPName":"DP24","DPImageUrl":""}','反馈','24','2','20','13','安装成功','imageUrlDP24','24_1','8','27','4', '2018-06-05 22:35:27.946', '2018-06-05 22:35:27.946'),
('16','{"type":"DP","typeId":25,"uuid":"25_1","DWId":28,"name":"DW14","CZ":"200*100","CC":"铜板","GTId":8,"PPId":4,"DPName":"DP25","DPImageUrl":""}','反馈','25','2','21','13','安装成功','imageUrlDP25','25_1','8','28','4', '2018-06-05 22:35:27.946', '2018-06-05 22:35:27.946'),
('17','{"type":"DP","typeId":26,"uuid":"26_1","DWId":29,"name":"DW15","CZ":"200*100","CC":"铜板","GTId":8,"PPId":4,"DPName":"DP26","DPImageUrl":""}','反馈','26','2','22','14','安装成功','imageUrlDP26','26_1','8','29','4', '2018-06-05 22:35:27.946', '2018-06-05 22:35:27.946'),
('18','{"type":"DP","typeId":27,"uuid":"27_1","DWId":30,"name":"DW16","CZ":"200*100","CC":"铜板","GTId":8,"PPId":4,"DPName":"DP27","DPImageUrl":""}','反馈','27','2','23','14','安装成功','imageUrlDP27','27_1','8','30','4', '2018-06-05 22:35:27.946', '2018-06-05 22:35:27.946'),
('19','{"type":"DP","typeId":28,"uuid":"28_1","DWId":31,"name":"DW17","CZ":"200*100","CC":"铜板","GTId":8,"PPId":4,"DPName":"DP28","DPImageUrl":""}','反馈','28','2','24','14','丢失','imageUrlDP28','28_1','8','31','4', '2018-06-05 22:35:27.946', '2018-06-05 22:35:27.946'),
('29','{"type":"DP","typeId":38,"uuid":"38_1","DWId":41,"name":"DW7","CZ":"200*100","CC":"铜板","GTId":10,"PPId":6,"DPName":"DP38","DPImageUrl":""}','反馈','38','2','36','19','安装成功','imageUrlDP38','38_1','10','41','6', '2018-06-05 22:35:27.946', '2018-06-05 22:35:27.946'),
('30','{"type":"DP","typeId":39,"uuid":"39_1","DWId":42,"name":"DW8","CZ":"200*100","CC":"铜板","GTId":10,"PPId":6,"DPName":"DP39","DPImageUrl":""}','反馈','39','2','37','19','安装成功','imageUrlDP39','39_1','10','42','6', '2018-06-05 22:35:27.946', '2018-06-05 22:35:27.946'),
('31','{"type":"DP","typeId":40,"uuid":"40_1","DWId":43,"name":"DW9","CZ":"200*100","CC":"铜板","GTId":10,"PPId":6,"DPName":"DP40","DPImageUrl":""}','反馈','40','2','38','19','安装成功','imageUrlDP40','40_1','10','43','6', '2018-06-05 22:35:27.946', '2018-06-05 22:35:27.946'),
('81','{"type":"DP","typeId":45,"uuid":"45_1","DWId":49,"name":"DW10","CZ":"100*100","CC":"铜板","GTId":10,"PPId":6,"DPName":"DP45","DPImageUrl":""}','反馈','45','2','39','55','安装成功','imageUrlDP45','45_1','10','49','6', '2018-06-05 22:35:27.946', '2018-06-05 22:35:27.946'),
('82','{"type":"DP","typeId":46,"uuid":"46_1","DWId":50,"name":"DW11","CZ":"100*100","CC":"铜板","GTId":10,"PPId":6,"DPName":"DP46","DPImageUrl":""}','反馈','46','2','40','55','安装成功','imageUrlDP46','46_1','10','50','6', '2018-06-05 22:35:27.946', '2018-06-05 22:35:27.946'),
('83','{"type":"DP","typeId":47,"uuid":"47_1","DWId":51,"name":"DW12","CZ":"200*100","CC":"铜板","GTId":10,"PPId":6,"DPName":"DP47","DPImageUrl":""}','反馈','47','2','41','55','安装成功','imageUrlDP47','47_1','10','51','6', '2018-06-05 22:35:27.946', '2018-06-05 22:35:27.946'),
('84','{"type":"DP","typeId":48,"uuid":"48_1","DWId":46,"name":"DW4","CZ":"100*100","CC":"铜板","GTId":9,"PPId":5,"DPName":"DP42","DPImageUrl":""}','反馈','42','2','42','54','安装成功','imageUrlDP42','48_1','9','46','5', '2018-06-05 22:35:27.946', '2018-06-05 22:35:27.946'),
('85','{"type":"DP","typeId":49,"uuid":"49_1","DWId":47,"name":"DW5","CZ":"100*100","CC":"铜板","GTId":9,"PPId":5,"DPName":"DP43","DPImageUrl":""}','反馈','43','2','43','54','安装成功','imageUrlDP43','49_1','9','47','5', '2018-06-05 22:35:27.946', '2018-06-05 22:35:27.946'),
('86','{"type":"DP","typeId":50,"uuid":"50_1","DWId":48,"name":"DW6","CZ":"200*100","CC":"铜板","GTId":9,"PPId":5,"DPName":"DP44","DPImageUrl":""}','反馈','44','2','44','54','安装成功','imageUrlDP44','50_1','9','48','5', '2018-06-05 22:35:27.946', '2018-06-05 22:35:27.946');

INSERT INTO WYDPCZ
(id,WYDPId,status,UserId, createdAt, updatedAt)
VALUES
('6','5','装箱','32', '2018-06-05 22:35:27.946', '2018-06-05 22:35:27.946'),
('7','6','装箱','32', '2018-06-05 22:35:27.946', '2018-06-05 22:35:27.946'),
('8','7','装箱','32', '2018-06-05 22:35:27.946', '2018-06-05 22:35:27.946'),
('9','8','装箱','32', '2018-06-05 22:35:27.946', '2018-06-05 22:35:27.946'),
('10','8','发货','32', '2018-06-05 22:35:27.946', '2018-06-05 22:35:27.946'),
('11','9','装箱','32', '2018-06-05 22:35:27.946', '2018-06-05 22:35:27.946'),
('12','10','装箱','32', '2018-06-05 22:35:27.946', '2018-06-05 22:35:27.946'),
('13','9','发货','32', '2018-06-05 22:35:27.946', '2018-06-05 22:35:27.946'),
('14','10','发货','32', '2018-06-05 22:35:27.946', '2018-06-05 22:35:27.946'),
('15','9','收箱','24', '2018-06-05 22:35:27.946', '2018-06-05 22:35:27.946'),
('16','10','收箱','24', '2018-06-05 22:35:27.946', '2018-06-05 22:35:27.946'),
('17','11','装箱','32', '2018-06-05 22:35:27.946', '2018-06-05 22:35:27.946'),
('18','12','装箱','32', '2018-06-05 22:35:27.946', '2018-06-05 22:35:27.946'),
('19','13','装箱','32', '2018-06-05 22:35:27.946', '2018-06-05 22:35:27.946'),
('20','14','装箱','32', '2018-06-05 22:35:27.946', '2018-06-05 22:35:27.946'),
('21','15','装箱','32', '2018-06-05 22:35:27.946', '2018-06-05 22:35:27.946'),
('22','16','装箱','32', '2018-06-05 22:35:27.946', '2018-06-05 22:35:27.946'),
('23','11','发货','32', '2018-06-05 22:35:27.946', '2018-06-05 22:35:27.946'),
('24','12','发货','32', '2018-06-05 22:35:27.946', '2018-06-05 22:35:27.946'),
('25','13','发货','32', '2018-06-05 22:35:27.946', '2018-06-05 22:35:27.946'),
('26','14','发货','32', '2018-06-05 22:35:27.946', '2018-06-05 22:35:27.946'),
('27','15','发货','32', '2018-06-05 22:35:27.946', '2018-06-05 22:35:27.946'),
('28','16','发货','32', '2018-06-05 22:35:27.946', '2018-06-05 22:35:27.946'),
('29','11','收箱','24', '2018-06-05 22:35:27.946', '2018-06-05 22:35:27.946'),
('30','12','收箱','24', '2018-06-05 22:35:27.946', '2018-06-05 22:35:27.946'),
('31','13','收箱','24', '2018-06-05 22:35:27.946', '2018-06-05 22:35:27.946'),
('32','14','收箱','24', '2018-06-05 22:35:27.946', '2018-06-05 22:35:27.946'),
('33','15','收箱','24', '2018-06-05 22:35:27.946', '2018-06-05 22:35:27.946'),
('34','16','收箱','24', '2018-06-05 22:35:27.946', '2018-06-05 22:35:27.946'),
('35','11','收货','36', '2018-06-05 22:35:27.946', '2018-06-05 22:35:27.946'),
('36','12','收货','37', '2018-06-05 22:35:27.946', '2018-06-05 22:35:27.946'),
('37','13','收货','38', '2018-06-05 22:35:27.946', '2018-06-05 22:35:27.946'),
('38','14','收货','38', '2018-06-05 22:35:27.946', '2018-06-05 22:35:27.946'),
('39','15','收货','38', '2018-06-05 22:35:27.946', '2018-06-05 22:35:27.946'),
('40','16','收货','38', '2018-06-05 22:35:27.946', '2018-06-05 22:35:27.946'),
('41','14','反馈','38', '2018-06-05 22:35:27.946', '2018-06-05 22:35:27.946'),
('42','15','反馈','38', '2018-06-05 22:35:27.946', '2018-06-05 22:35:27.946'),
('43','16','反馈','38', '2018-06-05 22:35:27.946', '2018-06-05 22:35:27.946'),
('44','17','装箱','32', '2018-06-05 22:35:27.946', '2018-06-05 22:35:27.946'),
('45','18','装箱','32', '2018-06-05 22:35:27.946', '2018-06-05 22:35:27.946'),
('46','19','装箱','32', '2018-06-05 22:35:27.946', '2018-06-05 22:35:27.946'),
('47','17','发货','32', '2018-06-05 22:35:27.946', '2018-06-05 22:35:27.946'),
('48','18','发货','32', '2018-06-05 22:35:27.946', '2018-06-05 22:35:27.946'),
('49','19','发货','32', '2018-06-05 22:35:27.946', '2018-06-05 22:35:27.946'),
('50','17','收箱','32', '2018-06-05 22:35:27.946', '2018-06-05 22:35:27.946'),
('51','18','收箱','32', '2018-06-05 22:35:27.946', '2018-06-05 22:35:27.946'),
('52','19','收箱','32', '2018-06-05 22:35:27.946', '2018-06-05 22:35:27.946'),
('53','17','收货','38', '2018-06-05 22:35:27.946', '2018-06-05 22:35:27.946'),
('54','18','收货','38', '2018-06-05 22:35:27.946', '2018-06-05 22:35:27.946'),
('55','19','收货','38', '2018-06-05 22:35:27.946', '2018-06-05 22:35:27.946'),
('56','17','反馈','38', '2018-06-05 22:35:27.946', '2018-06-05 22:35:27.946'),
('57','18','反馈','38', '2018-06-05 22:35:27.946', '2018-06-05 22:35:27.946'),
('58','19','反馈','38', '2018-06-05 22:35:27.946', '2018-06-05 22:35:27.946'),
('59','20','装箱','33', '2018-06-05 22:35:27.946', '2018-06-05 22:35:27.946'),
('60','21','装箱','33', '2018-06-05 22:35:27.946', '2018-06-05 22:35:27.946'),
('61','22','装箱','33', '2018-06-05 22:35:27.946', '2018-06-05 22:35:27.946'),
('62','20','发货','33', '2018-06-05 22:35:27.946', '2018-06-05 22:35:27.946'),
('63','21','发货','33', '2018-06-05 22:35:27.946', '2018-06-05 22:35:27.946'),
('64','22','发货','33', '2018-06-05 22:35:27.946', '2018-06-05 22:35:27.946'),
('65','20','收箱','25', '2018-06-05 22:35:27.946', '2018-06-05 22:35:27.946'),
('66','21','收箱','25', '2018-06-05 22:35:27.946', '2018-06-05 22:35:27.946'),
('67','22','收箱','25', '2018-06-05 22:35:27.946', '2018-06-05 22:35:27.946'),
('68','20','收货','38', '2018-06-05 22:35:27.946', '2018-06-05 22:35:27.946'),
('69','21','收货','38', '2018-06-05 22:35:27.946', '2018-06-05 22:35:27.946'),
('70','22','收货','38', '2018-06-05 22:35:27.946', '2018-06-05 22:35:27.946'),
('74','23','装箱','30', '2018-06-05 22:35:27.946', '2018-06-05 22:35:27.946'),
('75','24','装箱','30', '2018-06-05 22:35:27.946', '2018-06-05 22:35:27.946'),
('76','25','装箱','32', '2018-06-05 22:35:27.946', '2018-06-05 22:35:27.946'),
('77','23','发货','30', '2018-06-05 22:35:27.946', '2018-06-05 22:35:27.946'),
('78','24','发货','30', '2018-06-05 22:35:27.946', '2018-06-05 22:35:27.946'),
('79','25','发货','32', '2018-06-05 22:35:27.946', '2018-06-05 22:35:27.946'),
('80','23','收箱','26', '2018-06-05 22:35:27.946', '2018-06-05 22:35:27.946'),
('81','24','收箱','26', '2018-06-05 22:35:27.946', '2018-06-05 22:35:27.946'),
('82','25','收箱','26', '2018-06-05 22:35:27.946', '2018-06-05 22:35:27.946'),
('83','26','装箱','32', '2018-06-05 22:35:27.946', '2018-06-05 22:35:27.946'),
('84','27','装箱','32', '2018-06-05 22:35:27.946', '2018-06-05 22:35:27.946'),
('85','28','装箱','32', '2018-06-05 22:35:27.946', '2018-06-05 22:35:27.946'),
('86','26','发货','32', '2018-06-05 22:35:27.946', '2018-06-05 22:35:27.946'),
('87','27','发货','32', '2018-06-05 22:35:27.946', '2018-06-05 22:35:27.946'),
('88','28','发货','32', '2018-06-05 22:35:27.946', '2018-06-05 22:35:27.946'),
('89','26','收箱','26', '2018-06-05 22:35:27.946', '2018-06-05 22:35:27.946'),
('90','27','收箱','26', '2018-06-05 22:35:27.946', '2018-06-05 22:35:27.946'),
('91','28','收箱','26', '2018-06-05 22:35:27.946', '2018-06-05 22:35:27.946'),
('92','26','收货','26', '2018-06-05 22:35:27.946', '2018-06-05 22:35:27.946'),
('93','27','收货','26', '2018-06-05 22:35:27.946', '2018-06-05 22:35:27.946'),
('94','28','收货','26', '2018-06-05 22:35:27.946', '2018-06-05 22:35:27.946'),
('95','29','装箱','32', '2018-06-05 22:35:27.946', '2018-06-05 22:35:27.946'),
('96','30','装箱','32', '2018-06-05 22:35:27.946', '2018-06-05 22:35:27.946'),
('97','31','装箱','32', '2018-06-05 22:35:27.946', '2018-06-05 22:35:27.946'),
('98','29','发货','32', '2018-06-05 22:35:27.946', '2018-06-05 22:35:27.946'),
('99','30','发货','32', '2018-06-05 22:35:27.946', '2018-06-05 22:35:27.946'),
('100','31','发货','32', '2018-06-05 22:35:27.946', '2018-06-05 22:35:27.946'),
('101','29','收箱','26', '2018-06-05 22:35:27.946', '2018-06-05 22:35:27.946'),
('102','30','收箱','26', '2018-06-05 22:35:27.946', '2018-06-05 22:35:27.946'),
('103','31','收箱','26', '2018-06-05 22:35:27.946', '2018-06-05 22:35:27.946'),
('104','29','收货','26', '2018-06-05 22:35:27.946', '2018-06-05 22:35:27.946'),
('105','30','收货','26', '2018-06-05 22:35:27.946', '2018-06-05 22:35:27.946'),
('106','31','收货','26', '2018-06-05 22:35:27.946', '2018-06-05 22:35:27.946'),
('107','29','反馈','26', '2018-06-05 22:35:27.946', '2018-06-05 22:35:27.946'),
('108','30','反馈','26', '2018-06-05 22:35:27.946', '2018-06-05 22:35:27.946'),
('109','31','反馈','26', '2018-06-05 22:35:27.946', '2018-06-05 22:35:27.946'),
('110','81','装箱','32', '2018-06-05 22:35:27.946', '2018-06-05 22:35:27.946'),
('111','82','装箱','32', '2018-06-05 22:35:27.946', '2018-06-05 22:35:27.946'),
('112','83','装箱','32', '2018-06-05 22:35:27.946', '2018-06-05 22:35:27.946'),
('113','84','装箱','32', '2018-06-05 22:35:27.946', '2018-06-05 22:35:27.946'),
('114','85','装箱','32', '2018-06-05 22:35:27.946', '2018-06-05 22:35:27.946'),
('115','86','装箱','32', '2018-06-05 22:35:27.946', '2018-06-05 22:35:27.946'),
('116','81','发货','32', '2018-06-05 22:35:27.946', '2018-06-05 22:35:27.946'),
('117','82','发货','32', '2018-06-05 22:35:27.946', '2018-06-05 22:35:27.946'),
('118','83','发货','32', '2018-06-05 22:35:27.946', '2018-06-05 22:35:27.946'),
('119','84','发货','32', '2018-06-05 22:35:27.946', '2018-06-05 22:35:27.946'),
('120','85','发货','32', '2018-06-05 22:35:27.946', '2018-06-05 22:35:27.946'),
('121','86','发货','32', '2018-06-05 22:35:27.946', '2018-06-05 22:35:27.946'),
('122','81','收箱','26', '2018-06-05 22:35:27.946', '2018-06-05 22:35:27.946'),
('123','82','收箱','26', '2018-06-05 22:35:27.946', '2018-06-05 22:35:27.946'),
('124','83','收箱','26', '2018-06-05 22:35:27.946', '2018-06-05 22:35:27.946'),
('125','84','收箱','25', '2018-06-05 22:35:27.946', '2018-06-05 22:35:27.946'),
('126','85','收箱','25', '2018-06-05 22:35:27.946', '2018-06-05 22:35:27.946'),
('127','86','收箱','25', '2018-06-05 22:35:27.946', '2018-06-05 22:35:27.946'),
('128','81','收货','38', '2018-06-05 22:35:27.946', '2018-06-05 22:35:27.946'),
('129','82','收货','38', '2018-06-05 22:35:27.946', '2018-06-05 22:35:27.946'),
('130','83','收货','38', '2018-06-05 22:35:27.946', '2018-06-05 22:35:27.946'),
('131','84','收货','26', '2018-06-05 22:35:27.946', '2018-06-05 22:35:27.946'),
('132','85','收货','26', '2018-06-05 22:35:27.946', '2018-06-05 22:35:27.946'),
('133','86','收货','26', '2018-06-05 22:35:27.946', '2018-06-05 22:35:27.946'),
('134','81','反馈','38', '2018-06-05 22:35:27.946', '2018-06-05 22:35:27.946'),
('135','82','反馈','38', '2018-06-05 22:35:27.946', '2018-06-05 22:35:27.946'),
('136','83','反馈','38', '2018-06-05 22:35:27.946', '2018-06-05 22:35:27.946'),
('137','84','反馈','26', '2018-06-05 22:35:27.946', '2018-06-05 22:35:27.946'),
('138','85','反馈','26', '2018-06-05 22:35:27.946', '2018-06-05 22:35:27.946'),
('139','86','反馈','26', '2018-06-05 22:35:27.946', '2018-06-05 22:35:27.946');

INSERT INTO PP_GTFX
(PPId,GTId, createdAt, updatedAt)
VALUES
('2','6', '2018-06-05 22:35:27.946', '2018-06-05 22:35:27.946');

INSERT INTO WLBH
(id,GTId,WLId,status,GYSId,ZXNumber,imageUrl, createdAt, updatedAt)
VALUES
('1','8','14','初始','1','0','imagUrl', '2018-06-05 22:35:27.946', '2018-06-05 22:35:27.946'),
('2','8','14','客服经理审批通过','1','0','imagUrl', '2018-06-05 22:35:27.946', '2018-06-05 22:35:27.946'),
('3','8','14','驳回','1','0','imagUrl', '2018-06-05 22:35:27.946', '2018-06-05 22:35:27.946'),
('4','7','10','初始','1','0','imagUrl', '2018-06-05 22:35:27.946', '2018-06-05 22:35:27.946'),
('5','7','10','客服经理审批通过','1','0','imagUrl', '2018-06-05 22:35:27.946', '2018-06-05 22:35:27.946'),
('6','7','10','驳回','1','0','imagUrl', '2018-06-05 22:35:27.946', '2018-06-05 22:35:27.946');

INSERT INTO WLBH
(id,GTId,WLId,status,GYSId,ZXNumber,imageUrl,AZGSId, createdAt, updatedAt)
VALUES
('7','8','14','客服经理审批通过','1','0','imagUrl','1', '2018-06-05 22:35:27.946', '2018-06-05 22:35:27.946'),
('8','7','10','通过','1','0','imagUrl','1', '2018-06-05 22:35:27.946', '2018-06-05 22:35:27.946'),
('72','7','10','通过','1','0','imagUrl','1', '2018-06-05 22:35:27.946', '2018-06-05 22:35:27.946');

INSERT INTO WLBH
(id,GTId,WLId,status,GYSId,ZXNumber,imageUrl,YJZXTime, createdAt, updatedAt)
VALUES
('21','7','10','收货','1','1','imagUrl','2018-01-06', '2018-06-05 22:35:27.946', '2018-06-05 22:35:27.946');

INSERT INTO WLBH
(id,GTId,WLId,status,GYSId,ZXNumber,imageUrl,AZGSId,AZGUserId,YJZXTime, createdAt, updatedAt)
VALUES
('9','8','14','已分配发货供应商','1','0','imagUrl','1','36','2018-10-10', '2018-06-05 22:35:27.946', '2018-06-05 22:35:27.946'),
('10','8','14','装箱完成','1','1','imagUrl','2','38','2018-01-01', '2018-06-05 22:35:27.946', '2018-06-05 22:35:27.946'),
('11','8','14','装箱完成','1','1','imagUrl','2','38','2018-01-03', '2018-06-05 22:35:27.946', '2018-06-05 22:35:27.946'),
('12','8','14','装箱完成','1','1','imagUrl','2','38','2018-01-02', '2018-06-05 22:35:27.946', '2018-06-05 22:35:27.946'),
('13','8','14','收货','1','1','imagUrl','2','38','2018-01-02', '2018-06-05 22:35:27.946', '2018-06-05 22:35:27.946'),
('14','8','14','可拍全景图','1','1','imagUrl','2','38','2018-01-02', '2018-06-05 22:35:27.946', '2018-06-05 22:35:27.946'),
('15','8','14','可拍全景图','1','1','imagUrl','2','38','2018-01-02', '2018-06-05 22:35:27.946', '2018-06-05 22:35:27.946'),
('16','8','14','完成','1','1','imagUrl','2','38','2018-01-02', '2018-06-05 22:35:27.946', '2018-06-05 22:35:27.946'),
('17','7','10','已分配发货供应商','1','0','imagUrl','2','38','2018-10-10', '2018-06-05 22:35:27.946', '2018-06-05 22:35:27.946'),
('18','7','10','装箱完成','1','1','imagUrl','2','38','2018-01-04', '2018-06-05 22:35:27.946', '2018-06-05 22:35:27.946'),
('19','7','10','装箱完成','1','1','imagUrl','2','38','2018-01-05', '2018-06-05 22:35:27.946', '2018-06-05 22:35:27.946'),
('20','7','10','装箱完成','1','1','imagUrl','2','38','2018-01-06', '2018-06-05 22:35:27.946', '2018-06-05 22:35:27.946'),
('22','7','10','可拍全景图','1','1','imagUrl','2','38','2018-01-06', '2018-06-05 22:35:27.946', '2018-06-05 22:35:27.946'),
('23','7','10','可拍全景图','1','1','imagUrl','2','38','2018-01-06', '2018-06-05 22:35:27.946', '2018-06-05 22:35:27.946'),
('24','7','10','完成','1','1','imagUrl','2','38','2018-01-06', '2018-06-05 22:35:27.946', '2018-06-05 22:35:27.946');

INSERT INTO WLBH
(id,GTId,WLId,DDId,status,GYSId,ZXNumber,imageUrl, createdAt, updatedAt)
VALUES
('25','7','10','2','初始','1','0','imagUrl', '2018-06-05 22:35:27.946', '2018-06-05 22:35:27.946'),
('26','7','10','2','客服经理审批通过','1','0','imagUrl', '2018-06-05 22:35:27.946', '2018-06-05 22:35:27.946'),
('27','7','10','2','驳回','1','0','imagUrl', '2018-06-05 22:35:27.946', '2018-06-05 22:35:27.946'),
('28','8','16','3','初始','2','0','imagUrl', '2018-06-05 22:35:27.946', '2018-06-05 22:35:27.946'),
('29','8','16','3','客服经理审批通过','2','0','imagUrl', '2018-06-05 22:35:27.946', '2018-06-05 22:35:27.946'),
('30','8','16','3','驳回','2','0','imagUrl', '2018-06-05 22:35:27.946', '2018-06-05 22:35:27.946');

INSERT INTO WLBH
(id,GTId,WLId,DDId,status,GYSId,ZXNumber,imageUrl,AZGSId, createdAt, updatedAt)
VALUES
('31','7','10','2','客服经理审批通过','1','0','imagUrl','1', '2018-06-05 22:35:27.946', '2018-06-05 22:35:27.946'),
('32','8','16','3','通过','2','0','imagUrl','1', '2018-06-05 22:35:27.946', '2018-06-05 22:35:27.946'),
('73','8','16','3','通过','2','0','imagUrl','1', '2018-06-05 22:35:27.946', '2018-06-05 22:35:27.946');

INSERT INTO WLBH
(id,GTId,WLId,DDId,status,GYSId,ZXNumber,imageUrl,AZGSId,AZGUserId,note,KFJLNote,PPJLNote,YJZXTime, createdAt, updatedAt)
VALUES
('33','7','10','2','已分配发货供应商','1','0','imagUrl','1','36','货物损坏','同意','同意','2018-10-10', '2018-06-05 22:35:27.946', '2018-06-05 22:35:27.946'),
('34','7','10','2','已分配发货供应商','1','0','imagUrl','1','37','货物损坏','同意','同意','2018-10-10', '2018-06-05 22:35:27.946', '2018-06-05 22:35:27.946'),
('35','7','10','2','已分配发货供应商','3','0','imagUrl','2','38','货物损坏','同意','同意','2018-10-10', '2018-06-05 22:35:27.946', '2018-06-05 22:35:27.946'),
('36','7','10','2','已分配发货供应商','3','0','imagUrl','2','38','货物损坏','同意','同意','2018-10-10', '2018-06-05 22:35:27.946', '2018-06-05 22:35:27.946'),
('37','7','10','2','装箱完成','1','1','imagUrl','1','36','货物损坏','同意','同意','2018-01-04', '2018-06-05 22:35:27.946', '2018-06-05 22:35:27.946'),
('38','7','10','2','装箱完成','1','1','imagUrl','1','37','货物损坏','同意','同意','2018-01-04', '2018-06-05 22:35:27.946', '2018-06-05 22:35:27.946'),
('39','7','10','2','装箱完成','3','1','imagUrl','1','38','货物损坏','同意','同意','2018-01-07', '2018-06-05 22:35:27.946', '2018-06-05 22:35:27.946'),
('40','7','10','2','装箱完成','1','1','imagUrl','1','36','货物损坏','同意','同意','2018-01-05', '2018-06-05 22:35:27.946', '2018-06-05 22:35:27.946'),
('41','7','10','2','装箱完成','1','1','imagUrl','1','37','货物损坏','同意','同意','2018-01-05', '2018-06-05 22:35:27.946', '2018-06-05 22:35:27.946'),
('42','7','10','2','装箱完成','3','1','imagUrl','1','38','货物损坏','同意','同意','2018-01-08', '2018-06-05 22:35:27.946', '2018-06-05 22:35:27.946'),
('43','7','10','2','装箱完成','1','1','imagUrl','2','36','货物损坏','同意','同意','2018-01-06', '2018-06-05 22:35:27.946', '2018-06-05 22:35:27.946'),
('44','7','10','2','装箱完成','1','1','imagUrl','2','37','货物损坏','同意','同意','2018-01-06', '2018-06-05 22:35:27.946', '2018-06-05 22:35:27.946'),
('45','7','10','2','装箱完成','3','1','imagUrl','2','38','货物损坏','同意','同意','2018-01-10', '2018-06-05 22:35:27.946', '2018-06-05 22:35:27.946'),
('46','7','10','2','收货','1','1','imagUrl','1','36','货物损坏','同意','同意','2018-01-06', '2018-06-05 22:35:27.946', '2018-06-05 22:35:27.946'),
('47','7','10','2','收货','1','1','imagUrl','1','37','货物损坏','同意','同意','2018-01-06', '2018-06-05 22:35:27.946', '2018-06-05 22:35:27.946'),
('48','7','10','2','收货','3','1','imagUrl','2','38','货物损坏','同意','同意','2018-01-17', '2018-06-05 22:35:27.946', '2018-06-05 22:35:27.946'),
('49','7','10','2','可拍全景图','1','1','imagUrl','1','36','货物损坏','同意','同意','2018-01-06', '2018-06-05 22:35:27.946', '2018-06-05 22:35:27.946'),
('50','7','10','2','可拍全景图','1','1','imagUrl','1','37','货物损坏','同意','同意','2018-01-06', '2018-06-05 22:35:27.946', '2018-06-05 22:35:27.946'),
('51','7','10','2','可拍全景图','3','1','imagUrl','2','38','货物损坏','同意','同意','2018-01-17', '2018-06-05 22:35:27.946', '2018-06-05 22:35:27.946'),
('52','7','10','2','完成','1','1','imagUrl','2','38','货物损坏','同意','同意','2018-01-06', '2018-06-05 22:35:27.946', '2018-06-05 22:35:27.946'),
('53','8','16','3','已分配发货供应商','2','0','imagUrl','1','36','货物损坏','同意','同意','2018-10-10', '2018-06-05 22:35:27.946', '2018-06-05 22:35:27.946'),
('54','8','16','3','已分配发货供应商','2','0','imagUrl','1','37','货物损坏','同意','同意','2018-10-10', '2018-06-05 22:35:27.946', '2018-06-05 22:35:27.946'),
('55','8','16','3','已分配发货供应商','3','0','imagUrl','2','38','货物损坏','同意','同意','2018-10-10', '2018-06-05 22:35:27.946', '2018-06-05 22:35:27.946'),
('56','8','16','3','装箱完成','2','1','imagUrl','1','36','货物损坏','同意','同意','2018-01-11', '2018-06-05 22:35:27.946', '2018-06-05 22:35:27.946'),
('57','8','16','3','装箱完成','2','1','imagUrl','1','37','货物损坏','同意','同意','2018-01-11', '2018-06-05 22:35:27.946', '2018-06-05 22:35:27.946'),
('58','8','16','3','装箱完成','3','1','imagUrl','2','38','货物损坏','同意','同意','2018-01-14', '2018-06-05 22:35:27.946', '2018-06-05 22:35:27.946'),
('59','8','16','3','装箱完成','2','1','imagUrl','1','36','货物损坏','同意','同意','2018-01-12', '2018-06-05 22:35:27.946', '2018-06-05 22:35:27.946'),
('60','8','16','3','装箱完成','2','1','imagUrl','1','37','货物损坏','同意','同意','2018-01-12', '2018-06-05 22:35:27.946', '2018-06-05 22:35:27.946'),
('61','8','16','3','装箱完成','3','1','imagUrl','2','38','货物损坏','同意','同意','2018-01-15', '2018-06-05 22:35:27.946', '2018-06-05 22:35:27.946'),
('62','8','16','3','装箱完成','2','1','imagUrl','1','36','货物损坏','同意','同意','2018-01-13', '2018-06-05 22:35:27.946', '2018-06-05 22:35:27.946'),
('63','8','16','3','装箱完成','2','1','imagUrl','1','37','货物损坏','同意','同意','2018-01-13', '2018-06-05 22:35:27.946', '2018-06-05 22:35:27.946'),
('64','8','16','3','装箱完成','3','1','imagUrl','2','38','货物损坏','同意','同意','2018-01-13', '2018-06-05 22:35:27.946', '2018-06-05 22:35:27.946'),
('65','8','16','3','收货','2','1','imagUrl','1','36','货物损坏','同意','同意','2018-01-13', '2018-06-05 22:35:27.946', '2018-06-05 22:35:27.946'),
('66','8','16','3','收货','2','1','imagUrl','1','37','货物损坏','同意','同意','2018-01-13', '2018-06-05 22:35:27.946', '2018-06-05 22:35:27.946'),
('67','8','16','3','收货','3','1','imagUrl','2','38','货物损坏','同意','同意','2018-01-16', '2018-06-05 22:35:27.946', '2018-06-05 22:35:27.946'),
('68','8','16','3','收货','2','1','imagUrl','1','36','货物损坏','同意','同意','2018-01-13', '2018-06-05 22:35:27.946', '2018-06-05 22:35:27.946'),
('69','8','16','3','收货','2','1','imagUrl','1','37','货物损坏','同意','同意','2018-01-13', '2018-06-05 22:35:27.946', '2018-06-05 22:35:27.946'),
('70','8','16','3','收货','3','1','imagUrl','2','38','货物损坏','同意','同意','2018-01-16', '2018-06-05 22:35:27.946', '2018-06-05 22:35:27.946'),
('71','8','16','3','收货','2','1','imagUrl','2','38','货物损坏','同意','同意','2018-01-13', '2018-06-05 22:35:27.946', '2018-06-05 22:35:27.946');

INSERT INTO WYWL
(id,EWM,status,WLId,GYSId,uuid, createdAt, updatedAt)
VALUES
('53','{"type":"WL","typeId":10,"uuid":"B10_1"}','入库','10','3','B10_1', '2018-06-05 22:35:27.946', '2018-06-05 22:35:27.946'),
('54','{"type":"WL","typeId":16,"uuid":"B16_1"}','入库','16','3','B16_1', '2018-06-05 22:35:27.946', '2018-06-05 22:35:27.946'),
('55','{"type":"WL","typeId":14,"uuid":"B14_1"}','入库','14','1','B14_1', '2018-06-05 22:35:27.946', '2018-06-05 22:35:27.946');

INSERT INTO WYWL
(id,EWM,status,WLId,GYSId,WLBHId,KDXId,uuid, createdAt, updatedAt)
VALUES
('56','{"type":"WL","typeId":14,"uuid":"B14_2"}','装箱','14','1','10','22','B14_2', '2018-06-05 22:35:27.946', '2018-06-05 22:35:27.946'),
('57','{"type":"WL","typeId":14,"uuid":"B14_3"}','发货','14','1','11','23','B14_3', '2018-06-05 22:35:27.946', '2018-06-05 22:35:27.946'),
('58','{"type":"WL","typeId":14,"uuid":"B14_4"}','收箱','14','1','12','24','B14_4', '2018-06-05 22:35:27.946', '2018-06-05 22:35:27.946'),
('59','{"type":"WL","typeId":14,"uuid":"B14_5"}','收货','14','1','13','24','B14_5', '2018-06-05 22:35:27.946', '2018-06-05 22:35:27.946'),
('60','{"type":"WL","typeId":10,"uuid":"B10_2"}','装箱','10','1','18','25','B10_2', '2018-06-05 22:35:27.946', '2018-06-05 22:35:27.946'),
('61','{"type":"WL","typeId":10,"uuid":"B10_3"}','发货','10','1','19','26','B10_3', '2018-06-05 22:35:27.946', '2018-06-05 22:35:27.946'),
('62','{"type":"WL","typeId":10,"uuid":"B10_4"}','收箱','10','1','20','27','B10_4', '2018-06-05 22:35:27.946', '2018-06-05 22:35:27.946'),
('63','{"type":"WL","typeId":10,"uuid":"B10_5"}','收货','10','1','21','27','B10_5', '2018-06-05 22:35:27.946', '2018-06-05 22:35:27.946'),
('64','{"type":"WL","typeId":10,"uuid":"B10_9"}','装箱','10','1','37','25','B10_9', '2018-06-05 22:35:27.946', '2018-06-05 22:35:27.946'),
('65','{"type":"WL","typeId":10,"uuid":"B10_10"}','装箱','10','1','38','25','B10_10', '2018-06-05 22:35:27.946', '2018-06-05 22:35:27.946'),
('66','{"type":"WL","typeId":10,"uuid":"B10_11"}','装箱','10','3','39','28','B10_11', '2018-06-05 22:35:27.946', '2018-06-05 22:35:27.946'),
('67','{"type":"WL","typeId":10,"uuid":"B10_12"}','发货','10','1','40','26','B10_12', '2018-06-05 22:35:27.946', '2018-06-05 22:35:27.946'),
('68','{"type":"WL","typeId":10,"uuid":"B10_13"}','发货','10','1','41','26','B10_13', '2018-06-05 22:35:27.946', '2018-06-05 22:35:27.946'),
('69','{"type":"WL","typeId":10,"uuid":"B10_14"}','发货','10','3','42','29','B10_14', '2018-06-05 22:35:27.946', '2018-06-05 22:35:27.946'),
('70','{"type":"WL","typeId":10,"uuid":"B10_15"}','收箱','10','1','43','27','B10_15', '2018-06-05 22:35:27.946', '2018-06-05 22:35:27.946'),
('71','{"type":"WL","typeId":10,"uuid":"B10_16"}','收箱','10','1','44','27','B10_16', '2018-06-05 22:35:27.946', '2018-06-05 22:35:27.946'),
('72','{"type":"WL","typeId":10,"uuid":"B10_17"}','收箱','10','3','45','30','B10_17', '2018-06-05 22:35:27.946', '2018-06-05 22:35:27.946'),
('73','{"type":"WL","typeId":10,"uuid":"B10_18"}','收货','10','1','46','27','B10_18', '2018-06-05 22:35:27.946', '2018-06-05 22:35:27.946'),
('74','{"type":"WL","typeId":10,"uuid":"B10_19"}','收货','10','1','47','27','B10_19', '2018-06-05 22:35:27.946', '2018-06-05 22:35:27.946'),
('75','{"type":"WL","typeId":10,"uuid":"B10_20"}','收货','10','3','48','30','B10_20', '2018-06-05 22:35:27.946', '2018-06-05 22:35:27.946'),
('76','{"type":"WL","typeId":16,"uuid":"B16_2"}','装箱','16','2','56','31','B16_2', '2018-06-05 22:35:27.946', '2018-06-05 22:35:27.946'),
('77','{"type":"WL","typeId":16,"uuid":"B16_3"}','装箱','16','2','57','31','B16_3', '2018-06-05 22:35:27.946', '2018-06-05 22:35:27.946'),
('78','{"type":"WL","typeId":16,"uuid":"B16_4"}','装箱','16','3','58','34','B16_4', '2018-06-05 22:35:27.946', '2018-06-05 22:35:27.946'),
('79','{"type":"WL","typeId":16,"uuid":"B16_5"}','发货','16','2','59','32','B16_5', '2018-06-05 22:35:27.946', '2018-06-05 22:35:27.946'),
('80','{"type":"WL","typeId":16,"uuid":"B16_6"}','发货','16','2','60','32','B16_6', '2018-06-05 22:35:27.946', '2018-06-05 22:35:27.946'),
('81','{"type":"WL","typeId":16,"uuid":"B16_7"}','发货','16','3','61','35','B16_7', '2018-06-05 22:35:27.946', '2018-06-05 22:35:27.946'),
('82','{"type":"WL","typeId":16,"uuid":"B16_8"}','收箱','16','2','62','33','B16_8', '2018-06-05 22:35:27.946', '2018-06-05 22:35:27.946'),
('83','{"type":"WL","typeId":16,"uuid":"B16_9"}','收箱','16','2','63','33','B16_9', '2018-06-05 22:35:27.946', '2018-06-05 22:35:27.946'),
('84','{"type":"WL","typeId":16,"uuid":"B16_10"}','收箱','16','3','64','33','B16_10', '2018-06-05 22:35:27.946', '2018-06-05 22:35:27.946'),
('85','{"type":"WL","typeId":16,"uuid":"B16_11"}','收货','16','2','65','33','B16_11', '2018-06-05 22:35:27.946', '2018-06-05 22:35:27.946'),
('86','{"type":"WL","typeId":16,"uuid":"B16_12"}','收货','16','2','66','33','B16_12', '2018-06-05 22:35:27.946', '2018-06-05 22:35:27.946'),
('87','{"type":"WL","typeId":16,"uuid":"B16_13"}','收货','16','3','67','36','B16_13', '2018-06-05 22:35:27.946', '2018-06-05 22:35:27.946');

INSERT INTO WYWL
(id,EWM,status,WLId,GYSId,WLBHId,KDXId,AZFKType,imageUrl,uuid, createdAt, updatedAt)
VALUES
('88','{"type":"WL","typeId":14,"uuid":"B14_6"}','反馈','14','1','14','24','安装成功','imageUrl','B14_6', '2018-06-05 22:35:27.946', '2018-06-05 22:35:27.946'),
('89','{"type":"WL","typeId":14,"uuid":"B14_7"}','反馈','14','1','15','24','丢失','imageUrl','B14_7', '2018-06-05 22:35:27.946', '2018-06-05 22:35:27.946'),
('90','{"type":"WL","typeId":14,"uuid":"B14_8"}','反馈','14','1','16','24','安装成功','imageUrl','B14_8', '2018-06-05 22:35:27.946', '2018-06-05 22:35:27.946'),
('91','{"type":"WL","typeId":10,"uuid":"B10_6"}','反馈','10','1','22','27','安装成功','imageUrl','B10_6', '2018-06-05 22:35:27.946', '2018-06-05 22:35:27.946'),
('92','{"type":"WL","typeId":10,"uuid":"B10_7"}','反馈','10','1','23','27','丢失','imageUrl','B10_7', '2018-06-05 22:35:27.946', '2018-06-05 22:35:27.946'),
('93','{"type":"WL","typeId":10,"uuid":"B10_8"}','反馈','10','1','24','27','安装成功','imageUrl','B10_8', '2018-06-05 22:35:27.946', '2018-06-05 22:35:27.946'),
('94','{"type":"WL","typeId":10,"uuid":"B10_21"}','反馈','10','1','49','27','安装成功','imageUrl','B10_21', '2018-06-05 22:35:27.946', '2018-06-05 22:35:27.946'),
('95','{"type":"WL","typeId":10,"uuid":"B10_22"}','反馈','10','1','50','27','安装成功','imageUrl','B10_22', '2018-06-05 22:35:27.946', '2018-06-05 22:35:27.946'),
('96','{"type":"WL","typeId":10,"uuid":"B10_23"}','反馈','10','3','51','30','安装成功','imageUrl','B10_23', '2018-06-05 22:35:27.946', '2018-06-05 22:35:27.946'),
('97','{"type":"WL","typeId":10,"uuid":"B10_24"}','反馈','10','1','52','27','安装成功','imageUrl','B10_24', '2018-06-05 22:35:27.946', '2018-06-05 22:35:27.946'),
('98','{"type":"WL","typeId":16,"uuid":"B16_14"}','反馈','16','2','68','33','安装成功','imageUrl','B16_14', '2018-06-05 22:35:27.946', '2018-06-05 22:35:27.946'),
('99','{"type":"WL","typeId":16,"uuid":"B16_15"}','反馈','16','2','69','33','安装成功','imageUrl','B16_15', '2018-06-05 22:35:27.946', '2018-06-05 22:35:27.946'),
('100','{"type":"WL","typeId":16,"uuid":"B16_16"}','反馈','16','3','70','36','安装成功','imageUrl','B16_16', '2018-06-05 22:35:27.946', '2018-06-05 22:35:27.946'),
('101','{"type":"WL","typeId":16,"uuid":"B16_17"}','反馈','16','2','71','33','安装成功','imageUrl','B16_17', '2018-06-05 22:35:27.946', '2018-06-05 22:35:27.946');

INSERT INTO DPBH
(id,DWId,DPId,status,GYSId,ZXNumber,imageUrl,CC,CZ, createdAt, updatedAt)
VALUES
('1','15','12','初始','1','0','imageUrl','100*100','铜板', '2018-06-05 22:35:27.946', '2018-06-05 22:35:27.946'),
('2','15','12','客服经理审批通过','1','0','imageUrl','100*100','铜板', '2018-06-05 22:35:27.946', '2018-06-05 22:35:27.946'),
('3','15','12','驳回','1','0','imageUrl','100*100','铜板', '2018-06-05 22:35:27.946', '2018-06-05 22:35:27.946'),
('4','11','8','初始','1','0','imageUrl','100*100','铜板', '2018-06-05 22:35:27.946', '2018-06-05 22:35:27.946'),
('5','11','8','客服经理审批通过','1','0','imageUrl','100*100','铜板', '2018-06-05 22:35:27.946', '2018-06-05 22:35:27.946'),
('6','11','8','驳回','1','0','imageUrl','100*100','铜板', '2018-06-05 22:35:27.946', '2018-06-05 22:35:27.946');

INSERT INTO DPBH
(id,DWId,DPId,status,GYSId,ZXNumber,imageUrl,AZGSId,CC,CZ, createdAt, updatedAt)
VALUES
('7','15','12','客服经理审批通过','1','0','imageUrl','1','100*100','铜板', '2018-06-05 22:35:27.946', '2018-06-05 22:35:27.946'),
('8','11','8','通过','1','0','imageUrl','1','100*100','铜板', '2018-06-05 22:35:27.946', '2018-06-05 22:35:27.946'),
('72','11','8','通过','1','0','imageUrl','1','100*100','铜板', '2018-06-05 22:35:27.946', '2018-06-05 22:35:27.946');

INSERT INTO DPBH
(id,DWId,DPId,status,GYSId,ZXNumber,imageUrl,YJZXTime,CC,CZ, createdAt, updatedAt)
VALUES
('21','11','8','收货','1','1','imagUrl','2018-01-06','100*100','铜板', '2018-06-05 22:35:27.946', '2018-06-05 22:35:27.946');

INSERT INTO DPBH
(id,DWId,DPId,status,GYSId,ZXNumber,imageUrl,AZGSId,AZGUserId,YJZXTime,CC,CZ, createdAt, updatedAt)
VALUES
('9','15','12','已分配发货供应商','1','0','imagUrl','1','36','2018-10-10','100*100','铜板', '2018-06-05 22:35:27.946', '2018-06-05 22:35:27.946'),
('10','15','12','装箱完成','1','1','imagUrl','2','38','2018-01-01','100*100','铜板', '2018-06-05 22:35:27.946', '2018-06-05 22:35:27.946'),
('11','15','12','装箱完成','1','1','imagUrl','2','38','2018-01-03','100*100','铜板', '2018-06-05 22:35:27.946', '2018-06-05 22:35:27.946'),
('12','15','12','装箱完成','1','1','imagUrl','2','38','2018-01-02','100*100','铜板', '2018-06-05 22:35:27.946', '2018-06-05 22:35:27.946'),
('13','15','12','收货','1','1','imagUrl','2','38','2018-01-02','100*100','铜板', '2018-06-05 22:35:27.946', '2018-06-05 22:35:27.946'),
('14','15','12','可拍全景图','1','1','imagUrl','2','38','2018-01-02','100*100','铜板', '2018-06-05 22:35:27.946', '2018-06-05 22:35:27.946'),
('15','15','12','可拍全景图','1','1','imagUrl','2','38','2018-01-02','100*100','铜板', '2018-06-05 22:35:27.946', '2018-06-05 22:35:27.946'),
('16','15','12','完成','1','1','imagUrl','2','38','2018-01-02','100*100','铜板', '2018-06-05 22:35:27.946', '2018-06-05 22:35:27.946'),
('17','11','8','已分配发货供应商','1','0','imagUrl','2','38','2018-10-10','100*100','铜板', '2018-06-05 22:35:27.946', '2018-06-05 22:35:27.946'),
('18','11','8','装箱完成','1','1','imagUrl','2','38','2018-01-04','100*100','铜板', '2018-06-05 22:35:27.946', '2018-06-05 22:35:27.946'),
('19','11','8','装箱完成','1','1','imagUrl','2','38','2018-01-05','100*100','铜板', '2018-06-05 22:35:27.946', '2018-06-05 22:35:27.946'),
('20','11','8','装箱完成','1','1','imagUrl','2','38','2018-01-06','100*100','铜板', '2018-06-05 22:35:27.946', '2018-06-05 22:35:27.946'),
('22','11','8','收货','1','1','imagUrl','2','38','2018-01-06','100*100','铜板', '2018-06-05 22:35:27.946', '2018-06-05 22:35:27.946'),
('23','11','8','收货','1','1','imagUrl','2','38','2018-01-06','100*100','铜板', '2018-06-05 22:35:27.946', '2018-06-05 22:35:27.946'),
('24','11','8','收货','1','1','imagUrl','2','38','2018-01-06','100*100','铜板', '2018-06-05 22:35:27.946', '2018-06-05 22:35:27.946');

INSERT INTO DPBH
(id,DWId,DPId,DDId,status,GYSId,ZXNumber,imageUrl,CC,CZ, createdAt, updatedAt)
VALUES
('25','11','8','2','初始','1','0','imagUrl','100*100','铜板', '2018-06-05 22:35:27.946', '2018-06-05 22:35:27.946'),
('26','11','8','2','客服经理审批通过','1','0','imagUrl','100*100','铜板', '2018-06-05 22:35:27.946', '2018-06-05 22:35:27.946'),
('27','11','8','2','驳回','1','0','imagUrl','100*100','铜板', '2018-06-05 22:35:27.946', '2018-06-05 22:35:27.946'),
('28','17','14','3','初始','2','0','imagUrl','100*100','铜板', '2018-06-05 22:35:27.946', '2018-06-05 22:35:27.946'),
('29','17','14','3','客服经理审批通过','2','0','imagUrl','100*100','铜板', '2018-06-05 22:35:27.946', '2018-06-05 22:35:27.946'),
('30','17','14','3','驳回','2','0','imagUrl','100*100','铜板', '2018-06-05 22:35:27.946', '2018-06-05 22:35:27.946');

INSERT INTO DPBH
(id,DWId,DPId,DDId,status,GYSId,ZXNumber,imageUrl,AZGSId,CC,CZ, createdAt, updatedAt)
VALUES
('31','11','8','2','客服经理审批通过','1','0','imagUrl','1','100*100','铜板', '2018-06-05 22:35:27.946', '2018-06-05 22:35:27.946'),
('32','17','14','3','通过','2','0','imagUrl','1','100*100','铜板', '2018-06-05 22:35:27.946', '2018-06-05 22:35:27.946');

INSERT INTO DPBH
(id,DWId,DPId,DDId,status,GYSId,ZXNumber,imageUrl,AZGSId,AZGUserId,note,KFJLNote,PPJLNote,YJZXTime,CC,CZ, createdAt, updatedAt)
VALUES
('33','11','8','2','已分配发货供应商','1','0','imagUrl','1','36','货物损坏','同意','同意','2018-10-10','100*100','铜板', '2018-06-05 22:35:27.946', '2018-06-05 22:35:27.946'),
('34','11','8','2','已分配发货供应商','1','0','imagUrl','1','37','货物损坏','同意','同意','2018-10-10','100*100','铜板', '2018-06-05 22:35:27.946', '2018-06-05 22:35:27.946'),
('35','11','8','2','已分配发货供应商','3','0','imagUrl','2','38','货物损坏','同意','同意','2018-10-10','100*100','铜板', '2018-06-05 22:35:27.946', '2018-06-05 22:35:27.946'),
('36','11','8','2','已分配发货供应商','3','0','imagUrl','2','38','货物损坏','同意','同意','2018-10-10','100*100','铜板', '2018-06-05 22:35:27.946', '2018-06-05 22:35:27.946'),
('37','11','8','2','装箱完成','1','1','imagUrl','1','36','货物损坏','同意','同意','2018-01-04','100*100','铜板', '2018-06-05 22:35:27.946', '2018-06-05 22:35:27.946'),
('38','11','8','2','装箱完成','1','1','imagUrl','1','37','货物损坏','同意','同意','2018-01-04','100*100','铜板', '2018-06-05 22:35:27.946', '2018-06-05 22:35:27.946'),
('39','11','8','2','装箱完成','3','1','imagUrl','1','38','货物损坏','同意','同意','2018-01-07','100*100','铜板', '2018-06-05 22:35:27.946', '2018-06-05 22:35:27.946'),
('40','11','8','2','装箱完成','1','1','imagUrl','1','36','货物损坏','同意','同意','2018-01-05','100*100','铜板', '2018-06-05 22:35:27.946', '2018-06-05 22:35:27.946'),
('41','11','8','2','装箱完成','1','1','imagUrl','1','37','货物损坏','同意','同意','2018-01-05','100*100','铜板', '2018-06-05 22:35:27.946', '2018-06-05 22:35:27.946'),
('42','11','8','2','装箱完成','3','1','imagUrl','1','38','货物损坏','同意','同意','2018-01-08','100*100','铜板', '2018-06-05 22:35:27.946', '2018-06-05 22:35:27.946'),
('43','11','8','2','装箱完成','1','1','imagUrl','2','36','货物损坏','同意','同意','2018-01-06','100*100','铜板', '2018-06-05 22:35:27.946', '2018-06-05 22:35:27.946'),
('44','11','8','2','装箱完成','1','1','imagUrl','2','37','货物损坏','同意','同意','2018-01-06','100*100','铜板', '2018-06-05 22:35:27.946', '2018-06-05 22:35:27.946'),
('45','11','8','2','装箱完成','3','1','imagUrl','2','38','货物损坏','同意','同意','2018-01-10','100*100','铜板', '2018-06-05 22:35:27.946', '2018-06-05 22:35:27.946'),
('46','11','8','2','收货','1','1','imagUrl','1','36','货物损坏','同意','同意','2018-01-06','100*100','铜板', '2018-06-05 22:35:27.946', '2018-06-05 22:35:27.946'),
('47','11','8','2','收货','1','1','imagUrl','1','37','货物损坏','同意','同意','2018-01-06','100*100','铜板', '2018-06-05 22:35:27.946', '2018-06-05 22:35:27.946'),
('48','11','8','2','收货','3','1','imagUrl','2','38','货物损坏','同意','同意','2018-01-17','100*100','铜板', '2018-06-05 22:35:27.946', '2018-06-05 22:35:27.946'),
('49','11','8','2','可拍全景图','1','1','imagUrl','1','36','货物损坏','同意','同意','2018-01-06','100*100','铜板', '2018-06-05 22:35:27.946', '2018-06-05 22:35:27.946'),
('50','11','8','2','可拍全景图','1','1','imagUrl','1','37','货物损坏','同意','同意','2018-01-06','100*100','铜板', '2018-06-05 22:35:27.946', '2018-06-05 22:35:27.946'),
('51','11','8','2','可拍全景图','3','1','imagUrl','2','38','货物损坏','同意','同意','2018-01-17','100*100','铜板', '2018-06-05 22:35:27.946', '2018-06-05 22:35:27.946'),
('52','11','8','2','完成','1','1','imagUrl','2','38','货物损坏','同意','同意','2018-01-06','100*100','铜板', '2018-06-05 22:35:27.946', '2018-06-05 22:35:27.946'),
('53','17','14','3','已分配发货供应商','2','0','imagUrl','1','36','货物损坏','同意','同意','2018-01-04','100*100','铜板', '2018-06-05 22:35:27.946', '2018-06-05 22:35:27.946'),
('54','17','14','3','已分配发货供应商','2','0','imagUrl','1','37','货物损坏','同意','同意','2018-10-10','100*100','铜板', '2018-06-05 22:35:27.946', '2018-06-05 22:35:27.946'),
('55','17','14','3','已分配发货供应商','3','0','imagUrl','2','38','货物损坏','同意','同意','2018-10-10','100*100','铜板', '2018-06-05 22:35:27.946', '2018-06-05 22:35:27.946'),
('56','17','14','3','装箱完成','2','1','imagUrl','1','36','货物损坏','同意','同意','2018-01-11','100*100','铜板', '2018-06-05 22:35:27.946', '2018-06-05 22:35:27.946'),
('57','17','14','3','装箱完成','2','1','imagUrl','1','37','货物损坏','同意','同意','2018-01-11','100*100','铜板', '2018-06-05 22:35:27.946', '2018-06-05 22:35:27.946'),
('58','17','14','3','装箱完成','3','1','imagUrl','2','38','货物损坏','同意','同意','2018-01-14','100*100','铜板', '2018-06-05 22:35:27.946', '2018-06-05 22:35:27.946'),
('59','17','14','3','装箱完成','2','1','imagUrl','1','36','货物损坏','同意','同意','2018-01-12','100*100','铜板', '2018-06-05 22:35:27.946', '2018-06-05 22:35:27.946'),
('60','17','14','3','装箱完成','2','1','imagUrl','1','37','货物损坏','同意','同意','2018-01-12','100*100','铜板', '2018-06-05 22:35:27.946', '2018-06-05 22:35:27.946'),
('61','17','14','3','装箱完成','3','1','imagUrl','2','38','货物损坏','同意','同意','2018-01-15','100*100','铜板', '2018-06-05 22:35:27.946', '2018-06-05 22:35:27.946'),
('62','17','14','3','装箱完成','2','1','imagUrl','1','36','货物损坏','同意','同意','2018-01-13','100*100','铜板', '2018-06-05 22:35:27.946', '2018-06-05 22:35:27.946'),
('63','17','14','3','装箱完成','2','1','imagUrl','1','37','货物损坏','同意','同意','2018-01-13','100*100','铜板', '2018-06-05 22:35:27.946', '2018-06-05 22:35:27.946'),
('64','17','14','3','装箱完成','3','1','imagUrl','2','38','货物损坏','同意','同意','2018-01-13','100*100','铜板', '2018-06-05 22:35:27.946', '2018-06-05 22:35:27.946'),
('65','17','14','3','收货','2','1','imagUrl','1','36','货物损坏','同意','同意','2018-01-13','100*100','铜板', '2018-06-05 22:35:27.946', '2018-06-05 22:35:27.946'),
('66','17','14','3','收货','2','1','imagUrl','1','37','货物损坏','同意','同意','2018-01-13','100*100','铜板', '2018-06-05 22:35:27.946', '2018-06-05 22:35:27.946'),
('67','17','14','3','收货','3','1','imagUrl','2','38','货物损坏','同意','同意','2018-01-16','100*100','铜板', '2018-06-05 22:35:27.946', '2018-06-05 22:35:27.946'),
('68','17','14','3','收货','2','1','imagUrl','1','36','货物损坏','同意','同意','2018-01-13','100*100','铜板', '2018-06-05 22:35:27.946', '2018-06-05 22:35:27.946'),
('69','17','14','3','收货','2','1','imagUrl','1','37','货物损坏','同意','同意','2018-01-13','100*100','铜板', '2018-06-05 22:35:27.946', '2018-06-05 22:35:27.946'),
('70','17','14','3','收货','3','1','imagUrl','2','38','货物损坏','同意','同意','2018-01-16','100*100','铜板', '2018-06-05 22:35:27.946', '2018-06-05 22:35:27.946'),
('71','17','14','3','收货','2','1','imagUrl','2','38','货物损坏','同意','同意','2018-01-13','100*100','铜板', '2018-06-05 22:35:27.946', '2018-06-05 22:35:27.946');

INSERT INTO WYDP
(id,EWM,status,DPId,GYSId,DPBHId,KDXId,uuid,GTId,DWId,PPId, createdAt, updatedAt)
VALUES
('35','{"type":"DP","typeId":12,"uuid":"B12_2","DWId":15,"name":"DW1","CZ":"100*100","CC":"铜板","GTId":8,"PPId":4,"DPName":"DP12","DPImageUrl":""}','装箱','12','1','10','37','B12_2','8','15','4', '2018-06-05 22:35:27.946', '2018-06-05 22:35:27.946'),
('36','{"type":"DP","typeId":12,"uuid":"B12_3","DWId":15,"name":"DW1","CZ":"100*100","CC":"铜板","GTId":8,"PPId":4,"DPName":"DP12","DPImageUrl":""}','发货','12','1','11','38','B12_3','8','15','4', '2018-06-05 22:35:27.946', '2018-06-05 22:35:27.946'),
('37','{"type":"DP","typeId":12,"uuid":"B12_4","DWId":15,"name":"DW1","CZ":"100*100","CC":"铜板","GTId":8,"PPId":4,"DPName":"DP12","DPImageUrl":""}','收箱','12','1','12','39','B12_4','8','15','4', '2018-06-05 22:35:27.946', '2018-06-05 22:35:27.946'),
('38','{"type":"DP","typeId":12,"uuid":"B12_5","DWId":15,"name":"DW1","CZ":"100*100","CC":"铜板","GTId":8,"PPId":4,"DPName":"DP12","DPImageUrl":""}','收货','12','1','13','39','B12_5','8','15','4', '2018-06-05 22:35:27.946', '2018-06-05 22:35:27.946'),
('39','{"type":"DP","typeId":8,"uuid":"B8_2","DWId":11,"name":"DW1","CZ":"100*100","CC":"铜板","GTId":7,"PPId":3,"DPName":"DP8","DPImageUrl":""}','装箱','8','1','18','40','B8_2','7','11','3', '2018-06-05 22:35:27.946', '2018-06-05 22:35:27.946'),
('40','{"type":"DP","typeId":8,"uuid":"B8_3","DWId":11,"name":"DW1","CZ":"100*100","CC":"铜板","GTId":7,"PPId":3,"DPName":"DP8","DPImageUrl":""}','发货','8','1','19','41','B8_3','7','11','3', '2018-06-05 22:35:27.946', '2018-06-05 22:35:27.946'),
('41','{"type":"DP","typeId":8,"uuid":"B8_4","DWId":11,"name":"DW1","CZ":"100*100","CC":"铜板","GTId":7,"PPId":3,"DPName":"DP8","DPImageUrl":""}','收箱','8','1','20','42','B8_4','7','11','3', '2018-06-05 22:35:27.946', '2018-06-05 22:35:27.946'),
('42','{"type":"DP","typeId":8,"uuid":"B8_5","DWId":11,"name":"DW1","CZ":"100*100","CC":"铜板","GTId":7,"PPId":3,"DPName":"DP8","DPImageUrl":""}','收货','8','1','21','42','B8_5','7','11','3', '2018-06-05 22:35:27.946', '2018-06-05 22:35:27.946'),
('43','{"type":"DP","typeId":8,"uuid":"B8_6","DWId":11,"name":"DW1","CZ":"100*100","CC":"铜板","GTId":7,"PPId":3,"DPName":"DP8","DPImageUrl":""}','装箱','8','1','37','40','B8_6','7','11','3', '2018-06-05 22:35:27.946', '2018-06-05 22:35:27.946'),
('44','{"type":"DP","typeId":8,"uuid":"B8_7","DWId":11,"name":"DW1","CZ":"100*100","CC":"铜板","GTId":7,"PPId":3,"DPName":"DP8","DPImageUrl":""}','装箱','8','1','38','40','B8_7','7','11','3', '2018-06-05 22:35:27.946', '2018-06-05 22:35:27.946'),
('45','{"type":"DP","typeId":8,"uuid":"B8_8","DWId":11,"name":"DW1","CZ":"100*100","CC":"铜板","GTId":7,"PPId":3,"DPName":"DP8","DPImageUrl":""}','装箱','8','3','39','43','B8_8','7','11','3', '2018-06-05 22:35:27.946', '2018-06-05 22:35:27.946'),
('46','{"type":"DP","typeId":8,"uuid":"B8_9","DWId":11,"name":"DW1","CZ":"100*100","CC":"铜板","GTId":7,"PPId":3,"DPName":"DP8","DPImageUrl":""}','发货','8','1','40','41','B8_9','7','11','3', '2018-06-05 22:35:27.946', '2018-06-05 22:35:27.946'),
('47','{"type":"DP","typeId":8,"uuid":"B8_10","DWId":11,"name":"DW1","CZ":"100*100","CC":"铜板","GTId":7,"PPId":3,"DPName":"DP8","DPImageUrl":""}','发货','8','1','41','41','B8_10','7','11','3', '2018-06-05 22:35:27.946', '2018-06-05 22:35:27.946'),
('48','{"type":"DP","typeId":8,"uuid":"B8_11","DWId":11,"name":"DW1","CZ":"100*100","CC":"铜板","GTId":7,"PPId":3,"DPName":"DP8","DPImageUrl":""}','发货','8','3','42','44','B8_11','7','11','3', '2018-06-05 22:35:27.946', '2018-06-05 22:35:27.946'),
('49','{"type":"DP","typeId":8,"uuid":"B8_12","DWId":11,"name":"DW1","CZ":"100*100","CC":"铜板","GTId":7,"PPId":3,"DPName":"DP8","DPImageUrl":""}','收箱','8','1','43','42','B8_12','7','11','3', '2018-06-05 22:35:27.946', '2018-06-05 22:35:27.946'),
('50','{"type":"DP","typeId":8,"uuid":"B8_13","DWId":11,"name":"DW1","CZ":"100*100","CC":"铜板","GTId":7,"PPId":3,"DPName":"DP8","DPImageUrl":""}','收箱','8','1','44','42','B8_13','7','11','3', '2018-06-05 22:35:27.946', '2018-06-05 22:35:27.946'),
('51','{"type":"DP","typeId":8,"uuid":"B8_14","DWId":11,"name":"DW1","CZ":"100*100","CC":"铜板","GTId":7,"PPId":3,"DPName":"DP8","DPImageUrl":""}','收箱','8','3','45','45','B8_14','7','11','3', '2018-06-05 22:35:27.946', '2018-06-05 22:35:27.946'),
('52','{"type":"DP","typeId":8,"uuid":"B8_15","DWId":11,"name":"DW1","CZ":"100*100","CC":"铜板","GTId":7,"PPId":3,"DPName":"DP8","DPImageUrl":""}','收货','8','1','46','42','B8_15','7','11','3', '2018-06-05 22:35:27.946', '2018-06-05 22:35:27.946'),
('53','{"type":"DP","typeId":8,"uuid":"B8_16","DWId":11,"name":"DW1","CZ":"100*100","CC":"铜板","GTId":7,"PPId":3,"DPName":"DP8","DPImageUrl":""}','收货','8','1','47','42','B8_16','7','11','3', '2018-06-05 22:35:27.946', '2018-06-05 22:35:27.946'),
('54','{"type":"DP","typeId":8,"uuid":"B8_17","DWId":11,"name":"DW1","CZ":"100*100","CC":"铜板","GTId":7,"PPId":3,"DPName":"DP8","DPImageUrl":""}','收货','8','3','48','45','B8_17','7','11','3', '2018-06-05 22:35:27.946', '2018-06-05 22:35:27.946'),
('55','{"type":"DP","typeId":14,"uuid":"B14_2","DWId":17,"name":"DW3","CZ":"200*100","CC":"铜板","GTId":8,"PPId":4,"DPName":"DP14","DPImageUrl":""}','装箱','14','2','56','46','B14_2','8','17','4', '2018-06-05 22:35:27.946', '2018-06-05 22:35:27.946'),
('56','{"type":"DP","typeId":14,"uuid":"B14_3","DWId":17,"name":"DW3","CZ":"200*100","CC":"铜板","GTId":8,"PPId":4,"DPName":"DP14","DPImageUrl":""}','装箱','14','2','57','46','B14_3','8','17','4', '2018-06-05 22:35:27.946', '2018-06-05 22:35:27.946'),
('57','{"type":"DP","typeId":14,"uuid":"B14_4","DWId":17,"name":"DW3","CZ":"200*100","CC":"铜板","GTId":8,"PPId":4,"DPName":"DP14","DPImageUrl":""}','装箱','14','3','58','49','B14_4','8','17','4', '2018-06-05 22:35:27.946', '2018-06-05 22:35:27.946'),
('58','{"type":"DP","typeId":14,"uuid":"B14_5","DWId":17,"name":"DW3","CZ":"200*100","CC":"铜板","GTId":8,"PPId":4,"DPName":"DP14","DPImageUrl":""}','发货','14','2','59','47','B14_5','8','17','4', '2018-06-05 22:35:27.946', '2018-06-05 22:35:27.946'),
('59','{"type":"DP","typeId":14,"uuid":"B14_6","DWId":17,"name":"DW3","CZ":"200*100","CC":"铜板","GTId":8,"PPId":4,"DPName":"DP14","DPImageUrl":""}','发货','14','2','60','47','B14_6','8','17','4', '2018-06-05 22:35:27.946', '2018-06-05 22:35:27.946'),
('60','{"type":"DP","typeId":14,"uuid":"B14_7","DWId":17,"name":"DW3","CZ":"200*100","CC":"铜板","GTId":8,"PPId":4,"DPName":"DP14","DPImageUrl":""}','发货','14','3','61','50','B14_7','8','17','4', '2018-06-05 22:35:27.946', '2018-06-05 22:35:27.946'),
('61','{"type":"DP","typeId":14,"uuid":"B14_8","DWId":17,"name":"DW3","CZ":"200*100","CC":"铜板","GTId":8,"PPId":4,"DPName":"DP14","DPImageUrl":""}','收箱','14','2','62','48','B14_8','8','17','4', '2018-06-05 22:35:27.946', '2018-06-05 22:35:27.946'),
('62','{"type":"DP","typeId":14,"uuid":"B14_9","DWId":17,"name":"DW3","CZ":"200*100","CC":"铜板","GTId":8,"PPId":4,"DPName":"DP14","DPImageUrl":""}','收箱','14','2','63','48','B14_9','8','17','4', '2018-06-05 22:35:27.946', '2018-06-05 22:35:27.946'),
('63','{"type":"DP","typeId":14,"uuid":"B14_10","DWId":17,"name":"DW3","CZ":"200*100","CC":"铜板","GTId":8,"PPId":4,"DPName":"DP14","DPImageUrl":""}','收箱','14','3','64','48','B14_10','8','17','4', '2018-06-05 22:35:27.946', '2018-06-05 22:35:27.946'),
('64','{"type":"DP","typeId":14,"uuid":"B14_11","DWId":17,"name":"DW3","CZ":"200*100","CC":"铜板","GTId":8,"PPId":4,"DPName":"DP14","DPImageUrl":""}','收货','14','2','65','48','B14_11','8','17','4', '2018-06-05 22:35:27.946', '2018-06-05 22:35:27.946'),
('65','{"type":"DP","typeId":14,"uuid":"B14_12","DWId":17,"name":"DW3","CZ":"200*100","CC":"铜板","GTId":8,"PPId":4,"DPName":"DP14","DPImageUrl":""}','收货','14','2','66','48','B14_12','8','17','4', '2018-06-05 22:35:27.946', '2018-06-05 22:35:27.946'),
('66','{"type":"DP","typeId":14,"uuid":"B14_13","DWId":17,"name":"DW3","CZ":"200*100","CC":"铜板","GTId":8,"PPId":4,"DPName":"DP14","DPImageUrl":""}','收货','14','3','67','51','B14_13','8','17','4', '2018-06-05 22:35:27.946', '2018-06-05 22:35:27.946');

INSERT INTO WYDP
(id,EWM,status,DPId,GYSId,DPBHId,KDXId,AZFKType,imageUrl,uuid,GTId,DWId,PPId, createdAt, updatedAt)
VALUES
('67','{"type":"DP","typeId":12,"uuid":"B12_6","DWId":15,"name":"DW1","CZ":"100*100","CC":"铜板","GTId":8,"PPId":4,"DPName":"DP12","DPImageUrl":""}','反馈','12','1','14','39','安装成功','imageUrl','B12_6','8','15','4', '2018-06-05 22:35:27.946', '2018-06-05 22:35:27.946'),
('68','{"type":"DP","typeId":12,"uuid":"B12_7","DWId":15,"name":"DW1","CZ":"100*100","CC":"铜板","GTId":8,"PPId":4,"DPName":"DP12","DPImageUrl":""}','反馈','12','1','15','39','丢失','imageUrl','B12_7','8','15','4', '2018-06-05 22:35:27.946', '2018-06-05 22:35:27.946'),
('69','{"type":"DP","typeId":12,"uuid":"B12_8","DWId":15,"name":"DW1","CZ":"100*100","CC":"铜板","GTId":8,"PPId":4,"DPName":"DP12","DPImageUrl":""}','反馈','12','1','16','39','安装成功','imageUrl','B12_8','8','15','4', '2018-06-05 22:35:27.946', '2018-06-05 22:35:27.946'),
('70','{"type":"DP","typeId":8,"uuid":"B8_18","DWId":11,"name":"DW1","CZ":"100*100","CC":"铜板","GTId":7,"PPId":3,"DPName":"DP8","DPImageUrl":""}','反馈','8','1','22','42','安装成功','imageUrl','B8_18','7','11','3', '2018-06-05 22:35:27.946', '2018-06-05 22:35:27.946'),
('71','{"type":"DP","typeId":8,"uuid":"B8_19","DWId":11,"name":"DW1","CZ":"100*100","CC":"铜板","GTId":7,"PPId":3,"DPName":"DP8","DPImageUrl":""}','反馈','8','1','23','42','丢失','imageUrl','B8_19','7','11','3', '2018-06-05 22:35:27.946', '2018-06-05 22:35:27.946'),
('72','{"type":"DP","typeId":8,"uuid":"B8_20","DWId":11,"name":"DW1","CZ":"100*100","CC":"铜板","GTId":7,"PPId":3,"DPName":"DP8","DPImageUrl":""}','反馈','8','1','24','42','安装成功','imageUrl','B8_20','7','11','3', '2018-06-05 22:35:27.946', '2018-06-05 22:35:27.946'),
('73','{"type":"DP","typeId":8,"uuid":"B8_21","DWId":11,"name":"DW1","CZ":"100*100","CC":"铜板","GTId":7,"PPId":3,"DPName":"DP8","DPImageUrl":""}','反馈','8','1','49','42','安装成功','imageUrl','B8_21','7','11','3', '2018-06-05 22:35:27.946', '2018-06-05 22:35:27.946'),
('74','{"type":"DP","typeId":8,"uuid":"B8_22","DWId":11,"name":"DW1","CZ":"100*100","CC":"铜板","GTId":7,"PPId":3,"DPName":"DP8","DPImageUrl":""}','反馈','8','1','50','42','安装成功','imageUrl','B8_22','7','11','3', '2018-06-05 22:35:27.946', '2018-06-05 22:35:27.946'),
('75','{"type":"DP","typeId":8,"uuid":"B8_23","DWId":11,"name":"DW1","CZ":"100*100","CC":"铜板","GTId":7,"PPId":3,"DPName":"DP8","DPImageUrl":""}','反馈','8','3','51','45','安装成功','imageUrl','B8_23','7','11','3', '2018-06-05 22:35:27.946', '2018-06-05 22:35:27.946'),
('76','{"type":"DP","typeId":8,"uuid":"B8_24","DWId":11,"name":"DW1","CZ":"100*100","CC":"铜板","GTId":7,"PPId":3,"DPName":"DP8","DPImageUrl":""}','反馈','8','1','52','42','安装成功','imageUrl','B8_24','7','11','3', '2018-06-05 22:35:27.946', '2018-06-05 22:35:27.946'),
('77','{"type":"DP","typeId":14,"uuid":"B14_14","DWId":17,"name":"DW3","CZ":"200*100","CC":"铜板","GTId":8,"PPId":4,"DPName":"DP14","DPImageUrl":""}','反馈','14','2','68','48','安装成功','imageUrl','B14_14','8','17','4', '2018-06-05 22:35:27.946', '2018-06-05 22:35:27.946'),
('78','{"type":"DP","typeId":14,"uuid":"B14_15","DWId":17,"name":"DW3","CZ":"200*100","CC":"铜板","GTId":8,"PPId":4,"DPName":"DP14","DPImageUrl":""}','反馈','14','2','69','48','安装成功','imageUrl','B14_15','8','17','4', '2018-06-05 22:35:27.946', '2018-06-05 22:35:27.946'),
('79','{"type":"DP","typeId":14,"uuid":"B14_16","DWId":17,"name":"DW3","CZ":"200*100","CC":"铜板","GTId":8,"PPId":4,"DPName":"DP14","DPImageUrl":""}','反馈','14','3','70','51','安装成功','imageUrl','B14_16','8','17','4', '2018-06-05 22:35:27.946', '2018-06-05 22:35:27.946'),
('80','{"type":"DP","typeId":14,"uuid":"B14_17","DWId":17,"name":"DW3","CZ":"200*100","CC":"铜板","GTId":8,"PPId":4,"DPName":"DP14","DPImageUrl":""}','反馈','14','2','71','48','安装成功','imageUrl','B14_17','8','17','4', '2018-06-05 22:35:27.946', '2018-06-05 22:35:27.946');
