
INSERT INTO User
(Id,username,password,JS, createdAt, updatedAt)
VALUES
('1','admin','$2a$08$ZK0xvgDfLRKL9.jxM4J2de7GVosbbu6H0yEOwd0mcOO0ehgEGZYTy','系统管理员', '2018-04-19 19:13:04.449', '2018-04-19 19:13:04.449'),
('2','PPJL1','$2a$08$xwHT0glwAeN82CQ3VnFzge6eI4NYwFVGiVEAoXrYq2CQAaDpOzsVS','品牌经理', '2018-04-19 19:13:04.449', '2018-04-19 19:13:04.449'),
('3','PPJL2','$2a$08$1lu/yUbcL5sorRQxFcPSzeQvc7p9FTxchw3iu9J6iXdEx2wBKofNq','品牌经理', '2018-04-19 19:13:04.449', '2018-04-19 19:13:04.449'),
('4','PPJL3','$2a$08$jwOlg8oovQo/J7XokpR3Z.qvgNz7/vHJ/BzEkCy3Qf/LQfaHxst.O','品牌经理', '2018-04-19 19:13:04.449', '2018-04-19 19:13:04.449'),
('5','PPJL4','$2a$08$fRYwcNjSjoqTUahKCu2jFu4Cf2OG80UaTbvw7TTmToK3RZt938R2W','品牌经理', '2018-04-19 19:13:04.449', '2018-04-19 19:13:04.449'),
('6','PPJL5','$2a$08$nSaJs9Jou4tUL5xloW/sjeMnr/wZOI05JUw9jBPWrcrm1QsUKavPK','品牌经理', '2018-04-19 19:13:04.449', '2018-04-19 19:13:04.449'),
('7','PPJL6','$2a$08$4aYzGhn8Pe5cO0CTouEOYub.fzVki1AcGjdAnzFoaZFtEIKGGPFne','品牌经理', '2018-04-19 19:13:04.449', '2018-04-19 19:13:04.449'),
('8','KFJL1','$2a$08$9ef5gYUBCOpwLvjwBFuIyeJJaAdtvJEXcK1tSJuMNOfzB2CcOiltC','客服经理', '2018-04-19 19:13:04.449', '2018-04-19 19:13:04.449'),
('9','KFJL2','$2a$08$1wYFSEv3LMnTBwXmk142durX8hSwibszMuODsOR2RCar5qKPDlAnO','客服经理', '2018-04-19 19:13:04.449', '2018-04-19 19:13:04.449'),
('10','KFJL3','$2a$08$fFk7mSfn2zHImgAcsqiE7OhirJTNWnQWrttllVXvFPajmNv7CMg/q','客服经理', '2018-04-19 19:13:04.449', '2018-04-19 19:13:04.449'),
('11','KFJL4','$2a$08$6KSafV6qZmnkzTGf5Gdv.efyS.sE1voT7DqoNjnyoGJaRwa/uC0Sq','客服经理', '2018-04-19 19:13:04.449', '2018-04-19 19:13:04.449'),
('12','KFJL5','$2a$08$iJFbf95g8q6CPT/UmTfjjO5R8/K2vy43WrZbFR.PfiqV2hr03Hl86','客服经理', '2018-04-19 19:13:04.449', '2018-04-19 19:13:04.449'),
('13','KFJL6','$2a$08$jq3BMG.FRVKhqO6mNVJcl.I/bceCGZn4v74VUDArVJ54ivLP/mmwq','客服经理', '2018-04-19 19:13:04.449', '2018-04-19 19:13:04.449'),
('14','GZ1','$2a$08$9IOB4bhOvvgjan0JKgu9sedgvbDr3audwnspjjDptItTCWOpDMpXW','柜长', '2018-04-19 19:13:04.449', '2018-04-19 19:13:04.449'),
('15','GZ2','$2a$08$ry/U9dmpNQma5wYugWDaQ.9M2VbDdDKFrlDtEISLSnu30Q9bmkb96','柜长', '2018-04-19 19:13:04.449', '2018-04-19 19:13:04.449'),
('16','GZ3','$2a$08$w0vXYzau2HUNzt9aF8lxu.XZH0uP1QjecjA88QAlodj8E2zpcxJoO','柜长', '2018-04-19 19:13:04.449', '2018-04-19 19:13:04.449'),
('17','GTBA1','$2a$08$AyMWUtg3fqUUbZSty8ptw..AeESSEaOud3DBb1QaNBverYYf.Pwam','柜台BA', '2018-04-19 19:13:04.449', '2018-04-19 19:13:04.449'),
('18','GTBA2','$2a$08$uJh3zPDwMapUaHMozwE84OIHfoKti.2ba5dbsrNt2Wf7BWhJETKIG','柜台BA', '2018-04-19 19:13:04.449', '2018-04-19 19:13:04.449'),
('19','GTBA3','$2a$08$Y83nr8K9w4jv4O2PmReOjucFSmZuumNpJnhx.YQvFzrEXuJ7NI7HW','柜台BA', '2018-04-19 19:13:04.449', '2018-04-19 19:13:04.449'),
('20','GTBA4','$2a$08$cxucwdMG8pIH/T06F62hUO6hztGx.V7/auT3RLLX1dpuUBFsqjXa2','柜台BA', '2018-04-19 19:13:04.449', '2018-04-19 19:13:04.449'),
('21','GTBA5','$2a$08$gwUIqc1Kivv4y1FrJMgeUuEBTLnSsSr.JfStDdsGxKbfDz63pjI1G','柜台BA', '2018-04-19 19:13:04.449', '2018-04-19 19:13:04.449'),
('22','GTBA6','$2a$08$qNXvkfaFiR5jAPJaft3szu./immt6tSwC8k4XlCUtV3WntEtKPLbW','柜台BA', '2018-04-19 19:13:04.449', '2018-04-19 19:13:04.449'),
('23','GTBA7','$2a$08$pFUGT5jp.sY59x0PHtvkIusagKME6vzJKL0CquT9zQzIcTtL6A8Om','柜台BA', '2018-04-19 19:13:04.449', '2018-04-19 19:13:04.449'),
('24','GTBA8','$2a$08$v3Qp9mJNhNGMHr7Xfyd9guTKLz0eLY72ZSo4BEkHzJqXuLxNzSY7K','柜台BA', '2018-04-19 19:13:04.449', '2018-04-19 19:13:04.449'),
('25','GTBA9','$2a$08$KqYGmMjWm88dmzB86u..qeya9VW9MRDLPWVfqT.RSyGsWOU42et3W','柜台BA', '2018-04-19 19:13:04.449', '2018-04-19 19:13:04.449'),
('26','GYSGLY1','$2a$08$QZg/MaAGXfRJkJy3ff5wp.mRcXEk0z5n01Y4cEHV9PVPzbcdvArw2','供应商管理员', '2018-04-19 19:13:04.449', '2018-04-19 19:13:04.449'),
('27','GYSGLY2','$2a$08$mg4RvuZ2H9RvAz.ZogQEI.R5VsuWHVyinRCEklBK0TjmsmE3981zq','供应商管理员', '2018-04-19 19:13:04.449', '2018-04-19 19:13:04.449'),
('28','GYSGLY3','$2a$08$AxjEJTJ9Y2gAWjElHoLV4.M59nzc.3fGyftdCoiawl8FDbkrfV3NS','供应商管理员', '2018-04-19 19:13:04.449', '2018-04-19 19:13:04.449'),
('29','ZHY1','$2a$08$ITAsTuaZni60q7B3iRjgd.N0bmqT/mXkNONd0NETdsRk.SValzp0C','装货员', '2018-04-19 19:13:04.449', '2018-04-19 19:13:04.449'),
('30','ZHY2','$2a$08$sH246WzhVcn28v.u4Y4uYuWeefnBhW4/SmpR0vaRjUYEOFDKfkyHu','装货员', '2018-04-19 19:13:04.449', '2018-04-19 19:13:04.449'),
('31','ZHY3','$2a$08$rO1nwe.upmhN1LeeP9CBEOWBNShyi/QSLFbFCnNeqfgPGC6aW1YGW','装货员', '2018-04-19 19:13:04.449', '2018-04-19 19:13:04.449'),
('32','AZGSGLY1','$2a$08$y1uEfy1zUEOpbtvOS3whdOaKzsRiiOWkOtx3Ofo2yPIpoaasgd.wm','安装公司管理员', '2018-04-19 19:13:04.449', '2018-04-19 19:13:04.449'),
('33','AZGSGLY2','$2a$08$qrTmlrV4kG0cuJx5VMq48uj2K4w2SHSX4BcHlFF967YuQM3.9PRZ6','安装公司管理员', '2018-04-19 19:13:04.449', '2018-04-19 19:13:04.449'),
('34','AZG1','$2a$08$R6nqWQH/oiVVtPE7l6eDFuDMelHReDGjkoFZ2848N9VCktFFU7HA2','安装工', '2018-04-19 19:13:04.449', '2018-04-19 19:13:04.449'),
('35','AZG2','$2a$08$bR5K4Gz7uOjOJZj/dvBTCeA0K448vAaP7M79y1TqlbAUrcB9lk2Vm','安装工', '2018-04-19 19:13:04.449', '2018-04-19 19:13:04.449'),
('36','AZG3','$2a$08$cAQZBY9oycVh8wSWvfY1A.7dR4cRDAPhSFSN6a2OciByqia/Q6y62','安装工', '2018-04-19 19:13:04.449', '2018-04-19 19:13:04.449'),
('37','AZG4','$2a$08$Lgxq4GoU9GNmrq.rnDRjSen8Kq0zTnG8Vq7pbrJ/gYgFcgV/AwCA.','安装工', '2018-04-19 19:13:04.449', '2018-04-19 19:13:04.449'),
('38','AZG5','$2a$08$qwK/AOKY2sAqqs1ec0ON4uP2oxgVysIqcoicyunhSWJm1.TIlClhS','安装工', '2018-04-19 19:13:04.449', '2018-04-19 19:13:04.449'),
('39','AZG6','$2a$08$PPmLnBBlla3nWRT1IJ3WUOZxyz9F0onvfPTqfSa2N8ogHDAYYZQui','安装工', '2018-04-19 19:13:04.449', '2018-04-19 19:13:04.449'),
('40','ZHY4','$2a$08$hxWuxPhOUx/5bWsRJOMCDOoxqd9IrWAw5q1usSMPJGZKq/5a.y.Ai','装货员', '2018-04-19 19:13:04.449', '2018-04-19 19:13:04.449'),
('41','GTBA10','$2a$08$rl/XX5qFf0ZUl8lbLz.00uleXFip1Rxvj0zMswbDjHJa34kN/Uj0m','柜台BA', '2018-04-19 19:13:04.449', '2018-04-19 19:13:04.449'),
('42','GZ4','$2a$08$LmD1deHWiSJC0x3Yeibx7.H6ZV6U.F7JpS2WTHOzxRLAkFtEC5jBu','柜长', '2018-04-19 19:13:04.449', '2018-04-19 19:13:04.449'),
('43','GTBA11','$2a$08$qVm5pIpcQ3vAxkWQQE8yv..LVOI3QUvEDEttUd4DlVh/4DkaULvkW','柜台BA', '2018-04-19 19:13:04.449', '2018-04-19 19:13:04.449'),
('44','GYSGLY6','$2a$08$nSftNEJs3w1S3uhAbPiC6O/nqNezXTW8unEgKfr2j5bnWvt53jlhS','供应商管理员', '2018-04-19 19:13:04.449', '2018-04-19 19:13:04.449'),
('45','AZGSGLY5','$2a$08$p9AZqqJt0uaAj0FSJP8Efei3778YXx4KZOsM8L56GM551uRmlw3KK','安装公司管理员', '2018-04-19 19:13:04.449', '2018-04-19 19:13:04.449');

INSERT INTO PP
(id,name, createdAt, updatedAt)
VALUES
('1','PP1', '2018-04-19 19:13:04.449', '2018-04-19 19:13:04.449'),
('2','PP2', '2018-04-19 19:13:04.449', '2018-04-19 19:13:04.449'),
('3','PP3', '2018-04-19 19:13:04.449', '2018-04-19 19:13:04.449'),
('4','PP4', '2018-04-19 19:13:04.449', '2018-04-19 19:13:04.449'),
('5','PP5', '2018-04-19 19:13:04.449', '2018-04-19 19:13:04.449'),
('6','PP6', '2018-04-19 19:13:04.449', '2018-04-19 19:13:04.449'),
('7','PP7', '2018-04-19 19:13:04.449', '2018-04-19 19:13:04.449');

INSERT INTO PPJL_PP
(UserId,PPId, createdAt, updatedAt)
VALUES
('2','1', '2018-04-19 19:13:04.449', '2018-04-19 19:13:04.449'),
('3','2', '2018-04-19 19:13:04.449', '2018-04-19 19:13:04.449'),
('5','4', '2018-04-19 19:13:04.449', '2018-04-19 19:13:04.449'),
('6','5', '2018-04-19 19:13:04.449', '2018-04-19 19:13:04.449'),
('7','6', '2018-04-19 19:13:04.449', '2018-04-19 19:13:04.449');

INSERT INTO KFJL_PP
(UserId,PPId, createdAt, updatedAt)
VALUES
('8','1', '2018-04-19 19:13:04.449', '2018-04-19 19:13:04.449'),
('9','2', '2018-04-19 19:13:04.449', '2018-04-19 19:13:04.449'),
('11','4', '2018-04-19 19:13:04.449', '2018-04-19 19:13:04.449'),
('12','5', '2018-04-19 19:13:04.449', '2018-04-19 19:13:04.449'),
('13','6', '2018-04-19 19:13:04.449', '2018-04-19 19:13:04.449');

INSERT INTO GZ_PP
(UserId,PPId, createdAt, updatedAt)
VALUES
('14','1', '2018-04-19 19:13:04.449', '2018-04-19 19:13:04.449'),
('15','1', '2018-04-19 19:13:04.449', '2018-04-19 19:13:04.449'),
('16','2', '2018-04-19 19:13:04.449', '2018-04-19 19:13:04.449'),
('42','7', '2018-04-19 19:13:04.449', '2018-04-19 19:13:04.449');

INSERT INTO GT
(id,name,code,PPId,QY,GTBAUserId,GZUserId,CS, createdAt, updatedAt)
VALUES
('1','GT1','1','1','东区','17','14','上海', '2018-04-19 19:13:04.449', '2018-04-19 19:13:04.449'),
('2','GT2','2','1','东区','18','14','上海', '2018-04-19 19:13:04.449', '2018-04-19 19:13:04.449'),
('3','GT3','3','1','北区','19','15','北京', '2018-04-19 19:13:04.449', '2018-04-19 19:13:04.449'),
('4','GT4','4','1','北区','20','15','北京', '2018-04-19 19:13:04.449', '2018-04-19 19:13:04.449'),
('5','GT5','5','2','东区','21','16','广州', '2018-04-19 19:13:04.449', '2018-04-19 19:13:04.449');

INSERT INTO GT
(id,name,code,PPId,QY,GTBAUserId,CS, createdAt, updatedAt)
VALUES
('6','GT6','6','3','东区','22','上海', '2018-04-19 19:13:04.449', '2018-04-19 19:13:04.449'),
('7','GT7','7','4','东区','23','上海', '2018-04-19 19:13:04.449', '2018-04-19 19:13:04.449'),
('8','GT8','8','5','东区','24','上海', '2018-04-19 19:13:04.449', '2018-04-19 19:13:04.449'),
('9','GT9','9','6','东区','25','上海', '2018-04-19 19:13:04.449', '2018-04-19 19:13:04.449'),
('10','GT10','10','7','东区','41','上海', '2018-04-19 19:13:04.449', '2018-04-19 19:13:04.449'),
('11','GT11','11','7','东区','43','上海', '2018-04-19 19:13:04.449', '2018-04-19 19:13:04.449');

INSERT INTO GYS
(id,Name,type, createdAt, updatedAt)
VALUES
('1','GYS1','生产', '2018-04-19 19:13:04.449', '2018-04-19 19:13:04.449'),
('2','GYS2','生产', '2018-04-19 19:13:04.449', '2018-04-19 19:13:04.449'),
('3','GYS3','生产', '2018-04-19 19:13:04.449', '2018-04-19 19:13:04.449'),
('4','GYS4','生产', '2018-04-19 19:13:04.449', '2018-04-19 19:13:04.449'),
('5','GYS5','中转', '2018-04-19 19:13:04.449', '2018-04-19 19:13:04.449'),
('6','GYS6','生产', '2018-04-19 19:13:04.449', '2018-04-19 19:13:04.449');

INSERT INTO GLY_GYS
(UserId,GYSId, createdAt, updatedAt)
VALUES
('26','1', '2018-04-19 19:13:04.449', '2018-04-19 19:13:04.449'),
('27','1', '2018-04-19 19:13:04.449', '2018-04-19 19:13:04.449'),
('28','2', '2018-04-19 19:13:04.449', '2018-04-19 19:13:04.449'),
('44','6', '2018-04-19 19:13:04.449', '2018-04-19 19:13:04.449');

INSERT INTO ZHY_GYS
(UserId,GYSId, createdAt, updatedAt)
VALUES
('29','1', '2018-04-19 19:13:04.449', '2018-04-19 19:13:04.449'),
('30','2', '2018-04-19 19:13:04.449', '2018-04-19 19:13:04.449'),
('31','3', '2018-04-19 19:13:04.449', '2018-04-19 19:13:04.449'),
('40','6', '2018-04-19 19:13:04.449', '2018-04-19 19:13:04.449');

INSERT INTO AZGS
(id,name, createdAt, updatedAt)
VALUES
('1','AZGS1', '2018-04-19 19:13:04.449', '2018-04-19 19:13:04.449'),
('2','AZGS2', '2018-04-19 19:13:04.449', '2018-04-19 19:13:04.449'),
('3','AZGS3', '2018-04-19 19:13:04.449', '2018-04-19 19:13:04.449'),
('4','AZGS4', '2018-04-19 19:13:04.449', '2018-04-19 19:13:04.449'),
('5','AZGS5', '2018-04-19 19:13:04.449', '2018-04-19 19:13:04.449');

INSERT INTO GLY_AZGS
(UserId,AZGSId, createdAt, updatedAt)
VALUES
('32','1', '2018-04-19 19:13:04.449', '2018-04-19 19:13:04.449'),
('33','2', '2018-04-19 19:13:04.449', '2018-04-19 19:13:04.449'),
('45','5', '2018-04-19 19:13:04.449', '2018-04-19 19:13:04.449');

INSERT INTO AZG_AZGS
(UserId,AZGSId, createdAt, updatedAt)
VALUES
('34','1', '2018-04-19 19:13:04.449', '2018-04-19 19:13:04.449'),
('35','1', '2018-04-19 19:13:04.449', '2018-04-19 19:13:04.449'),
('36','2', '2018-04-19 19:13:04.449', '2018-04-19 19:13:04.449'),
('37','3', '2018-04-19 19:13:04.449', '2018-04-19 19:13:04.449'),
('38','4', '2018-04-19 19:13:04.449', '2018-04-19 19:13:04.449'),
('39','5', '2018-04-19 19:13:04.449', '2018-04-19 19:13:04.449');

INSERT INTO DP
(id,name,PPId,GYSId, createdAt, updatedAt)
VALUES
('1','DP1','1','3', '2018-04-19 19:13:04.449', '2018-04-19 19:13:04.449'),
('2','DP2','1','4', '2018-04-19 19:13:04.449', '2018-04-19 19:13:04.449'),
('3','DP3','1','3', '2018-04-19 19:13:04.449', '2018-04-19 19:13:04.449'),
('4','DP4','2','3', '2018-04-19 19:13:04.449', '2018-04-19 19:13:04.449'),
('5','DP5','2','3', '2018-04-19 19:13:04.449', '2018-04-19 19:13:04.449'),
('6','DP6','3','3', '2018-04-19 19:13:04.449', '2018-04-19 19:13:04.449'),
('7','DP7','3','3', '2018-04-19 19:13:04.449', '2018-04-19 19:13:04.449'),
('8','DP8','4','6', '2018-04-19 19:13:04.449', '2018-04-19 19:13:04.449'),
('9','DP9','4','6', '2018-04-19 19:13:04.449', '2018-04-19 19:13:04.449'),
('10','DP10','5','6', '2018-04-19 19:13:04.449', '2018-04-19 19:13:04.449'),
('11','DP11','5','6', '2018-04-19 19:13:04.449', '2018-04-19 19:13:04.449'),
('12','DP12','6','6', '2018-04-19 19:13:04.449', '2018-04-19 19:13:04.449'),
('13','DP13','6','6', '2018-04-19 19:13:04.449', '2018-04-19 19:13:04.449'),
('14','DP14','7','6', '2018-04-19 19:13:04.449', '2018-04-19 19:13:04.449');

INSERT INTO DW
(id,name,GTId,DPId, createdAt, updatedAt)
VALUES
('1','DW1','1','1', '2018-04-19 19:13:04.449', '2018-04-19 19:13:04.449'),
('2','DW2','1','2', '2018-04-19 19:13:04.449', '2018-04-19 19:13:04.449'),
('3','DW3','1','2', '2018-04-19 19:13:04.449', '2018-04-19 19:13:04.449'),
('4','DW1','2','1', '2018-04-19 19:13:04.449', '2018-04-19 19:13:04.449'),
('5','DW2','2','2', '2018-04-19 19:13:04.449', '2018-04-19 19:13:04.449'),
('6','DW4','2','3', '2018-04-19 19:13:04.449', '2018-04-19 19:13:04.449'),
('9','DW1','6','6', '2018-04-19 19:13:04.449', '2018-04-19 19:13:04.449'),
('10','DW2','6','7', '2018-04-19 19:13:04.449', '2018-04-19 19:13:04.449'),
('11','DW1','7','8', '2018-04-19 19:13:04.449', '2018-04-19 19:13:04.449'),
('12','DW2','7','9', '2018-04-19 19:13:04.449', '2018-04-19 19:13:04.449'),
('13','DW1','8','10', '2018-04-19 19:13:04.449', '2018-04-19 19:13:04.449'),
('14','DW2','8','11', '2018-04-19 19:13:04.449', '2018-04-19 19:13:04.449'),
('15','DW1','9','12', '2018-04-19 19:13:04.449', '2018-04-19 19:13:04.449'),
('16','DW2','9','13', '2018-04-19 19:13:04.449', '2018-04-19 19:13:04.449'),
('17','DW1','10','14', '2018-04-19 19:13:04.449', '2018-04-19 19:13:04.449'),
('20','DW3','5','4', '2018-04-19 19:13:04.449', '2018-04-19 19:13:04.449'),
('21','DW4','5','5', '2018-04-19 19:13:04.449', '2018-04-19 19:13:04.449'),
('22','DW3','7','8', '2018-04-19 19:13:04.449', '2018-04-19 19:13:04.449');

INSERT INTO DW
(id,name,GTId, createdAt, updatedAt)
VALUES
('7','DW1','5', '2018-04-19 19:13:04.449', '2018-04-19 19:13:04.449'),
('8','DW2','5', '2018-04-19 19:13:04.449', '2018-04-19 19:13:04.449'),
('18','DW2','10', '2018-04-19 19:13:04.449', '2018-04-19 19:13:04.449'),
('19','DW1','11', '2018-04-19 19:13:04.449', '2018-04-19 19:13:04.449');

INSERT INTO FG
(id,name,PPId,note, createdAt, updatedAt)
VALUES
('1','FG1','1','NoteFG1', '2018-04-19 19:13:04.449', '2018-04-19 19:13:04.449'),
('2','FG2','1','NoteFG2', '2018-04-19 19:13:04.449', '2018-04-19 19:13:04.449'),
('3','FG3','1','NoteFG3', '2018-04-19 19:13:04.449', '2018-04-19 19:13:04.449');

INSERT INTO Tester
(id,name,PPId, createdAt, updatedAt)
VALUES
('1','Tester1','1', '2018-04-19 19:13:04.449', '2018-04-19 19:13:04.449'),
('2','Tester2','1', '2018-04-19 19:13:04.449', '2018-04-19 19:13:04.449'),
('3','Tester3','1', '2018-04-19 19:13:04.449', '2018-04-19 19:13:04.449');

INSERT INTO FG_Tester
(id,FGId,TesterId,PPId, createdAt, updatedAt)
VALUES
('1','1','1','1', '2018-04-19 19:13:04.449', '2018-04-19 19:13:04.449'),
('2','2','2','1', '2018-04-19 19:13:04.449', '2018-04-19 19:13:04.449'),
('3','2','3','1', '2018-04-19 19:13:04.449', '2018-04-19 19:13:04.449'),
('4','3','1','1', '2018-04-19 19:13:04.449', '2018-04-19 19:13:04.449');

INSERT INTO WL
(id,name,code,level,PPId,GYSId,imageUrl, createdAt, updatedAt)
VALUES
('1','WL3_1','1_3_1','3','1','1','UrlWL3_1', '2018-04-19 19:13:04.449', '2018-04-19 19:13:04.449'),
('2','WL3_2','1_3_2','3','1','1','UrlWL3_2', '2018-04-19 19:13:04.449', '2018-04-19 19:13:04.449'),
('3','WL3_3','1_3_3','3','1','2','UrlWL3_3', '2018-04-19 19:13:04.449', '2018-04-19 19:13:04.449'),
('4','WL3_4','1_3_4','3','1','2','UrlWL3_4', '2018-04-19 19:13:04.449', '2018-04-19 19:13:04.449'),
('5','WL2_1','1_2_1','2','1','1','UrlWL2_1', '2018-04-19 19:13:04.449', '2018-04-19 19:13:04.449'),
('6','WL2_2','1_2_2','2','1','1','UrlWL2_2', '2018-04-19 19:13:04.449', '2018-04-19 19:13:04.449'),
('7','WL2_3','1_2_3','2','1','1','UrlWL2_3', '2018-04-19 19:13:04.449', '2018-04-19 19:13:04.449'),
('8','WL2_4','1_2_4','2','1','2','UrlWL2_4', '2018-04-19 19:13:04.449', '2018-04-19 19:13:04.449'),
('9','WL2_5','1_2_5','2','1','2','UrlWL2_5', '2018-04-19 19:13:04.449', '2018-04-19 19:13:04.449'),
('10','WL2_6','1_2_6','2','1','2','UrlWL2_6', '2018-04-19 19:13:04.449', '2018-04-19 19:13:04.449'),
('11','WL1_1','1_1_1','1','1','1','UrlWL1_1', '2018-04-19 19:13:04.449', '2018-04-19 19:13:04.449'),
('12','WL1_2','1_1_2','1','1','1','UrlWL1_2', '2018-04-19 19:13:04.449', '2018-04-19 19:13:04.449'),
('13','WL1_3','1_1_3','1','1','1','UrlWL1_3', '2018-04-19 19:13:04.449', '2018-04-19 19:13:04.449'),
('14','WL1_4','1_1_4','1','1','2','UrlWL1_4', '2018-04-19 19:13:04.449', '2018-04-19 19:13:04.449'),
('15','WL1_5','1_1_5','1','1','2','UrlWL1_5', '2018-04-19 19:13:04.449', '2018-04-19 19:13:04.449'),
('16','WL1_6','1_1_6','1','1','2','UrlWL1_6', '2018-04-19 19:13:04.449', '2018-04-19 19:13:04.449'),
('17','WL3_1','2_3_1','3','2','1','UrlWL3_1', '2018-04-19 19:13:04.449', '2018-04-19 19:13:04.449'),
('18','WL2_1','2_2_1','2','2','1','UrlWL2_1', '2018-04-19 19:13:04.449', '2018-04-19 19:13:04.449'),
('19','WL1_1','2_1_1','1','2','1','UrlWL1_1', '2018-04-19 19:13:04.449', '2018-04-19 19:13:04.449'),
('20','WL3_1','3_3_1','3','3','6','UrlWL3_1', '2018-04-19 19:13:04.449', '2018-04-19 19:13:04.449'),
('21','WL2_1','3_2_1','2','3','6','UrlWL2_1', '2018-04-19 19:13:04.449', '2018-04-19 19:13:04.449'),
('22','WL1_1','3_1_1','1','3','6','UrlWL1_1', '2018-04-19 19:13:04.449', '2018-04-19 19:13:04.449'),
('23','WL3_1','4_3_1','3','4','6','UrlWL3_1', '2018-04-19 19:13:04.449', '2018-04-19 19:13:04.449'),
('24','WL2_1','4_2_1','2','4','6','UrlWL2_1', '2018-04-19 19:13:04.449', '2018-04-19 19:13:04.449'),
('25','WL1_1','4_1_1','1','4','6','UrlWL1_1', '2018-04-19 19:13:04.449', '2018-04-19 19:13:04.449'),
('26','WL3_1','5_3_1','3','5','6','UrlWL3_1', '2018-04-19 19:13:04.449', '2018-04-19 19:13:04.449'),
('27','WL2_1','5_2_1','2','5','6','UrlWL2_1', '2018-04-19 19:13:04.449', '2018-04-19 19:13:04.449'),
('28','WL1_1','5_1_1','1','5','6','UrlWL1_1', '2018-04-19 19:13:04.449', '2018-04-19 19:13:04.449'),
('29','WL3_1','6_3_1','3','6','6','UrlWL3_1', '2018-04-19 19:13:04.449', '2018-04-19 19:13:04.449'),
('30','WL2_1','6_2_1','2','6','6','UrlWL2_1', '2018-04-19 19:13:04.449', '2018-04-19 19:13:04.449'),
('31','WL1_1','6_1_1','1','6','6','UrlWL1_1', '2018-04-19 19:13:04.449', '2018-04-19 19:13:04.449'),
('32','WL1_1','7_1_1','1','7','6','UrlWL1_1', '2018-04-19 19:13:04.449', '2018-04-19 19:13:04.449');

INSERT INTO EJZH
(id,name,WLId,PPId,imageUrl, createdAt, updatedAt)
VALUES
('1','EJZH1','5','1','imageUrlEJZH1', '2018-04-19 19:13:04.449', '2018-04-19 19:13:04.449'),
('2','EJZH2','6','1','imageUrlEJZH2', '2018-04-19 19:13:04.449', '2018-04-19 19:13:04.449'),
('3','EJZH3','7','1','imageUrlEJZH3', '2018-04-19 19:13:04.449', '2018-04-19 19:13:04.449'),
('4','EJZH4','8','1','imageUrlEJZH4', '2018-04-19 19:13:04.449', '2018-04-19 19:13:04.449'),
('5','EJZH5','9','1','imageUrlEJZH5', '2018-04-19 19:13:04.449', '2018-04-19 19:13:04.449'),
('6','EJZH6','10','1','imageUrlEJZH6', '2018-04-19 19:13:04.449', '2018-04-19 19:13:04.449'),
('7','EJZH7','18','2','imageUrlEJZH7', '2018-04-19 19:13:04.449', '2018-04-19 19:13:04.449'),
('8','EJZH8','21','3','imageUrlEJZH8', '2018-04-19 19:13:04.449', '2018-04-19 19:13:04.449'),
('9','EJZH9','24','4','imageUrlEJZH9', '2018-04-19 19:13:04.449', '2018-04-19 19:13:04.449'),
('10','EJZH10','27','5','imageUrlEJZH10', '2018-04-19 19:13:04.449', '2018-04-19 19:13:04.449'),
('11','EJZH11','30','6','imageUrlEJZH11', '2018-04-19 19:13:04.449', '2018-04-19 19:13:04.449');

INSERT INTO EJZH_FGTester
(EJZHId,FGTesterId,number, createdAt, updatedAt)
VALUES
('1','1','2', '2018-04-19 19:13:04.449', '2018-04-19 19:13:04.449'),
('2','2','2', '2018-04-19 19:13:04.449', '2018-04-19 19:13:04.449'),
('2','3','2', '2018-04-19 19:13:04.449', '2018-04-19 19:13:04.449'),
('3','1','2', '2018-04-19 19:13:04.449', '2018-04-19 19:13:04.449');

INSERT INTO EJZH_SJWL
(EJZHId,WLId,number, createdAt, updatedAt)
VALUES
('2','1','2', '2018-04-19 19:13:04.449', '2018-04-19 19:13:04.449'),
('3','2','2', '2018-04-19 19:13:04.449', '2018-04-19 19:13:04.449'),
('3','3','2', '2018-04-19 19:13:04.449', '2018-04-19 19:13:04.449'),
('4','1','2', '2018-04-19 19:13:04.449', '2018-04-19 19:13:04.449'),
('5','4','2', '2018-04-19 19:13:04.449', '2018-04-19 19:13:04.449'),
('7','17','2', '2018-04-19 19:13:04.449', '2018-04-19 19:13:04.449'),
('8','20','2', '2018-04-19 19:13:04.449', '2018-04-19 19:13:04.449'),
('9','23','2', '2018-04-19 19:13:04.449', '2018-04-19 19:13:04.449'),
('10','26','2', '2018-04-19 19:13:04.449', '2018-04-19 19:13:04.449'),
('11','29','2', '2018-04-19 19:13:04.449', '2018-04-19 19:13:04.449');

INSERT INTO YJZH
(id,name,WLId,PPId,imageUrl, createdAt, updatedAt)
VALUES
('1','YJZH1','11','1','imageUrlYJZH1', '2018-04-19 19:13:04.449', '2018-04-19 19:13:04.449'),
('2','YJZH2','12','1','imageUrlYJZH2', '2018-04-19 19:13:04.449', '2018-04-19 19:13:04.449'),
('3','YJZH3','13','1','imageUrlYJZH3', '2018-04-19 19:13:04.449', '2018-04-19 19:13:04.449'),
('4','YJZH4','14','1','imageUrlYJZH4', '2018-04-19 19:13:04.449', '2018-04-19 19:13:04.449'),
('5','YJZH5','15','1','imageUrlYJZH5', '2018-04-19 19:13:04.449', '2018-04-19 19:13:04.449'),
('6','YJZH6','16','1','imageUrlYJZH6', '2018-04-19 19:13:04.449', '2018-04-19 19:13:04.449'),
('7','YJZH7','19','2','imageUrlYJZH7', '2018-04-19 19:13:04.449', '2018-04-19 19:13:04.449'),
('8','YJZH8','22','3','imageUrlYJZH8', '2018-04-19 19:13:04.449', '2018-04-19 19:13:04.449'),
('9','YJZH9','25','4','imageUrlYJZH9', '2018-04-19 19:13:04.449', '2018-04-19 19:13:04.449'),
('10','YJZH10','28','5','imageUrlYJZH10', '2018-04-19 19:13:04.449', '2018-04-19 19:13:04.449'),
('11','YJZH11','31','6','imageUrlYJZH11', '2018-04-19 19:13:04.449', '2018-04-19 19:13:04.449'),
('12','YJZH12','32','7','imageUrlYJZH12', '2018-04-19 19:13:04.449', '2018-04-19 19:13:04.449');

INSERT INTO YJZH_EJZH
(YJZHId,EJZHId,number, createdAt, updatedAt)
VALUES
('1','1','2', '2018-04-19 19:13:04.449', '2018-04-19 19:13:04.449'),
('2','2','2', '2018-04-19 19:13:04.449', '2018-04-19 19:13:04.449'),
('2','3','2', '2018-04-19 19:13:04.449', '2018-04-19 19:13:04.449'),
('3','1','2', '2018-04-19 19:13:04.449', '2018-04-19 19:13:04.449'),
('4','4','2', '2018-04-19 19:13:04.449', '2018-04-19 19:13:04.449'),
('5','6','2', '2018-04-19 19:13:04.449', '2018-04-19 19:13:04.449'),
('7','7','2', '2018-04-19 19:13:04.449', '2018-04-19 19:13:04.449'),
('8','8','2', '2018-04-19 19:13:04.449', '2018-04-19 19:13:04.449'),
('9','9','2', '2018-04-19 19:13:04.449', '2018-04-19 19:13:04.449'),
('10','10','2', '2018-04-19 19:13:04.449', '2018-04-19 19:13:04.449'),
('11','11','2', '2018-04-19 19:13:04.449', '2018-04-19 19:13:04.449');

INSERT INTO GT_YJZH
(GTId,YJZHId,number, createdAt, updatedAt)
VALUES
('1','1','2', '2018-04-19 19:13:04.449', '2018-04-19 19:13:04.449'),
('2','2','2', '2018-04-19 19:13:04.449', '2018-04-19 19:13:04.449'),
('2','3','2', '2018-04-19 19:13:04.449', '2018-04-19 19:13:04.449'),
('3','1','2', '2018-04-19 19:13:04.449', '2018-04-19 19:13:04.449'),
('4','4','2', '2018-04-19 19:13:04.449', '2018-04-19 19:13:04.449'),
('4','5','2', '2018-04-19 19:13:04.449', '2018-04-19 19:13:04.449'),
('4','6','2', '2018-04-19 19:13:04.449', '2018-04-19 19:13:04.449'),
('5','7','2', '2018-04-19 19:13:04.449', '2018-04-19 19:13:04.449'),
('6','8','2', '2018-04-19 19:13:04.449', '2018-04-19 19:13:04.449'),
('7','9','2', '2018-04-19 19:13:04.449', '2018-04-19 19:13:04.449'),
('8','10','2', '2018-04-19 19:13:04.449', '2018-04-19 19:13:04.449'),
('9','11','2', '2018-04-19 19:13:04.449', '2018-04-19 19:13:04.449'),
('10','12','2', '2018-04-19 19:13:04.449', '2018-04-19 19:13:04.449');

INSERT INTO YJZHXGT
(id,imageUrl,YJZHId, createdAt, updatedAt)
VALUES
('1','YJZH1Url1','1', '2018-04-19 19:13:04.449', '2018-04-19 19:13:04.449'),
('2','YJZH2Url1','2', '2018-04-19 19:13:04.449', '2018-04-19 19:13:04.449'),
('3','YJZH2Url2','2', '2018-04-19 19:13:04.449', '2018-04-19 19:13:04.449'),
('4','YJZH4Url1','4', '2018-04-19 19:13:04.449', '2018-04-19 19:13:04.449'),
('5','YJZH5Url1','5', '2018-04-19 19:13:04.449', '2018-04-19 19:13:04.449'),
('6','YJZH5Url2','5', '2018-04-19 19:13:04.449', '2018-04-19 19:13:04.449');

INSERT INTO EJZHXGT
(id,imageUrl,EJZHId, createdAt, updatedAt)
VALUES
('1','EJZH1Url1','1', '2018-04-19 19:13:04.449', '2018-04-19 19:13:04.449'),
('2','EJZH2Url1','2', '2018-04-19 19:13:04.449', '2018-04-19 19:13:04.449'),
('3','EJZH2Url2','2', '2018-04-19 19:13:04.449', '2018-04-19 19:13:04.449'),
('4','EJZH4Url1','4', '2018-04-19 19:13:04.449', '2018-04-19 19:13:04.449'),
('5','EJZH5Url1','5', '2018-04-19 19:13:04.449', '2018-04-19 19:13:04.449'),
('6','EJZH5Url2','5', '2018-04-19 19:13:04.449', '2018-04-19 19:13:04.449');

INSERT INTO DD
(id,name,status,PPId, createdAt, updatedAt)
VALUES
('1','DD_PP2','初始','2', '2018-04-19 19:13:04.449', '2018-04-19 19:13:04.449'),
('2','DD_PP3','初始','3', '2018-04-19 19:13:04.449', '2018-04-19 19:13:04.449'),
('3','DD_PP4','已审批','4', '2018-04-19 19:13:04.449', '2018-04-19 19:13:04.449'),
('4','DD_PP5','已审批','5', '2018-04-19 19:13:04.449', '2018-04-19 19:13:04.449'),
('5','DD_PP6','已审批','6', '2018-04-19 19:13:04.449', '2018-04-19 19:13:04.449'),
('6','DD_PP7','已审批','7', '2018-04-19 19:13:04.449', '2018-04-19 19:13:04.449');

INSERT INTO DD_GT_WL
(id,DDId,GTId,WLId,number,GYSId,status,ZXNumber, createdAt, updatedAt)
VALUES
('1','1','5','17','8','1','初始','0', '2018-04-19 19:13:04.449', '2018-04-19 19:13:04.449'),
('2','1','5','18','4','1','初始','0', '2018-04-19 19:13:04.449', '2018-04-19 19:13:04.449'),
('3','1','5','19','2','1','初始','0', '2018-04-19 19:13:04.449', '2018-04-19 19:13:04.449'),
('4','2','6','20','8','6','初始','0', '2018-04-19 19:13:04.449', '2018-04-19 19:13:04.449'),
('5','2','6','21','4','6','初始','0', '2018-04-19 19:13:04.449', '2018-04-19 19:13:04.449'),
('6','2','6','22','2','6','初始','0', '2018-04-19 19:13:04.449', '2018-04-19 19:13:04.449');

INSERT INTO DD_GT_WLSnapshot
(id,DDId,GTId,WLId,number, createdAt, updatedAt)
VALUES
('1','1','5','17','8', '2018-04-19 19:13:04.449', '2018-04-19 19:13:04.449'),
('2','1','5','18','4', '2018-04-19 19:13:04.449', '2018-04-19 19:13:04.449'),
('3','1','5','19','2', '2018-04-19 19:13:04.449', '2018-04-19 19:13:04.449'),
('4','2','6','20','8', '2018-04-19 19:13:04.449', '2018-04-19 19:13:04.449'),
('5','2','6','21','4', '2018-04-19 19:13:04.449', '2018-04-19 19:13:04.449'),
('6','2','6','22','2', '2018-04-19 19:13:04.449', '2018-04-19 19:13:04.449'),
('7','3','7','23','8', '2018-04-19 19:13:04.449', '2018-04-19 19:13:04.449'),
('8','3','7','24','4', '2018-04-19 19:13:04.449', '2018-04-19 19:13:04.449'),
('9','3','7','25','2', '2018-04-19 19:13:04.449', '2018-04-19 19:13:04.449'),
('10','4','8','26','8', '2018-04-19 19:13:04.449', '2018-04-19 19:13:04.449'),
('11','4','8','27','4', '2018-04-19 19:13:04.449', '2018-04-19 19:13:04.449'),
('12','4','8','28','2', '2018-04-19 19:13:04.449', '2018-04-19 19:13:04.449'),
('13','5','9','29','8', '2018-04-19 19:13:04.449', '2018-04-19 19:13:04.449'),
('14','5','9','30','4', '2018-04-19 19:13:04.449', '2018-04-19 19:13:04.449'),
('15','5','9','31','2', '2018-04-19 19:13:04.449', '2018-04-19 19:13:04.449'),
('16','6','10','32','2', '2018-04-19 19:13:04.449', '2018-04-19 19:13:04.449');

INSERT INTO DD_GT_WL
(id,DDId,GTId,WLId,number,GYSId,ZXNumber,AZGSId,status, createdAt, updatedAt)
VALUES
('7','3','7','23','8','6','3','5','初始', '2018-04-19 19:13:04.449', '2018-04-19 19:13:04.449'),
('8','3','7','24','4','6','2','5','初始', '2018-04-19 19:13:04.449', '2018-04-19 19:13:04.449'),
('9','3','7','25','2','6','1','4','初始', '2018-04-19 19:13:04.449', '2018-04-19 19:13:04.449');

INSERT INTO DD_GT_WL
(id,DDId,GTId,WLId,number,GYSId,ZXNumber,AZGSId,AZGUserId,YJRKDate,YJZXDate,YJAZDate,status, createdAt, updatedAt)
VALUES
('10','4','8','26','8','6','8','5','39','2018-06-01','2018-06-18','2018-06-25','初始', '2018-04-19 19:13:04.449', '2018-04-19 19:13:04.449'),
('11','4','8','27','4','6','4','5','39','2018-06-01','2018-06-18','2018-06-25','初始', '2018-04-19 19:13:04.449', '2018-04-19 19:13:04.449'),
('12','4','8','28','2','6','2','5','39','2018-06-01','2018-06-18','2018-06-25','初始', '2018-04-19 19:13:04.449', '2018-04-19 19:13:04.449'),
('13','5','9','29','8','6','8','5','39','2018-06-01','2018-06-18','2018-06-25','初始', '2018-04-19 19:13:04.449', '2018-04-19 19:13:04.449'),
('14','5','9','30','4','6','4','5','39','2018-06-01','2018-06-18','2018-06-25','初始', '2018-04-19 19:13:04.449', '2018-04-19 19:13:04.449'),
('15','5','9','31','2','6','2','5','39','2018-06-01','2018-06-18','2018-06-25','初始', '2018-04-19 19:13:04.449', '2018-04-19 19:13:04.449'),
('16','6','10','32','2','6','2','5','39','2018-06-01','2018-06-18','2018-06-25','初始', '2018-04-19 19:13:04.449', '2018-04-19 19:13:04.449');

INSERT INTO DD_DW_DP
(id,DDId,DWId,DPId,GYSId,status,ZXNumber, createdAt, updatedAt)
VALUES
('1','1','20','4','3','初始','0', '2018-04-19 19:13:04.449', '2018-04-19 19:13:04.449'),
('2','1','21','5','3','初始','0', '2018-04-19 19:13:04.449', '2018-04-19 19:13:04.449'),
('3','2','9','6','6','初始','0', '2018-04-19 19:13:04.449', '2018-04-19 19:13:04.449'),
('4','2','10','7','6','初始','0', '2018-04-19 19:13:04.449', '2018-04-19 19:13:04.449');

INSERT INTO DD_DW_DPSnapshot
(id,DDId,DWId,DPId, createdAt, updatedAt)
VALUES
('1','1','20','4', '2018-04-19 19:13:04.449', '2018-04-19 19:13:04.449'),
('2','1','21','5', '2018-04-19 19:13:04.449', '2018-04-19 19:13:04.449'),
('3','2','9','6', '2018-04-19 19:13:04.449', '2018-04-19 19:13:04.449'),
('4','2','10','7', '2018-04-19 19:13:04.449', '2018-04-19 19:13:04.449'),
('5','3','11','8', '2018-04-19 19:13:04.449', '2018-04-19 19:13:04.449'),
('6','3','12','9', '2018-04-19 19:13:04.449', '2018-04-19 19:13:04.449'),
('7','3','22','8', '2018-04-19 19:13:04.449', '2018-04-19 19:13:04.449'),
('8','4','13','10', '2018-04-19 19:13:04.449', '2018-04-19 19:13:04.449'),
('9','4','14','11', '2018-04-19 19:13:04.449', '2018-04-19 19:13:04.449'),
('10','5','15','12', '2018-04-19 19:13:04.449', '2018-04-19 19:13:04.449'),
('11','5','16','13', '2018-04-19 19:13:04.449', '2018-04-19 19:13:04.449'),
('12','6','17','14', '2018-04-19 19:13:04.449', '2018-04-19 19:13:04.449');

INSERT INTO DD_DW_DP
(id,DDId,DWId,DPId,GYSId,ZXNumber,AZGSId,status, createdAt, updatedAt)
VALUES
('5','3','11','8','6','1','5','初始', '2018-04-19 19:13:04.449', '2018-04-19 19:13:04.449'),
('6','3','12','9','6','0','4','初始', '2018-04-19 19:13:04.449', '2018-04-19 19:13:04.449');

INSERT INTO DD_DW_DP
(id,DDId,DWId,DPId,GYSId,ZXNumber,AZGSId,AZGUserId,YJRKDate,YJZXDate,YJAZDate,status, createdAt, updatedAt)
VALUES
('7','3','22','8','6','1','5','39','2018-06-01','2018-06-18','2018-06-25','初始', '2018-04-19 19:13:04.449', '2018-04-19 19:13:04.449'),
('8','4','13','10','6','1','5','39','2018-06-01','2018-06-18','2018-06-25','初始', '2018-04-19 19:13:04.449', '2018-04-19 19:13:04.449'),
('9','4','14','11','6','1','5','39','2018-06-01','2018-06-18','2018-06-25','初始', '2018-04-19 19:13:04.449', '2018-04-19 19:13:04.449'),
('10','5','15','12','6','1','5','39','2018-06-01','2018-06-18','2018-06-25','初始', '2018-04-19 19:13:04.449', '2018-04-19 19:13:04.449'),
('11','5','16','13','6','1','5','39','2018-06-01','2018-06-18','2018-06-25','初始', '2018-04-19 19:13:04.449', '2018-04-19 19:13:04.449'),
('12','6','17','14','6','1','5','39','2018-06-01','2018-06-18','2018-06-25','初始', '2018-04-19 19:13:04.449', '2018-04-19 19:13:04.449');

INSERT INTO KDD
(id,code, createdAt, updatedAt)
VALUES
('1','KDD1', '2018-04-19 19:13:04.449', '2018-04-19 19:13:04.449'),
('2','KDD2', '2018-04-19 19:13:04.449', '2018-04-19 19:13:04.449'),
('3','KDD3', '2018-04-19 19:13:04.449', '2018-04-19 19:13:04.449'),
('4','KDD4', '2018-04-19 19:13:04.449', '2018-04-19 19:13:04.449'),
('5','KDD5', '2018-04-19 19:13:04.449', '2018-04-19 19:13:04.449'),
('6','KDD6', '2018-04-19 19:13:04.449', '2018-04-19 19:13:04.449'),
('7','KDD7', '2018-04-19 19:13:04.449', '2018-04-19 19:13:04.449'),
('8','KDD8', '2018-04-19 19:13:04.449', '2018-04-19 19:13:04.449'),
('9','KDD9', '2018-04-19 19:13:04.449', '2018-04-19 19:13:04.449');

INSERT INTO KDX
(id,EWM,GTId,KDDId,status, createdAt, updatedAt)
VALUES
('2','{"type":"KDX","uuid":"KDX2"}','7','1','发货', '2018-04-19 19:13:04.449', '2018-04-19 19:13:04.449'),
('3','{"type":"KDX","uuid":"KDX3"}','8','2','发货', '2018-04-19 19:13:04.449', '2018-04-19 19:13:04.449'),
('4','{"type":"KDX","uuid":"KDX4"}','8','3','收箱', '2018-04-19 19:13:04.449', '2018-04-19 19:13:04.449'),
('5','{"type":"KDX","uuid":"KDX5"}','9','4','收箱', '2018-04-19 19:13:04.449', '2018-04-19 19:13:04.449'),
('6','{"type":"KDX","uuid":"KDX6"}','9','4','收箱', '2018-04-19 19:13:04.449', '2018-04-19 19:13:04.449'),
('8','{"type":"KDX","uuid":"KDX8"}','8','5','发货', '2018-04-19 19:13:04.449', '2018-04-19 19:13:04.449'),
('9','{"type":"KDX","uuid":"KDX9"}','8','6','收箱', '2018-04-19 19:13:04.449', '2018-04-19 19:13:04.449'),
('10','{"type":"KDX","uuid":"KDX10"}','9','7','收箱', '2018-04-19 19:13:04.449', '2018-04-19 19:13:04.449'),
('11','{"type":"KDX","uuid":"KDX11"}','9','7','收箱', '2018-04-19 19:13:04.449', '2018-04-19 19:13:04.449'),
('12','{"type":"KDX","uuid":"KDX12"}','10','8','收箱', '2018-04-19 19:13:04.449', '2018-04-19 19:13:04.449'),
('13','{"type":"KDX","uuid":"KDX13"}','10','9','收箱', '2018-04-19 19:13:04.449', '2018-04-19 19:13:04.449');

INSERT INTO KDX
(id,EWM,GTId,status, createdAt, updatedAt)
VALUES
('1','{"type":"KDX","uuid":"KDX1"}','7','装箱', '2018-04-19 19:13:04.449', '2018-04-19 19:13:04.449'),
('7','{"type":"KDX","uuid":"KDX7"}','7','装箱', '2018-04-19 19:13:04.449', '2018-04-19 19:13:04.449'),
('14','{"type":"KDX","uuid":"KDX14"}','7','装箱', '2018-04-19 19:13:04.449', '2018-04-19 19:13:04.449');

INSERT INTO WYWL
(id,EWM,status,WLId,GYSId,DDGTWLId, createdAt, updatedAt)
VALUES
('1','{"type":"WL","typeId":23,"uuid":"WL23_1"}','入库','23','6','7', '2018-04-19 19:13:04.449', '2018-04-19 19:13:04.449'),
('2','{"type":"WL","typeId":23,"uuid":"WL23_2"}','入库','23','6','7', '2018-04-19 19:13:04.449', '2018-04-19 19:13:04.449');

INSERT INTO WYWL
(id,EWM,status,WLId,GYSId,DDGTWLId,KDXId, createdAt, updatedAt)
VALUES
('3','{"type":"WL","typeId":23,"uuid":"WL23_3"}','装箱','23','6','7','1', '2018-04-19 19:13:04.449', '2018-04-19 19:13:04.449'),
('4','{"type":"WL","typeId":23,"uuid":"WL23_4"}','装箱','23','6','7','1', '2018-04-19 19:13:04.449', '2018-04-19 19:13:04.449'),
('5','{"type":"WL","typeId":23,"uuid":"WL23_5"}','装箱','23','6','7','1', '2018-04-19 19:13:04.449', '2018-04-19 19:13:04.449'),
('6','{"type":"WL","typeId":24,"uuid":"WL24_1"}','装箱','24','6','8','1', '2018-04-19 19:13:04.449', '2018-04-19 19:13:04.449'),
('7','{"type":"WL","typeId":24,"uuid":"WL24_2"}','装箱','24','6','8','1', '2018-04-19 19:13:04.449', '2018-04-19 19:13:04.449'),
('10','{"type":"WL","typeId":25,"uuid":"WL25_1"}','发货','25','6','9','2', '2018-04-19 19:13:04.449', '2018-04-19 19:13:04.449'),
('12','{"type":"WL","typeId":26,"uuid":"WL26_1"}','发货','26','6','10','3', '2018-04-19 19:13:04.449', '2018-04-19 19:13:04.449'),
('13','{"type":"WL","typeId":26,"uuid":"WL26_2"}','发货','26','6','10','3', '2018-04-19 19:13:04.449', '2018-04-19 19:13:04.449'),
('14','{"type":"WL","typeId":26,"uuid":"WL26_3"}','发货','26','6','10','3', '2018-04-19 19:13:04.449', '2018-04-19 19:13:04.449'),
('15','{"type":"WL","typeId":26,"uuid":"WL26_4"}','发货','26','6','10','3', '2018-04-19 19:13:04.449', '2018-04-19 19:13:04.449'),
('16','{"type":"WL","typeId":26,"uuid":"WL26_5"}','发货','26','6','10','3', '2018-04-19 19:13:04.449', '2018-04-19 19:13:04.449'),
('17','{"type":"WL","typeId":26,"uuid":"WL26_6"}','发货','26','6','10','3', '2018-04-19 19:13:04.449', '2018-04-19 19:13:04.449'),
('18','{"type":"WL","typeId":26,"uuid":"WL26_7"}','发货','26','6','10','3', '2018-04-19 19:13:04.449', '2018-04-19 19:13:04.449'),
('19','{"type":"WL","typeId":26,"uuid":"WL26_8"}','发货','26','6','10','3', '2018-04-19 19:13:04.449', '2018-04-19 19:13:04.449'),
('20','{"type":"WL","typeId":27,"uuid":"WL27_1"}','收箱','27','6','11','4', '2018-04-19 19:13:04.449', '2018-04-19 19:13:04.449'),
('21','{"type":"WL","typeId":27,"uuid":"WL27_2"}','收箱','27','6','11','4', '2018-04-19 19:13:04.449', '2018-04-19 19:13:04.449'),
('22','{"type":"WL","typeId":27,"uuid":"WL27_3"}','收箱','27','6','11','4', '2018-04-19 19:13:04.449', '2018-04-19 19:13:04.449'),
('23','{"type":"WL","typeId":27,"uuid":"WL27_4"}','收箱','27','6','11','4', '2018-04-19 19:13:04.449', '2018-04-19 19:13:04.449'),
('24','{"type":"WL","typeId":28,"uuid":"WL28_1"}','收货','28','6','12','4', '2018-04-19 19:13:04.449', '2018-04-19 19:13:04.449'),
('25','{"type":"WL","typeId":28,"uuid":"WL28_2"}','收货','28','6','12','4', '2018-04-19 19:13:04.449', '2018-04-19 19:13:04.449');

INSERT INTO WYWL
(id,EWM,status,WLId,GYSId,DDGTWLId,KDXId,AZFKType,imageUrl, createdAt, updatedAt)
VALUES
('26','{"type":"WL","typeId":29,"uuid":"WL29_1"}','反馈图','29','6','13','5','安装成功','UrlWL29_1', '2018-04-19 19:13:04.449', '2018-04-19 19:13:04.449'),
('27','{"type":"WL","typeId":29,"uuid":"WL29_2"}','反馈图','29','6','13','5','安装成功','UrlWL29_2', '2018-04-19 19:13:04.449', '2018-04-19 19:13:04.449'),
('28','{"type":"WL","typeId":29,"uuid":"WL29_3"}','反馈图','29','6','13','5','安装成功','UrlWL29_3', '2018-04-19 19:13:04.449', '2018-04-19 19:13:04.449'),
('29','{"type":"WL","typeId":29,"uuid":"WL29_4"}','反馈图','29','6','13','5','安装成功','UrlWL29_4', '2018-04-19 19:13:04.449', '2018-04-19 19:13:04.449'),
('30','{"type":"WL","typeId":29,"uuid":"WL29_5"}','反馈图','29','6','13','5','安装成功','UrlWL29_5', '2018-04-19 19:13:04.449', '2018-04-19 19:13:04.449'),
('31','{"type":"WL","typeId":29,"uuid":"WL29_6"}','反馈图','29','6','13','5','安装成功','UrlWL29_6', '2018-04-19 19:13:04.449', '2018-04-19 19:13:04.449'),
('32','{"type":"WL","typeId":29,"uuid":"WL29_7"}','反馈图','29','6','13','5','安装成功','UrlWL29_7', '2018-04-19 19:13:04.449', '2018-04-19 19:13:04.449'),
('33','{"type":"WL","typeId":29,"uuid":"WL29_8"}','反馈图','29','6','13','5','安装成功','UrlWL29_8', '2018-04-19 19:13:04.449', '2018-04-19 19:13:04.449'),
('34','{"type":"WL","typeId":30,"uuid":"WL30_1"}','反馈图','30','6','14','6','安装成功','UrlWL30_1', '2018-04-19 19:13:04.449', '2018-04-19 19:13:04.449'),
('35','{"type":"WL","typeId":30,"uuid":"WL30_2"}','反馈图','30','6','14','6','安装成功','UrlWL30_2', '2018-04-19 19:13:04.449', '2018-04-19 19:13:04.449'),
('36','{"type":"WL","typeId":30,"uuid":"WL30_3"}','反馈图','30','6','14','6','安装成功','UrlWL30_3', '2018-04-19 19:13:04.449', '2018-04-19 19:13:04.449'),
('37','{"type":"WL","typeId":30,"uuid":"WL30_4"}','反馈图','30','6','14','6','安装成功','UrlWL30_4', '2018-04-19 19:13:04.449', '2018-04-19 19:13:04.449'),
('38','{"type":"WL","typeId":31,"uuid":"WL31_1"}','反馈图','31','6','15','6','丢失','UrlWL31_1', '2018-04-19 19:13:04.449', '2018-04-19 19:13:04.449'),
('39','{"type":"WL","typeId":31,"uuid":"WL31_2"}','反馈图','31','6','15','6','丢失','UrlWL31_2', '2018-04-19 19:13:04.449', '2018-04-19 19:13:04.449');

INSERT INTO WYWL
(id,EWM,status,WLId,GYSId,DDGTWLId,KDXId,AZFKType, createdAt, updatedAt)
VALUES
('40','{"type":"WL","typeId":32,"uuid":"WL32_1"}','反馈','32','6','16','12','安装成功', '2018-04-19 19:13:04.449', '2018-04-19 19:13:04.449'),
('41','{"type":"WL","typeId":32,"uuid":"WL32_2"}','反馈','32','6','16','12','安装成功', '2018-04-19 19:13:04.449', '2018-04-19 19:13:04.449');

INSERT INTO DD_GTFX
(DDId,GTId, createdAt, updatedAt)
VALUES
('3','4', '2018-04-19 19:13:04.449', '2018-04-19 19:13:04.449');

INSERT INTO WYWLCZ
(id,WYWLId,status,UserId, createdAt, updatedAt)
VALUES
('1','1','入库','40', '2018-04-19 19:13:04.449', '2018-04-19 19:13:04.449'),
('2','2','入库','40', '2018-04-19 19:13:04.449', '2018-04-19 19:13:04.449'),
('3','3','装箱','40', '2018-04-19 19:13:04.449', '2018-04-19 19:13:04.449'),
('4','4','装箱','40', '2018-04-19 19:13:04.449', '2018-04-19 19:13:04.449'),
('5','5','装箱','40', '2018-04-19 19:13:04.449', '2018-04-19 19:13:04.449'),
('6','6','装箱','40', '2018-04-19 19:13:04.449', '2018-04-19 19:13:04.449'),
('7','7','装箱','40', '2018-04-19 19:13:04.449', '2018-04-19 19:13:04.449'),
('8','10','装箱','40', '2018-04-19 19:13:04.449', '2018-04-19 19:13:04.449'),
('9','10','发货','40', '2018-04-19 19:13:04.449', '2018-04-19 19:13:04.449'),
('10','12','装箱','40', '2018-04-19 19:13:04.449', '2018-04-19 19:13:04.449'),
('11','13','装箱','40', '2018-04-19 19:13:04.449', '2018-04-19 19:13:04.449'),
('12','14','装箱','40', '2018-04-19 19:13:04.449', '2018-04-19 19:13:04.449'),
('13','15','装箱','40', '2018-04-19 19:13:04.449', '2018-04-19 19:13:04.449'),
('14','16','装箱','40', '2018-04-19 19:13:04.449', '2018-04-19 19:13:04.449'),
('15','17','装箱','40', '2018-04-19 19:13:04.449', '2018-04-19 19:13:04.449'),
('16','18','装箱','40', '2018-04-19 19:13:04.449', '2018-04-19 19:13:04.449'),
('17','19','装箱','40', '2018-04-19 19:13:04.449', '2018-04-19 19:13:04.449'),
('18','12','发货','40', '2018-04-19 19:13:04.449', '2018-04-19 19:13:04.449'),
('19','13','发货','40', '2018-04-19 19:13:04.449', '2018-04-19 19:13:04.449'),
('20','14','发货','40', '2018-04-19 19:13:04.449', '2018-04-19 19:13:04.449'),
('21','15','发货','40', '2018-04-19 19:13:04.449', '2018-04-19 19:13:04.449'),
('22','16','发货','40', '2018-04-19 19:13:04.449', '2018-04-19 19:13:04.449'),
('23','17','发货','40', '2018-04-19 19:13:04.449', '2018-04-19 19:13:04.449'),
('24','18','发货','40', '2018-04-19 19:13:04.449', '2018-04-19 19:13:04.449'),
('25','19','发货','40', '2018-04-19 19:13:04.449', '2018-04-19 19:13:04.449'),
('26','20','装箱','40', '2018-04-19 19:13:04.449', '2018-04-19 19:13:04.449'),
('27','21','装箱','40', '2018-04-19 19:13:04.449', '2018-04-19 19:13:04.449'),
('28','22','装箱','40', '2018-04-19 19:13:04.449', '2018-04-19 19:13:04.449'),
('29','23','装箱','40', '2018-04-19 19:13:04.449', '2018-04-19 19:13:04.449'),
('30','20','发货','40', '2018-04-19 19:13:04.449', '2018-04-19 19:13:04.449'),
('31','21','发货','40', '2018-04-19 19:13:04.449', '2018-04-19 19:13:04.449'),
('32','22','发货','40', '2018-04-19 19:13:04.449', '2018-04-19 19:13:04.449'),
('33','23','发货','40', '2018-04-19 19:13:04.449', '2018-04-19 19:13:04.449'),
('34','20','收箱','24', '2018-04-19 19:13:04.449', '2018-04-19 19:13:04.449'),
('35','21','收箱','24', '2018-04-19 19:13:04.449', '2018-04-19 19:13:04.449'),
('36','22','收箱','24', '2018-04-19 19:13:04.449', '2018-04-19 19:13:04.449'),
('37','23','收箱','24', '2018-04-19 19:13:04.449', '2018-04-19 19:13:04.449'),
('38','24','装箱','40', '2018-04-19 19:13:04.449', '2018-04-19 19:13:04.449'),
('39','25','装箱','40', '2018-04-19 19:13:04.449', '2018-04-19 19:13:04.449'),
('40','24','发货','40', '2018-04-19 19:13:04.449', '2018-04-19 19:13:04.449'),
('41','25','发货','40', '2018-04-19 19:13:04.449', '2018-04-19 19:13:04.449'),
('42','24','收箱','24', '2018-04-19 19:13:04.449', '2018-04-19 19:13:04.449'),
('43','25','收箱','24', '2018-04-19 19:13:04.449', '2018-04-19 19:13:04.449'),
('44','24','收货','39', '2018-04-19 19:13:04.449', '2018-04-19 19:13:04.449'),
('45','25','收货','39', '2018-04-19 19:13:04.449', '2018-04-19 19:13:04.449'),
('46','26','装箱','40', '2018-04-19 19:13:04.449', '2018-04-19 19:13:04.449'),
('47','27','装箱','40', '2018-04-19 19:13:04.449', '2018-04-19 19:13:04.449'),
('48','28','装箱','40', '2018-04-19 19:13:04.449', '2018-04-19 19:13:04.449'),
('49','29','装箱','40', '2018-04-19 19:13:04.449', '2018-04-19 19:13:04.449'),
('50','30','装箱','40', '2018-04-19 19:13:04.449', '2018-04-19 19:13:04.449'),
('51','31','装箱','40', '2018-04-19 19:13:04.449', '2018-04-19 19:13:04.449'),
('52','32','装箱','40', '2018-04-19 19:13:04.449', '2018-04-19 19:13:04.449'),
('53','33','装箱','40', '2018-04-19 19:13:04.449', '2018-04-19 19:13:04.449'),
('54','34','装箱','40', '2018-04-19 19:13:04.449', '2018-04-19 19:13:04.449'),
('55','35','装箱','40', '2018-04-19 19:13:04.449', '2018-04-19 19:13:04.449'),
('56','36','装箱','40', '2018-04-19 19:13:04.449', '2018-04-19 19:13:04.449'),
('57','37','装箱','40', '2018-04-19 19:13:04.449', '2018-04-19 19:13:04.449'),
('58','38','装箱','40', '2018-04-19 19:13:04.449', '2018-04-19 19:13:04.449'),
('59','39','装箱','40', '2018-04-19 19:13:04.449', '2018-04-19 19:13:04.449'),
('60','26','发货','40', '2018-04-19 19:13:04.449', '2018-04-19 19:13:04.449'),
('61','27','发货','40', '2018-04-19 19:13:04.449', '2018-04-19 19:13:04.449'),
('62','28','发货','40', '2018-04-19 19:13:04.449', '2018-04-19 19:13:04.449'),
('63','29','发货','40', '2018-04-19 19:13:04.449', '2018-04-19 19:13:04.449'),
('64','30','发货','40', '2018-04-19 19:13:04.449', '2018-04-19 19:13:04.449'),
('65','31','发货','40', '2018-04-19 19:13:04.449', '2018-04-19 19:13:04.449'),
('66','32','发货','40', '2018-04-19 19:13:04.449', '2018-04-19 19:13:04.449'),
('67','33','发货','40', '2018-04-19 19:13:04.449', '2018-04-19 19:13:04.449'),
('68','34','发货','40', '2018-04-19 19:13:04.449', '2018-04-19 19:13:04.449'),
('69','35','发货','40', '2018-04-19 19:13:04.449', '2018-04-19 19:13:04.449'),
('70','36','发货','40', '2018-04-19 19:13:04.449', '2018-04-19 19:13:04.449'),
('71','37','发货','40', '2018-04-19 19:13:04.449', '2018-04-19 19:13:04.449'),
('72','38','发货','40', '2018-04-19 19:13:04.449', '2018-04-19 19:13:04.449'),
('73','39','发货','40', '2018-04-19 19:13:04.449', '2018-04-19 19:13:04.449'),
('74','26','收箱','25', '2018-04-19 19:13:04.449', '2018-04-19 19:13:04.449'),
('75','27','收箱','25', '2018-04-19 19:13:04.449', '2018-04-19 19:13:04.449'),
('76','28','收箱','25', '2018-04-19 19:13:04.449', '2018-04-19 19:13:04.449'),
('77','29','收箱','25', '2018-04-19 19:13:04.449', '2018-04-19 19:13:04.449'),
('78','30','收箱','25', '2018-04-19 19:13:04.449', '2018-04-19 19:13:04.449'),
('79','31','收箱','25', '2018-04-19 19:13:04.449', '2018-04-19 19:13:04.449'),
('80','32','收箱','25', '2018-04-19 19:13:04.449', '2018-04-19 19:13:04.449'),
('81','33','收箱','25', '2018-04-19 19:13:04.449', '2018-04-19 19:13:04.449'),
('82','34','收箱','25', '2018-04-19 19:13:04.449', '2018-04-19 19:13:04.449'),
('83','35','收箱','25', '2018-04-19 19:13:04.449', '2018-04-19 19:13:04.449'),
('84','36','收箱','25', '2018-04-19 19:13:04.449', '2018-04-19 19:13:04.449'),
('85','37','收箱','25', '2018-04-19 19:13:04.449', '2018-04-19 19:13:04.449'),
('86','38','收箱','25', '2018-04-19 19:13:04.449', '2018-04-19 19:13:04.449'),
('87','39','收箱','25', '2018-04-19 19:13:04.449', '2018-04-19 19:13:04.449'),
('88','26','收货','39', '2018-04-19 19:13:04.449', '2018-04-19 19:13:04.449'),
('89','27','收货','39', '2018-04-19 19:13:04.449', '2018-04-19 19:13:04.449'),
('90','28','收货','39', '2018-04-19 19:13:04.449', '2018-04-19 19:13:04.449'),
('91','29','收货','39', '2018-04-19 19:13:04.449', '2018-04-19 19:13:04.449'),
('92','30','收货','39', '2018-04-19 19:13:04.449', '2018-04-19 19:13:04.449'),
('93','31','收货','39', '2018-04-19 19:13:04.449', '2018-04-19 19:13:04.449'),
('94','32','收货','39', '2018-04-19 19:13:04.449', '2018-04-19 19:13:04.449'),
('95','33','收货','39', '2018-04-19 19:13:04.449', '2018-04-19 19:13:04.449'),
('96','34','收货','39', '2018-04-19 19:13:04.449', '2018-04-19 19:13:04.449'),
('97','35','收货','39', '2018-04-19 19:13:04.449', '2018-04-19 19:13:04.449'),
('98','36','收货','39', '2018-04-19 19:13:04.449', '2018-04-19 19:13:04.449'),
('99','37','收货','39', '2018-04-19 19:13:04.449', '2018-04-19 19:13:04.449'),
('100','38','收货','39', '2018-04-19 19:13:04.449', '2018-04-19 19:13:04.449'),
('101','39','收货','39', '2018-04-19 19:13:04.449', '2018-04-19 19:13:04.449'),
('102','26','反馈','39', '2018-04-19 19:13:04.449', '2018-04-19 19:13:04.449'),
('103','27','反馈','39', '2018-04-19 19:13:04.449', '2018-04-19 19:13:04.449'),
('104','28','反馈','39', '2018-04-19 19:13:04.449', '2018-04-19 19:13:04.449'),
('105','29','反馈','39', '2018-04-19 19:13:04.449', '2018-04-19 19:13:04.449'),
('106','30','反馈','39', '2018-04-19 19:13:04.449', '2018-04-19 19:13:04.449'),
('107','31','反馈','39', '2018-04-19 19:13:04.449', '2018-04-19 19:13:04.449'),
('108','32','反馈','39', '2018-04-19 19:13:04.449', '2018-04-19 19:13:04.449'),
('109','33','反馈','39', '2018-04-19 19:13:04.449', '2018-04-19 19:13:04.449'),
('110','34','反馈','39', '2018-04-19 19:13:04.449', '2018-04-19 19:13:04.449'),
('111','35','反馈','39', '2018-04-19 19:13:04.449', '2018-04-19 19:13:04.449'),
('112','36','反馈','39', '2018-04-19 19:13:04.449', '2018-04-19 19:13:04.449'),
('113','37','反馈','39', '2018-04-19 19:13:04.449', '2018-04-19 19:13:04.449'),
('114','38','反馈','39', '2018-04-19 19:13:04.449', '2018-04-19 19:13:04.449'),
('115','39','反馈','39', '2018-04-19 19:13:04.449', '2018-04-19 19:13:04.449'),
('116','26','反馈图','39', '2018-04-19 19:13:04.449', '2018-04-19 19:13:04.449'),
('117','27','反馈图','39', '2018-04-19 19:13:04.449', '2018-04-19 19:13:04.449'),
('118','28','反馈图','39', '2018-04-19 19:13:04.449', '2018-04-19 19:13:04.449'),
('119','29','反馈图','39', '2018-04-19 19:13:04.449', '2018-04-19 19:13:04.449'),
('120','30','反馈图','39', '2018-04-19 19:13:04.449', '2018-04-19 19:13:04.449'),
('121','31','反馈图','39', '2018-04-19 19:13:04.449', '2018-04-19 19:13:04.449'),
('122','32','反馈图','39', '2018-04-19 19:13:04.449', '2018-04-19 19:13:04.449'),
('123','33','反馈图','39', '2018-04-19 19:13:04.449', '2018-04-19 19:13:04.449'),
('124','34','反馈图','39', '2018-04-19 19:13:04.449', '2018-04-19 19:13:04.449'),
('125','35','反馈图','39', '2018-04-19 19:13:04.449', '2018-04-19 19:13:04.449'),
('126','36','反馈图','39', '2018-04-19 19:13:04.449', '2018-04-19 19:13:04.449'),
('127','37','反馈图','39', '2018-04-19 19:13:04.449', '2018-04-19 19:13:04.449'),
('128','38','反馈图','39', '2018-04-19 19:13:04.449', '2018-04-19 19:13:04.449'),
('129','39','反馈图','39', '2018-04-19 19:13:04.449', '2018-04-19 19:13:04.449'),
('130','40','入库','40', '2018-04-19 19:13:04.449', '2018-04-19 19:13:04.449'),
('131','41','入库','40', '2018-04-19 19:13:04.449', '2018-04-19 19:13:04.449'),
('132','40','装箱','40', '2018-04-19 19:13:04.449', '2018-04-19 19:13:04.449'),
('133','41','装箱','40', '2018-04-19 19:13:04.449', '2018-04-19 19:13:04.449'),
('134','40','发货','40', '2018-04-19 19:13:04.449', '2018-04-19 19:13:04.449'),
('135','41','发货','40', '2018-04-19 19:13:04.449', '2018-04-19 19:13:04.449'),
('136','40','收箱','41', '2018-04-19 19:13:04.449', '2018-04-19 19:13:04.449'),
('137','41','收箱','41', '2018-04-19 19:13:04.449', '2018-04-19 19:13:04.449'),
('138','40','收货','39', '2018-04-19 19:13:04.449', '2018-04-19 19:13:04.449'),
('139','41','收货','39', '2018-04-19 19:13:04.449', '2018-04-19 19:13:04.449'),
('140','40','反馈','39', '2018-04-19 19:13:04.449', '2018-04-19 19:13:04.449'),
('141','41','反馈','39', '2018-04-19 19:13:04.449', '2018-04-19 19:13:04.449');

INSERT INTO WYDP
(id,EWM,status,DPId,GYSId,DDDWDPId,KDXId, createdAt, updatedAt)
VALUES
('1','{"type":"DP","typeId":8,"uuid":"DP9"}','装箱','8','6','7','7', '2018-04-19 19:13:04.449', '2018-04-19 19:13:04.449'),
('2','{"type":"DP","typeId":8,"uuid":"DP8"}','发货','8','6','5','2', '2018-04-19 19:13:04.449', '2018-04-19 19:13:04.449'),
('3','{"type":"DP","typeId":10,"uuid":"DP10"}','收箱','10','6','7','8', '2018-04-19 19:13:04.449', '2018-04-19 19:13:04.449'),
('4','{"type":"DP","typeId":11,"uuid":"DP11"}','收货','11','6','8','9', '2018-04-19 19:13:04.449', '2018-04-19 19:13:04.449');

INSERT INTO WYDP
(id,EWM,status,DPId,GYSId,DDDWDPId,KDXId,AZFKType,imageUrl, createdAt, updatedAt)
VALUES
('5','{"type":"DP","typeId":12,"uuid":"DP12"}','反馈图','12','6','9','10','安装成功','UrlDP12', '2018-04-19 19:13:04.449', '2018-04-19 19:13:04.449'),
('6','{"type":"DP","typeId":13,"uuid":"DP13"}','反馈图','13','6','10','11','尺寸不对','UrlDP13', '2018-04-19 19:13:04.449', '2018-04-19 19:13:04.449');

INSERT INTO WYDP
(id,EWM,status,DPId,GYSId,DDDWDPId,KDXId,AZFKType, createdAt, updatedAt)
VALUES
('7','{"type":"DP","typeId":14,"uuid":"DP14"}','反馈','14','6','11','13','安装成功', '2018-04-19 19:13:04.449', '2018-04-19 19:13:04.449');

INSERT INTO WYDPCZ
(id,WYDPId,status,UserId, createdAt, updatedAt)
VALUES
('1','1','装箱','40', '2018-04-19 19:13:04.449', '2018-04-19 19:13:04.449'),
('2','2','装箱','40', '2018-04-19 19:13:04.449', '2018-04-19 19:13:04.449'),
('3','2','发货','40', '2018-04-19 19:13:04.449', '2018-04-19 19:13:04.449'),
('4','3','装箱','40', '2018-04-19 19:13:04.449', '2018-04-19 19:13:04.449'),
('5','3','发货','40', '2018-04-19 19:13:04.449', '2018-04-19 19:13:04.449'),
('6','3','收箱','23', '2018-04-19 19:13:04.449', '2018-04-19 19:13:04.449'),
('7','4','装箱','40', '2018-04-19 19:13:04.449', '2018-04-19 19:13:04.449'),
('8','4','发货','40', '2018-04-19 19:13:04.449', '2018-04-19 19:13:04.449'),
('9','4','收箱','24', '2018-04-19 19:13:04.449', '2018-04-19 19:13:04.449'),
('10','4','收货','39', '2018-04-19 19:13:04.449', '2018-04-19 19:13:04.449'),
('11','5','装箱','40', '2018-04-19 19:13:04.449', '2018-04-19 19:13:04.449'),
('12','6','装箱','40', '2018-04-19 19:13:04.449', '2018-04-19 19:13:04.449'),
('13','5','发货','40', '2018-04-19 19:13:04.449', '2018-04-19 19:13:04.449'),
('14','6','发货','40', '2018-04-19 19:13:04.449', '2018-04-19 19:13:04.449'),
('15','5','收箱','25', '2018-04-19 19:13:04.449', '2018-04-19 19:13:04.449'),
('16','6','收箱','25', '2018-04-19 19:13:04.449', '2018-04-19 19:13:04.449'),
('17','5','收货','39', '2018-04-19 19:13:04.449', '2018-04-19 19:13:04.449'),
('18','6','收货','39', '2018-04-19 19:13:04.449', '2018-04-19 19:13:04.449'),
('19','5','反馈','39', '2018-04-19 19:13:04.449', '2018-04-19 19:13:04.449'),
('20','6','反馈','39', '2018-04-19 19:13:04.449', '2018-04-19 19:13:04.449'),
('21','5','反馈图','39', '2018-04-19 19:13:04.449', '2018-04-19 19:13:04.449'),
('22','6','反馈图','39', '2018-04-19 19:13:04.449', '2018-04-19 19:13:04.449'),
('23','7','装箱','40', '2018-04-19 19:13:04.449', '2018-04-19 19:13:04.449'),
('24','7','发货','40', '2018-04-19 19:13:04.449', '2018-04-19 19:13:04.449'),
('25','7','收箱','41', '2018-04-19 19:13:04.449', '2018-04-19 19:13:04.449'),
('26','7','收货','39', '2018-04-19 19:13:04.449', '2018-04-19 19:13:04.449'),
('27','7','反馈','39', '2018-04-19 19:13:04.449', '2018-04-19 19:13:04.449');
