
INSERT INTO User
(Id,username,password,JS, createdAt, updatedAt)
VALUES
('1','admin','$2a$08$VdF981xJwQ/ZlNL4GdSI9eA4uyurJsfubosGGNWGmJyMlGXnBFkvK','系统管理员', '2018-04-19 14:43:48.005', '2018-04-19 14:43:48.005'),
('2','PPJL1','$2a$08$Ua5IZ21DLZwS9GkOVKGzoehNLURc2V1iddFVk6nC4ciING86bsxRq','品牌经理', '2018-04-19 14:43:48.005', '2018-04-19 14:43:48.005'),
('3','PPJL2','$2a$08$W45P5ZXSj2wLUUWUx32O5.guIw4Jm71VAqDQpuFQvRRd.aauueV8S','品牌经理', '2018-04-19 14:43:48.005', '2018-04-19 14:43:48.005'),
('4','PPJL3','$2a$08$q/PrKJ9kvy2uQ0vVa3OHXuBRxc2Dh0Iydclw4kAfuvWvUjhCUDWR.','品牌经理', '2018-04-19 14:43:48.005', '2018-04-19 14:43:48.005'),
('5','PPJL4','$2a$08$cF/EY9hAJRi7GzrT3d5XFOM1CnELX51y6bB0gsuSxSMA6jMDzn8UK','品牌经理', '2018-04-19 14:43:48.005', '2018-04-19 14:43:48.005'),
('6','PPJL5','$2a$08$/5j74/Xv1dsBOXNLDqBKXe5VubRWKYjuU2Npf7eFsv1rnz8yqPSnO','品牌经理', '2018-04-19 14:43:48.005', '2018-04-19 14:43:48.005'),
('7','PPJL6','$2a$08$5hajom7d1LEjaKkE/SpBnuWPf.smq.pmpVbGeVhXZ.S0eqPiplsFy','品牌经理', '2018-04-19 14:43:48.005', '2018-04-19 14:43:48.005'),
('8','KFJL1','$2a$08$6yCun4aU7Lkluj/ZLKN3CufYPWNYrObxPY96wP9XKom8dVOnfo0VS','客服经理', '2018-04-19 14:43:48.005', '2018-04-19 14:43:48.005'),
('9','KFJL2','$2a$08$yW4tPClbNnnH6RftXb8hXe9Hsw4MGhEMZt1tvpjuqCJ.qFGPToab.','客服经理', '2018-04-19 14:43:48.005', '2018-04-19 14:43:48.005'),
('10','KFJL3','$2a$08$hZUZFDxMwNiLyHXtP28vjOURrR/GwxpnPEBIEpwCuz/wY4yFvkk.C','客服经理', '2018-04-19 14:43:48.005', '2018-04-19 14:43:48.005'),
('11','KFJL4','$2a$08$lZh5SEKxZpOcnvFBMtCH.e.3geOQ31dThizZaW3q8NcY2u0.6o5ki','客服经理', '2018-04-19 14:43:48.005', '2018-04-19 14:43:48.005'),
('12','KFJL5','$2a$08$mO4r9/R8KdQ407nM3NXYqeLjL9x6SWxVQd217/7CKdlObJT57Q7ye','客服经理', '2018-04-19 14:43:48.005', '2018-04-19 14:43:48.005'),
('13','KFJL6','$2a$08$n578lvgQI1ms8U0J2/Lqa.FaNPcOXnCPtxNb29gL2pEBtrAWO2V.C','客服经理', '2018-04-19 14:43:48.005', '2018-04-19 14:43:48.005'),
('14','GZ1','$2a$08$ivk2EtV/GW.vXmFK.yU5u.yVJJym.gQEMJ3SU01py8QOlv6CP9sZu','柜长', '2018-04-19 14:43:48.005', '2018-04-19 14:43:48.005'),
('15','GZ2','$2a$08$DLBpZVmu2fNm53YuhSsnL.Ejj4TItkEPKopENw1GcNvmL0uxOA/JK','柜长', '2018-04-19 14:43:48.005', '2018-04-19 14:43:48.005'),
('16','GZ3','$2a$08$4C12dl45V2JlKx79qA7hFeynNhbPHnhygRveIr3WHFt0IEzO4XmI6','柜长', '2018-04-19 14:43:48.005', '2018-04-19 14:43:48.005'),
('17','GTBA1','$2a$08$Dbv4HPGef1t5N60MlM7dgu5zyZ5fcz2aGyLzcD5X0kIyc4EqM.iva','柜台BA', '2018-04-19 14:43:48.005', '2018-04-19 14:43:48.005'),
('18','GTBA2','$2a$08$C0xUgixcqKOKh.SBETcinOewO2S3yf0K0mR2ANjqSWQz.KUwzvI9W','柜台BA', '2018-04-19 14:43:48.005', '2018-04-19 14:43:48.005'),
('19','GTBA3','$2a$08$fyjWQiZTOsPrRx7vld6adeBkXFjtpVN8zOTTAs6JnOOBT99hxR.2y','柜台BA', '2018-04-19 14:43:48.005', '2018-04-19 14:43:48.005'),
('20','GTBA4','$2a$08$Eidvh2of5EoO51gd7oD5D.pCAr/67JixJ3OUzE0yB.UNqiYjrbuny','柜台BA', '2018-04-19 14:43:48.005', '2018-04-19 14:43:48.005'),
('21','GTBA5','$2a$08$SAH/WLFKpogDzhrMEn4HteS9.3D9jE0aC/wJZyZfEZa4MrKziqd46','柜台BA', '2018-04-19 14:43:48.005', '2018-04-19 14:43:48.005'),
('22','GTBA6','$2a$08$5Dr1rDNYhYQmp0G7an.M0eXykjJAK1cJnm8DCT.SDQGDEI.Narfna','柜台BA', '2018-04-19 14:43:48.005', '2018-04-19 14:43:48.005'),
('23','GTBA7','$2a$08$3LoQSpkW5ggDH0waHVGU/.3szIlkVtOuv2q5sZ5YE7xHC19YG7CMu','柜台BA', '2018-04-19 14:43:48.005', '2018-04-19 14:43:48.005'),
('24','GTBA8','$2a$08$WlB0FuixkpS0U3FC.aBGt.Bk4kpCb0lF3vP1aamKBRTh0k0DkAef6','柜台BA', '2018-04-19 14:43:48.005', '2018-04-19 14:43:48.005'),
('25','GTBA9','$2a$08$liPh/5z43EDfXGHY9cREVurZD19UTgfmip8Kns5cG5WXOHoX9prq.','柜台BA', '2018-04-19 14:43:48.005', '2018-04-19 14:43:48.005'),
('26','GYSGLY1','$2a$08$ouOlR9ApUGClIiTBRHaUnOGNiF39tZV4AaxgdNZ9tYXN4HZiNm8jm','供应商管理员', '2018-04-19 14:43:48.005', '2018-04-19 14:43:48.005'),
('27','GYSGLY2','$2a$08$SUtzegC9Hew.wqAr0kZ/ruzb4Ap0TY2KznfoB.M2CKbp76ewEV0ii','供应商管理员', '2018-04-19 14:43:48.005', '2018-04-19 14:43:48.005'),
('28','GYSGLY3','$2a$08$VuCJLiASpzKJW7.IGia9R.2sMATDddjxfDemCSb0AcANo8MLhW95K','供应商管理员', '2018-04-19 14:43:48.005', '2018-04-19 14:43:48.005'),
('29','ZHY1','$2a$08$Nh3wRYEOJMMaCpScNDwoIeBMeH0IjyM7HdnY027BVONkgVDxS.p1C','装货员', '2018-04-19 14:43:48.005', '2018-04-19 14:43:48.005'),
('30','ZHY2','$2a$08$6hH1kV3K8vrgAo73MGSj8uIJIduJ6RcYfun81tIFpg034BtnqJr3W','装货员', '2018-04-19 14:43:48.005', '2018-04-19 14:43:48.005'),
('31','ZHY3','$2a$08$TgyS/je7J1cR6yt2Ynt48OcM5MpvbFeU59/umWvO8uS12xh1iG4RS','装货员', '2018-04-19 14:43:48.005', '2018-04-19 14:43:48.005'),
('32','AZGSGLY1','$2a$08$HjlyRIcbqElRJzdp/mb7I.E97lDAUdoygRdGemdrK4rXrUAlb5a5O','安装公司管理员', '2018-04-19 14:43:48.005', '2018-04-19 14:43:48.005'),
('33','AZGSGLY2','$2a$08$ES2OdQ/FWdC3IdsfaJLRn.Qil6DvSP2dsdl2zyFQz0gBW1DqEAuMS','安装公司管理员', '2018-04-19 14:43:48.005', '2018-04-19 14:43:48.005'),
('34','AZG1','$2a$08$Czaz0iEZ0.9CqyeLvoztGuWzmoO732YMahfLFgj6Eg0LaDp7K.Avq','安装工', '2018-04-19 14:43:48.005', '2018-04-19 14:43:48.005'),
('35','AZG2','$2a$08$nlHxau07NEdd6fFS3CpnQ.8WpqCZGw51tIzRjlJ1J.x4qIpZG.VOS','安装工', '2018-04-19 14:43:48.005', '2018-04-19 14:43:48.005'),
('36','AZG3','$2a$08$ClMNRGInVGDbyY4Ge5R26uwqOLmKXde2U92vCpoiXL4UxF2yp3Ujy','安装工', '2018-04-19 14:43:48.005', '2018-04-19 14:43:48.005'),
('37','AZG4','$2a$08$itoqqRSIp26fdJfKUcqpFuOZ4M/z3vFMViclSx8B1i8FeX5Xvhhpe','安装工', '2018-04-19 14:43:48.005', '2018-04-19 14:43:48.005'),
('38','AZG5','$2a$08$kcnK7txkZVIqCqW0LEuaYOQurLFsjUA7Xmf.w4WP/RmZzCeL8fua.','安装工', '2018-04-19 14:43:48.005', '2018-04-19 14:43:48.005'),
('39','AZG6','$2a$08$fsdL/r6zBdouE6bthz.RYuXRtKqfNZzOLxGTiQ76ASC9yzOmyknYG','安装工', '2018-04-19 14:43:48.005', '2018-04-19 14:43:48.005'),
('40','ZHY4','$2a$08$oiAzlkERxaAc4FG649/JROedFXhaIA3gifllE1BZ52EeHsqX1eT1.','装货员', '2018-04-19 14:43:48.005', '2018-04-19 14:43:48.005'),
('41','GTBA10','$2a$08$kem7VkDc7YMcUk4KX0Ej/.4/fAIF8/Zpx20BgxiY2sxnfyTO8utSa','柜台BA', '2018-04-19 14:43:48.005', '2018-04-19 14:43:48.005'),
('42','GZ4','$2a$08$zFuxEQVUloYmBuAYEJMnW.hOEYfNNLnBxAxX7leSJWz9Nyerwg9V2','柜长', '2018-04-19 14:43:48.005', '2018-04-19 14:43:48.005'),
('43','GTBA11','$2a$08$YPx1vit.stXxmcnR8YqNle.ZMaszsxDa347dcjLaH7qtMa0inpKvm','柜台BA', '2018-04-19 14:43:48.005', '2018-04-19 14:43:48.005'),
('44','GYSGLY6','$2a$08$stSxO/FVshwIpFAA/kjBRO/NnQ6RcQ8lHRBfv75zJBtuPFeOM9D2O','供应商管理员', '2018-04-19 14:43:48.005', '2018-04-19 14:43:48.005'),
('45','AZGSGLY5','$2a$08$zBWkRhi.uQicieU/DlMiCutvobYP3DcI5njihQRRGcFmiqipQJg0O','安装公司管理员', '2018-04-19 14:43:48.005', '2018-04-19 14:43:48.005');

INSERT INTO PP
(id,name, createdAt, updatedAt)
VALUES
('1','PP1', '2018-04-19 14:43:48.005', '2018-04-19 14:43:48.005'),
('2','PP2', '2018-04-19 14:43:48.005', '2018-04-19 14:43:48.005'),
('3','PP3', '2018-04-19 14:43:48.005', '2018-04-19 14:43:48.005'),
('4','PP4', '2018-04-19 14:43:48.005', '2018-04-19 14:43:48.005'),
('5','PP5', '2018-04-19 14:43:48.005', '2018-04-19 14:43:48.005'),
('6','PP6', '2018-04-19 14:43:48.005', '2018-04-19 14:43:48.005'),
('7','PP7', '2018-04-19 14:43:48.005', '2018-04-19 14:43:48.005');

INSERT INTO PPJL_PP
(UserId,PPId, createdAt, updatedAt)
VALUES
('2','1', '2018-04-19 14:43:48.005', '2018-04-19 14:43:48.005'),
('3','2', '2018-04-19 14:43:48.005', '2018-04-19 14:43:48.005'),
('5','4', '2018-04-19 14:43:48.005', '2018-04-19 14:43:48.005'),
('6','5', '2018-04-19 14:43:48.005', '2018-04-19 14:43:48.005'),
('7','6', '2018-04-19 14:43:48.005', '2018-04-19 14:43:48.005');

INSERT INTO KFJL_PP
(UserId,PPId, createdAt, updatedAt)
VALUES
('8','1', '2018-04-19 14:43:48.005', '2018-04-19 14:43:48.005'),
('9','2', '2018-04-19 14:43:48.005', '2018-04-19 14:43:48.005'),
('11','4', '2018-04-19 14:43:48.005', '2018-04-19 14:43:48.005'),
('12','5', '2018-04-19 14:43:48.005', '2018-04-19 14:43:48.005'),
('13','6', '2018-04-19 14:43:48.005', '2018-04-19 14:43:48.005');

INSERT INTO GZ_PP
(UserId,PPId, createdAt, updatedAt)
VALUES
('14','1', '2018-04-19 14:43:48.005', '2018-04-19 14:43:48.005'),
('15','1', '2018-04-19 14:43:48.005', '2018-04-19 14:43:48.005'),
('16','2', '2018-04-19 14:43:48.005', '2018-04-19 14:43:48.005'),
('42','7', '2018-04-19 14:43:48.005', '2018-04-19 14:43:48.005');

INSERT INTO GT
(id,name,code,PPId,QY,GTBAUserId,GZUserId,CS, createdAt, updatedAt)
VALUES
('1','GT1','1','1','东区','17','14','上海', '2018-04-19 14:43:48.005', '2018-04-19 14:43:48.005'),
('2','GT2','2','1','东区','18','14','上海', '2018-04-19 14:43:48.005', '2018-04-19 14:43:48.005'),
('3','GT3','3','1','北区','19','15','北京', '2018-04-19 14:43:48.005', '2018-04-19 14:43:48.005'),
('4','GT4','4','1','北区','20','15','北京', '2018-04-19 14:43:48.005', '2018-04-19 14:43:48.005'),
('5','GT5','5','2','东区','21','16','广州', '2018-04-19 14:43:48.005', '2018-04-19 14:43:48.005');

INSERT INTO GT
(id,name,code,PPId,QY,GTBAUserId,CS, createdAt, updatedAt)
VALUES
('6','GT6','6','3','东区','22','上海', '2018-04-19 14:43:48.005', '2018-04-19 14:43:48.005'),
('7','GT7','7','4','东区','23','上海', '2018-04-19 14:43:48.005', '2018-04-19 14:43:48.005'),
('8','GT8','8','5','东区','24','上海', '2018-04-19 14:43:48.005', '2018-04-19 14:43:48.005'),
('9','GT9','9','6','东区','25','上海', '2018-04-19 14:43:48.005', '2018-04-19 14:43:48.005'),
('10','GT10','10','7','东区','41','上海', '2018-04-19 14:43:48.005', '2018-04-19 14:43:48.005'),
('11','GT11','11','7','东区','43','上海', '2018-04-19 14:43:48.005', '2018-04-19 14:43:48.005');

INSERT INTO GYS
(id,Name,type, createdAt, updatedAt)
VALUES
('1','GYS1','生产', '2018-04-19 14:43:48.005', '2018-04-19 14:43:48.005'),
('2','GYS2','生产', '2018-04-19 14:43:48.005', '2018-04-19 14:43:48.005'),
('3','GYS3','生产', '2018-04-19 14:43:48.005', '2018-04-19 14:43:48.005'),
('4','GYS4','生产', '2018-04-19 14:43:48.005', '2018-04-19 14:43:48.005'),
('5','GYS5','中转', '2018-04-19 14:43:48.005', '2018-04-19 14:43:48.005'),
('6','GYS6','生产', '2018-04-19 14:43:48.005', '2018-04-19 14:43:48.005');

INSERT INTO GLY_GYS
(UserId,GYSId, createdAt, updatedAt)
VALUES
('26','1', '2018-04-19 14:43:48.005', '2018-04-19 14:43:48.005'),
('27','1', '2018-04-19 14:43:48.005', '2018-04-19 14:43:48.005'),
('28','2', '2018-04-19 14:43:48.005', '2018-04-19 14:43:48.005'),
('44','6', '2018-04-19 14:43:48.005', '2018-04-19 14:43:48.005');

INSERT INTO ZHY_GYS
(UserId,GYSId, createdAt, updatedAt)
VALUES
('29','1', '2018-04-19 14:43:48.005', '2018-04-19 14:43:48.005'),
('30','2', '2018-04-19 14:43:48.005', '2018-04-19 14:43:48.005'),
('31','3', '2018-04-19 14:43:48.005', '2018-04-19 14:43:48.005'),
('40','6', '2018-04-19 14:43:48.005', '2018-04-19 14:43:48.005');

INSERT INTO AZGS
(id,name, createdAt, updatedAt)
VALUES
('1','AZGS1', '2018-04-19 14:43:48.005', '2018-04-19 14:43:48.005'),
('2','AZGS2', '2018-04-19 14:43:48.005', '2018-04-19 14:43:48.005'),
('3','AZGS3', '2018-04-19 14:43:48.005', '2018-04-19 14:43:48.005'),
('4','AZGS4', '2018-04-19 14:43:48.005', '2018-04-19 14:43:48.005'),
('5','AZGS5', '2018-04-19 14:43:48.005', '2018-04-19 14:43:48.005');

INSERT INTO GLY_AZGS
(UserId,AZGSId, createdAt, updatedAt)
VALUES
('32','1', '2018-04-19 14:43:48.005', '2018-04-19 14:43:48.005'),
('33','2', '2018-04-19 14:43:48.005', '2018-04-19 14:43:48.005'),
('45','5', '2018-04-19 14:43:48.005', '2018-04-19 14:43:48.005');

INSERT INTO AZG_AZGS
(UserId,AZGSId, createdAt, updatedAt)
VALUES
('34','1', '2018-04-19 14:43:48.005', '2018-04-19 14:43:48.005'),
('35','1', '2018-04-19 14:43:48.005', '2018-04-19 14:43:48.005'),
('36','2', '2018-04-19 14:43:48.005', '2018-04-19 14:43:48.005'),
('37','3', '2018-04-19 14:43:48.005', '2018-04-19 14:43:48.005'),
('38','4', '2018-04-19 14:43:48.005', '2018-04-19 14:43:48.005'),
('39','5', '2018-04-19 14:43:48.005', '2018-04-19 14:43:48.005');

INSERT INTO DP
(id,name,PPId,GYSId, createdAt, updatedAt)
VALUES
('1','DP1','1','3', '2018-04-19 14:43:48.005', '2018-04-19 14:43:48.005'),
('2','DP2','1','4', '2018-04-19 14:43:48.005', '2018-04-19 14:43:48.005'),
('3','DP3','1','3', '2018-04-19 14:43:48.005', '2018-04-19 14:43:48.005'),
('4','DP4','2','3', '2018-04-19 14:43:48.005', '2018-04-19 14:43:48.005'),
('5','DP5','2','3', '2018-04-19 14:43:48.005', '2018-04-19 14:43:48.005'),
('6','DP6','3','3', '2018-04-19 14:43:48.005', '2018-04-19 14:43:48.005'),
('7','DP7','3','3', '2018-04-19 14:43:48.005', '2018-04-19 14:43:48.005'),
('8','DP8','4','6', '2018-04-19 14:43:48.005', '2018-04-19 14:43:48.005'),
('9','DP9','4','6', '2018-04-19 14:43:48.005', '2018-04-19 14:43:48.005'),
('10','DP10','5','6', '2018-04-19 14:43:48.005', '2018-04-19 14:43:48.005'),
('11','DP11','5','6', '2018-04-19 14:43:48.005', '2018-04-19 14:43:48.005'),
('12','DP12','6','6', '2018-04-19 14:43:48.005', '2018-04-19 14:43:48.005'),
('13','DP13','6','6', '2018-04-19 14:43:48.005', '2018-04-19 14:43:48.005'),
('14','DP14','7','6', '2018-04-19 14:43:48.005', '2018-04-19 14:43:48.005');

INSERT INTO DW
(id,name,GTId,DPId, createdAt, updatedAt)
VALUES
('1','DW1','1','1', '2018-04-19 14:43:48.005', '2018-04-19 14:43:48.005'),
('2','DW2','1','2', '2018-04-19 14:43:48.005', '2018-04-19 14:43:48.005'),
('3','DW3','1','2', '2018-04-19 14:43:48.005', '2018-04-19 14:43:48.005'),
('4','DW1','2','1', '2018-04-19 14:43:48.005', '2018-04-19 14:43:48.005'),
('5','DW2','2','2', '2018-04-19 14:43:48.005', '2018-04-19 14:43:48.005'),
('6','DW4','2','3', '2018-04-19 14:43:48.005', '2018-04-19 14:43:48.005'),
('9','DW1','6','6', '2018-04-19 14:43:48.005', '2018-04-19 14:43:48.005'),
('10','DW2','6','7', '2018-04-19 14:43:48.005', '2018-04-19 14:43:48.005'),
('11','DW1','7','8', '2018-04-19 14:43:48.005', '2018-04-19 14:43:48.005'),
('12','DW2','7','9', '2018-04-19 14:43:48.005', '2018-04-19 14:43:48.005'),
('13','DW1','8','10', '2018-04-19 14:43:48.005', '2018-04-19 14:43:48.005'),
('14','DW2','8','11', '2018-04-19 14:43:48.005', '2018-04-19 14:43:48.005'),
('15','DW1','9','12', '2018-04-19 14:43:48.005', '2018-04-19 14:43:48.005'),
('16','DW2','9','13', '2018-04-19 14:43:48.005', '2018-04-19 14:43:48.005'),
('17','DW1','10','14', '2018-04-19 14:43:48.005', '2018-04-19 14:43:48.005'),
('20','DW3','5','4', '2018-04-19 14:43:48.005', '2018-04-19 14:43:48.005'),
('21','DW4','5','5', '2018-04-19 14:43:48.005', '2018-04-19 14:43:48.005'),
('22','DW3','7','8', '2018-04-19 14:43:48.005', '2018-04-19 14:43:48.005');

INSERT INTO DW
(id,name,GTId, createdAt, updatedAt)
VALUES
('7','DW1','5', '2018-04-19 14:43:48.005', '2018-04-19 14:43:48.005'),
('8','DW2','5', '2018-04-19 14:43:48.005', '2018-04-19 14:43:48.005'),
('18','DW2','10', '2018-04-19 14:43:48.005', '2018-04-19 14:43:48.005'),
('19','DW1','11', '2018-04-19 14:43:48.005', '2018-04-19 14:43:48.005');

INSERT INTO FG
(id,name,PPId,note, createdAt, updatedAt)
VALUES
('1','FG1','1','NoteFG1', '2018-04-19 14:43:48.005', '2018-04-19 14:43:48.005'),
('2','FG2','1','NoteFG2', '2018-04-19 14:43:48.005', '2018-04-19 14:43:48.005'),
('3','FG3','1','NoteFG3', '2018-04-19 14:43:48.005', '2018-04-19 14:43:48.005');

INSERT INTO Tester
(id,name,PPId, createdAt, updatedAt)
VALUES
('1','Tester1','1', '2018-04-19 14:43:48.005', '2018-04-19 14:43:48.005'),
('2','Tester2','1', '2018-04-19 14:43:48.005', '2018-04-19 14:43:48.005'),
('3','Tester3','1', '2018-04-19 14:43:48.005', '2018-04-19 14:43:48.005');

INSERT INTO FG_Tester
(id,FGId,TesterId,PPId, createdAt, updatedAt)
VALUES
('1','1','1','1', '2018-04-19 14:43:48.005', '2018-04-19 14:43:48.005'),
('2','2','2','1', '2018-04-19 14:43:48.005', '2018-04-19 14:43:48.005'),
('3','2','3','1', '2018-04-19 14:43:48.005', '2018-04-19 14:43:48.005'),
('4','3','1','1', '2018-04-19 14:43:48.005', '2018-04-19 14:43:48.005');

INSERT INTO WL
(id,name,code,level,PPId,GYSId,imageUrl, createdAt, updatedAt)
VALUES
('1','WL3_1','1_3_1','3','1','1','UrlWL3_1', '2018-04-19 14:43:48.005', '2018-04-19 14:43:48.005'),
('2','WL3_2','1_3_2','3','1','1','UrlWL3_2', '2018-04-19 14:43:48.005', '2018-04-19 14:43:48.005'),
('3','WL3_3','1_3_3','3','1','2','UrlWL3_3', '2018-04-19 14:43:48.005', '2018-04-19 14:43:48.005'),
('4','WL3_4','1_3_4','3','1','2','UrlWL3_4', '2018-04-19 14:43:48.005', '2018-04-19 14:43:48.005'),
('5','WL2_1','1_2_1','2','1','1','UrlWL2_1', '2018-04-19 14:43:48.005', '2018-04-19 14:43:48.005'),
('6','WL2_2','1_2_2','2','1','1','UrlWL2_2', '2018-04-19 14:43:48.005', '2018-04-19 14:43:48.005'),
('7','WL2_3','1_2_3','2','1','1','UrlWL2_3', '2018-04-19 14:43:48.005', '2018-04-19 14:43:48.005'),
('8','WL2_4','1_2_4','2','1','2','UrlWL2_4', '2018-04-19 14:43:48.005', '2018-04-19 14:43:48.005'),
('9','WL2_5','1_2_5','2','1','2','UrlWL2_5', '2018-04-19 14:43:48.005', '2018-04-19 14:43:48.005'),
('10','WL2_6','1_2_6','2','1','2','UrlWL2_6', '2018-04-19 14:43:48.005', '2018-04-19 14:43:48.005'),
('11','WL1_1','1_1_1','1','1','1','UrlWL1_1', '2018-04-19 14:43:48.005', '2018-04-19 14:43:48.005'),
('12','WL1_2','1_1_2','1','1','1','UrlWL1_2', '2018-04-19 14:43:48.005', '2018-04-19 14:43:48.005'),
('13','WL1_3','1_1_3','1','1','1','UrlWL1_3', '2018-04-19 14:43:48.005', '2018-04-19 14:43:48.005'),
('14','WL1_4','1_1_4','1','1','2','UrlWL1_4', '2018-04-19 14:43:48.005', '2018-04-19 14:43:48.005'),
('15','WL1_5','1_1_5','1','1','2','UrlWL1_5', '2018-04-19 14:43:48.005', '2018-04-19 14:43:48.005'),
('16','WL1_6','1_1_6','1','1','2','UrlWL1_6', '2018-04-19 14:43:48.005', '2018-04-19 14:43:48.005'),
('17','WL3_1','2_3_1','3','2','1','UrlWL3_1', '2018-04-19 14:43:48.005', '2018-04-19 14:43:48.005'),
('18','WL2_1','2_2_1','2','2','1','UrlWL2_1', '2018-04-19 14:43:48.005', '2018-04-19 14:43:48.005'),
('19','WL1_1','2_1_1','1','2','1','UrlWL1_1', '2018-04-19 14:43:48.005', '2018-04-19 14:43:48.005'),
('20','WL3_1','3_3_1','3','3','6','UrlWL3_1', '2018-04-19 14:43:48.005', '2018-04-19 14:43:48.005'),
('21','WL2_1','3_2_1','2','3','6','UrlWL2_1', '2018-04-19 14:43:48.005', '2018-04-19 14:43:48.005'),
('22','WL1_1','3_1_1','1','3','6','UrlWL1_1', '2018-04-19 14:43:48.005', '2018-04-19 14:43:48.005'),
('23','WL3_1','4_3_1','3','4','6','UrlWL3_1', '2018-04-19 14:43:48.005', '2018-04-19 14:43:48.005'),
('24','WL2_1','4_2_1','2','4','6','UrlWL2_1', '2018-04-19 14:43:48.005', '2018-04-19 14:43:48.005'),
('25','WL1_1','4_1_1','1','4','6','UrlWL1_1', '2018-04-19 14:43:48.005', '2018-04-19 14:43:48.005'),
('26','WL3_1','5_3_1','3','5','6','UrlWL3_1', '2018-04-19 14:43:48.005', '2018-04-19 14:43:48.005'),
('27','WL2_1','5_2_1','2','5','6','UrlWL2_1', '2018-04-19 14:43:48.005', '2018-04-19 14:43:48.005'),
('28','WL1_1','5_1_1','1','5','6','UrlWL1_1', '2018-04-19 14:43:48.005', '2018-04-19 14:43:48.005'),
('29','WL3_1','6_3_1','3','6','6','UrlWL3_1', '2018-04-19 14:43:48.005', '2018-04-19 14:43:48.005'),
('30','WL2_1','6_2_1','2','6','6','UrlWL2_1', '2018-04-19 14:43:48.005', '2018-04-19 14:43:48.005'),
('31','WL1_1','6_1_1','1','6','6','UrlWL1_1', '2018-04-19 14:43:48.005', '2018-04-19 14:43:48.005'),
('32','WL1_1','7_1_1','1','7','6','UrlWL1_1', '2018-04-19 14:43:48.005', '2018-04-19 14:43:48.005');

INSERT INTO EJZH
(id,name,WLId,PPId,imageUrl, createdAt, updatedAt)
VALUES
('1','EJZH1','5','1','imageUrlEJZH1', '2018-04-19 14:43:48.005', '2018-04-19 14:43:48.005'),
('2','EJZH2','6','1','imageUrlEJZH2', '2018-04-19 14:43:48.005', '2018-04-19 14:43:48.005'),
('3','EJZH3','7','1','imageUrlEJZH3', '2018-04-19 14:43:48.005', '2018-04-19 14:43:48.005'),
('4','EJZH4','8','1','imageUrlEJZH4', '2018-04-19 14:43:48.005', '2018-04-19 14:43:48.005'),
('5','EJZH5','9','1','imageUrlEJZH5', '2018-04-19 14:43:48.005', '2018-04-19 14:43:48.005'),
('6','EJZH6','10','1','imageUrlEJZH6', '2018-04-19 14:43:48.005', '2018-04-19 14:43:48.005'),
('7','EJZH7','18','2','imageUrlEJZH7', '2018-04-19 14:43:48.005', '2018-04-19 14:43:48.005'),
('8','EJZH8','21','3','imageUrlEJZH8', '2018-04-19 14:43:48.005', '2018-04-19 14:43:48.005'),
('9','EJZH9','24','4','imageUrlEJZH9', '2018-04-19 14:43:48.005', '2018-04-19 14:43:48.005'),
('10','EJZH10','27','5','imageUrlEJZH10', '2018-04-19 14:43:48.005', '2018-04-19 14:43:48.005'),
('11','EJZH11','30','6','imageUrlEJZH11', '2018-04-19 14:43:48.005', '2018-04-19 14:43:48.005');

INSERT INTO EJZH_FGTester
(EJZHId,FGTesterId,number, createdAt, updatedAt)
VALUES
('1','1','2', '2018-04-19 14:43:48.005', '2018-04-19 14:43:48.005'),
('2','2','2', '2018-04-19 14:43:48.005', '2018-04-19 14:43:48.005'),
('2','3','2', '2018-04-19 14:43:48.005', '2018-04-19 14:43:48.005'),
('3','1','2', '2018-04-19 14:43:48.005', '2018-04-19 14:43:48.005');

INSERT INTO EJZH_SJWL
(EJZHId,WLId,number, createdAt, updatedAt)
VALUES
('2','1','2', '2018-04-19 14:43:48.005', '2018-04-19 14:43:48.005'),
('3','2','2', '2018-04-19 14:43:48.005', '2018-04-19 14:43:48.005'),
('3','3','2', '2018-04-19 14:43:48.005', '2018-04-19 14:43:48.005'),
('4','1','2', '2018-04-19 14:43:48.005', '2018-04-19 14:43:48.005'),
('5','4','2', '2018-04-19 14:43:48.005', '2018-04-19 14:43:48.005'),
('7','17','2', '2018-04-19 14:43:48.005', '2018-04-19 14:43:48.005'),
('8','20','2', '2018-04-19 14:43:48.005', '2018-04-19 14:43:48.005'),
('9','23','2', '2018-04-19 14:43:48.005', '2018-04-19 14:43:48.005'),
('10','26','2', '2018-04-19 14:43:48.005', '2018-04-19 14:43:48.005'),
('11','29','2', '2018-04-19 14:43:48.005', '2018-04-19 14:43:48.005');

INSERT INTO YJZH
(id,name,WLId,PPId,imageUrl, createdAt, updatedAt)
VALUES
('1','YJZH1','11','1','imageUrlYJZH1', '2018-04-19 14:43:48.005', '2018-04-19 14:43:48.005'),
('2','YJZH2','12','1','imageUrlYJZH2', '2018-04-19 14:43:48.005', '2018-04-19 14:43:48.005'),
('3','YJZH3','13','1','imageUrlYJZH3', '2018-04-19 14:43:48.005', '2018-04-19 14:43:48.005'),
('4','YJZH4','14','1','imageUrlYJZH4', '2018-04-19 14:43:48.005', '2018-04-19 14:43:48.005'),
('5','YJZH5','15','1','imageUrlYJZH5', '2018-04-19 14:43:48.005', '2018-04-19 14:43:48.005'),
('6','YJZH6','16','1','imageUrlYJZH6', '2018-04-19 14:43:48.005', '2018-04-19 14:43:48.005'),
('7','YJZH7','19','2','imageUrlYJZH7', '2018-04-19 14:43:48.005', '2018-04-19 14:43:48.005'),
('8','YJZH8','22','3','imageUrlYJZH8', '2018-04-19 14:43:48.005', '2018-04-19 14:43:48.005'),
('9','YJZH9','25','4','imageUrlYJZH9', '2018-04-19 14:43:48.005', '2018-04-19 14:43:48.005'),
('10','YJZH10','28','5','imageUrlYJZH10', '2018-04-19 14:43:48.005', '2018-04-19 14:43:48.005'),
('11','YJZH11','31','6','imageUrlYJZH11', '2018-04-19 14:43:48.005', '2018-04-19 14:43:48.005'),
('12','YJZH12','32','7','imageUrlYJZH12', '2018-04-19 14:43:48.005', '2018-04-19 14:43:48.005');

INSERT INTO YJZH_EJZH
(YJZHId,EJZHId,number, createdAt, updatedAt)
VALUES
('1','1','2', '2018-04-19 14:43:48.005', '2018-04-19 14:43:48.005'),
('2','2','2', '2018-04-19 14:43:48.005', '2018-04-19 14:43:48.005'),
('2','3','2', '2018-04-19 14:43:48.005', '2018-04-19 14:43:48.005'),
('3','1','2', '2018-04-19 14:43:48.005', '2018-04-19 14:43:48.005'),
('4','4','2', '2018-04-19 14:43:48.005', '2018-04-19 14:43:48.005'),
('5','6','2', '2018-04-19 14:43:48.005', '2018-04-19 14:43:48.005'),
('7','7','2', '2018-04-19 14:43:48.005', '2018-04-19 14:43:48.005'),
('8','8','2', '2018-04-19 14:43:48.005', '2018-04-19 14:43:48.005'),
('9','9','2', '2018-04-19 14:43:48.005', '2018-04-19 14:43:48.005'),
('10','10','2', '2018-04-19 14:43:48.005', '2018-04-19 14:43:48.005'),
('11','11','2', '2018-04-19 14:43:48.005', '2018-04-19 14:43:48.005');

INSERT INTO GT_YJZH
(GTId,YJZHId,number, createdAt, updatedAt)
VALUES
('1','1','2', '2018-04-19 14:43:48.005', '2018-04-19 14:43:48.005'),
('2','2','2', '2018-04-19 14:43:48.005', '2018-04-19 14:43:48.005'),
('2','3','2', '2018-04-19 14:43:48.005', '2018-04-19 14:43:48.005'),
('3','1','2', '2018-04-19 14:43:48.005', '2018-04-19 14:43:48.005'),
('4','4','2', '2018-04-19 14:43:48.005', '2018-04-19 14:43:48.005'),
('4','5','2', '2018-04-19 14:43:48.005', '2018-04-19 14:43:48.005'),
('4','6','2', '2018-04-19 14:43:48.005', '2018-04-19 14:43:48.005'),
('5','7','2', '2018-04-19 14:43:48.005', '2018-04-19 14:43:48.005'),
('6','8','2', '2018-04-19 14:43:48.005', '2018-04-19 14:43:48.005'),
('7','9','2', '2018-04-19 14:43:48.005', '2018-04-19 14:43:48.005'),
('8','10','2', '2018-04-19 14:43:48.005', '2018-04-19 14:43:48.005'),
('9','11','2', '2018-04-19 14:43:48.005', '2018-04-19 14:43:48.005'),
('10','12','2', '2018-04-19 14:43:48.005', '2018-04-19 14:43:48.005');

INSERT INTO YJZHXGT
(id,imageUrl,YJZHId, createdAt, updatedAt)
VALUES
('1','YJZH1Url1','1', '2018-04-19 14:43:48.005', '2018-04-19 14:43:48.005'),
('2','YJZH2Url1','2', '2018-04-19 14:43:48.005', '2018-04-19 14:43:48.005'),
('3','YJZH2Url2','2', '2018-04-19 14:43:48.005', '2018-04-19 14:43:48.005'),
('4','YJZH4Url1','4', '2018-04-19 14:43:48.005', '2018-04-19 14:43:48.005'),
('5','YJZH5Url1','5', '2018-04-19 14:43:48.005', '2018-04-19 14:43:48.005'),
('6','YJZH5Url2','5', '2018-04-19 14:43:48.005', '2018-04-19 14:43:48.005');

INSERT INTO EJZHXGT
(id,imageUrl,EJZHId, createdAt, updatedAt)
VALUES
('1','EJZH1Url1','1', '2018-04-19 14:43:48.005', '2018-04-19 14:43:48.005'),
('2','EJZH2Url1','2', '2018-04-19 14:43:48.005', '2018-04-19 14:43:48.005'),
('3','EJZH2Url2','2', '2018-04-19 14:43:48.005', '2018-04-19 14:43:48.005'),
('4','EJZH4Url1','4', '2018-04-19 14:43:48.005', '2018-04-19 14:43:48.005'),
('5','EJZH5Url1','5', '2018-04-19 14:43:48.005', '2018-04-19 14:43:48.005'),
('6','EJZH5Url2','5', '2018-04-19 14:43:48.005', '2018-04-19 14:43:48.005');

INSERT INTO DD
(id,name,status,PPId, createdAt, updatedAt)
VALUES
('1','DD_PP2','待审批','2', '2018-04-19 14:43:48.005', '2018-04-19 14:43:48.005'),
('2','DD_PP3','待审批','3', '2018-04-19 14:43:48.005', '2018-04-19 14:43:48.005'),
('3','DD_PP4','已审批','4', '2018-04-19 14:43:48.005', '2018-04-19 14:43:48.005'),
('4','DD_PP5','已审批','5', '2018-04-19 14:43:48.005', '2018-04-19 14:43:48.005'),
('5','DD_PP6','已审批','6', '2018-04-19 14:43:48.005', '2018-04-19 14:43:48.005'),
('6','DD_PP7','已审批','7', '2018-04-19 14:43:48.005', '2018-04-19 14:43:48.005');

INSERT INTO DD_GT_WL
(id,DDId,GTId,WLId,number,GYSId, createdAt, updatedAt)
VALUES
('1','1','5','17','8','1', '2018-04-19 14:43:48.005', '2018-04-19 14:43:48.005'),
('2','1','5','18','4','1', '2018-04-19 14:43:48.005', '2018-04-19 14:43:48.005'),
('3','1','5','19','2','1', '2018-04-19 14:43:48.005', '2018-04-19 14:43:48.005'),
('4','2','6','20','8','6', '2018-04-19 14:43:48.005', '2018-04-19 14:43:48.005'),
('5','2','6','21','4','6', '2018-04-19 14:43:48.005', '2018-04-19 14:43:48.005'),
('6','2','6','22','2','6', '2018-04-19 14:43:48.005', '2018-04-19 14:43:48.005');

INSERT INTO DD_GT_WLSnapshot
(id,DDId,GTId,WLId,number, createdAt, updatedAt)
VALUES
('1','1','5','17','8', '2018-04-19 14:43:48.005', '2018-04-19 14:43:48.005'),
('2','1','5','18','4', '2018-04-19 14:43:48.005', '2018-04-19 14:43:48.005'),
('3','1','5','19','2', '2018-04-19 14:43:48.005', '2018-04-19 14:43:48.005'),
('4','2','6','20','8', '2018-04-19 14:43:48.005', '2018-04-19 14:43:48.005'),
('5','2','6','21','4', '2018-04-19 14:43:48.005', '2018-04-19 14:43:48.005'),
('6','2','6','22','2', '2018-04-19 14:43:48.005', '2018-04-19 14:43:48.005'),
('7','3','7','23','8', '2018-04-19 14:43:48.005', '2018-04-19 14:43:48.005'),
('8','3','7','24','4', '2018-04-19 14:43:48.005', '2018-04-19 14:43:48.005'),
('9','3','7','25','2', '2018-04-19 14:43:48.005', '2018-04-19 14:43:48.005'),
('10','4','8','26','8', '2018-04-19 14:43:48.005', '2018-04-19 14:43:48.005'),
('11','4','8','27','4', '2018-04-19 14:43:48.005', '2018-04-19 14:43:48.005'),
('12','4','8','28','2', '2018-04-19 14:43:48.005', '2018-04-19 14:43:48.005'),
('13','5','9','29','8', '2018-04-19 14:43:48.005', '2018-04-19 14:43:48.005'),
('14','5','9','30','4', '2018-04-19 14:43:48.005', '2018-04-19 14:43:48.005'),
('15','5','9','31','2', '2018-04-19 14:43:48.005', '2018-04-19 14:43:48.005'),
('16','6','10','32','2', '2018-04-19 14:43:48.005', '2018-04-19 14:43:48.005');

INSERT INTO DD_GT_WL
(id,DDId,GTId,WLId,number,GYSId,ZXNumber,AZGSId, createdAt, updatedAt)
VALUES
('7','3','7','23','8','6','3','5', '2018-04-19 14:43:48.005', '2018-04-19 14:43:48.005'),
('8','3','7','24','4','6','2','5', '2018-04-19 14:43:48.005', '2018-04-19 14:43:48.005'),
('9','3','7','25','2','6','1','4', '2018-04-19 14:43:48.005', '2018-04-19 14:43:48.005');

INSERT INTO DD_GT_WL
(id,DDId,GTId,WLId,number,GYSId,ZXNumber,AZGSId,AZGUserId,YJRKDate,YJZXDate,YJAZDate, createdAt, updatedAt)
VALUES
('10','4','8','26','8','6','8','5','39','2018-06-01','2018-06-18','2018-06-25', '2018-04-19 14:43:48.005', '2018-04-19 14:43:48.005'),
('11','4','8','27','4','6','4','5','39','2018-06-01','2018-06-18','2018-06-25', '2018-04-19 14:43:48.005', '2018-04-19 14:43:48.005'),
('12','4','8','28','2','6','2','5','39','2018-06-01','2018-06-18','2018-06-25', '2018-04-19 14:43:48.005', '2018-04-19 14:43:48.005'),
('13','5','9','29','8','6','8','5','39','2018-06-01','2018-06-18','2018-06-25', '2018-04-19 14:43:48.005', '2018-04-19 14:43:48.005'),
('14','5','9','30','4','6','4','5','39','2018-06-01','2018-06-18','2018-06-25', '2018-04-19 14:43:48.005', '2018-04-19 14:43:48.005'),
('15','5','9','31','2','6','2','5','39','2018-06-01','2018-06-18','2018-06-25', '2018-04-19 14:43:48.005', '2018-04-19 14:43:48.005'),
('16','6','10','32','2','6','2','5','39','2018-06-01','2018-06-18','2018-06-25', '2018-04-19 14:43:48.005', '2018-04-19 14:43:48.005');

INSERT INTO DD_DW_DP
(id,DDId,DWId,DPId,GYSId, createdAt, updatedAt)
VALUES
('1','1','20','4','3', '2018-04-19 14:43:48.005', '2018-04-19 14:43:48.005'),
('2','1','21','5','3', '2018-04-19 14:43:48.005', '2018-04-19 14:43:48.005'),
('3','2','9','6','6', '2018-04-19 14:43:48.005', '2018-04-19 14:43:48.005'),
('4','2','10','7','6', '2018-04-19 14:43:48.005', '2018-04-19 14:43:48.005');

INSERT INTO DD_DW_DPSnapshot
(id,DDId,DWId,DPId, createdAt, updatedAt)
VALUES
('1','1','20','4', '2018-04-19 14:43:48.005', '2018-04-19 14:43:48.005'),
('2','1','21','5', '2018-04-19 14:43:48.005', '2018-04-19 14:43:48.005'),
('3','2','9','6', '2018-04-19 14:43:48.005', '2018-04-19 14:43:48.005'),
('4','2','10','7', '2018-04-19 14:43:48.005', '2018-04-19 14:43:48.005'),
('5','3','11','8', '2018-04-19 14:43:48.005', '2018-04-19 14:43:48.005'),
('6','3','12','9', '2018-04-19 14:43:48.005', '2018-04-19 14:43:48.005'),
('7','3','22','8', '2018-04-19 14:43:48.005', '2018-04-19 14:43:48.005'),
('8','4','13','10', '2018-04-19 14:43:48.005', '2018-04-19 14:43:48.005'),
('9','4','14','11', '2018-04-19 14:43:48.005', '2018-04-19 14:43:48.005'),
('10','5','15','12', '2018-04-19 14:43:48.005', '2018-04-19 14:43:48.005'),
('11','5','16','13', '2018-04-19 14:43:48.005', '2018-04-19 14:43:48.005'),
('12','6','17','14', '2018-04-19 14:43:48.005', '2018-04-19 14:43:48.005');

INSERT INTO DD_DW_DP
(id,DDId,DWId,DPId,GYSId,ZXNumber,AZGSId, createdAt, updatedAt)
VALUES
('5','3','11','8','6','1','5', '2018-04-19 14:43:48.005', '2018-04-19 14:43:48.005'),
('6','3','12','9','6','0','5', '2018-04-19 14:43:48.005', '2018-04-19 14:43:48.005');

INSERT INTO DD_DW_DP
(id,DDId,DWId,DPId,GYSId,ZXNumber,AZGSId,AZGUserId,YJRKDate,YJZXDate,YJAZDate, createdAt, updatedAt)
VALUES
('7','3','22','8','6','1','5','39','2018-06-01','2018-06-18','2018-06-25', '2018-04-19 14:43:48.005', '2018-04-19 14:43:48.005'),
('8','4','13','10','6','1','5','39','2018-06-01','2018-06-18','2018-06-25', '2018-04-19 14:43:48.005', '2018-04-19 14:43:48.005'),
('9','4','14','11','6','1','5','39','2018-06-01','2018-06-18','2018-06-25', '2018-04-19 14:43:48.005', '2018-04-19 14:43:48.005'),
('10','5','15','12','6','1','5','39','2018-06-01','2018-06-18','2018-06-25', '2018-04-19 14:43:48.005', '2018-04-19 14:43:48.005'),
('11','5','16','13','6','1','5','39','2018-06-01','2018-06-18','2018-06-25', '2018-04-19 14:43:48.005', '2018-04-19 14:43:48.005'),
('12','6','17','14','6','1','5','39','2018-06-01','2018-06-18','2018-06-25', '2018-04-19 14:43:48.005', '2018-04-19 14:43:48.005');

INSERT INTO KDD
(id,code, createdAt, updatedAt)
VALUES
('1','KDD1', '2018-04-19 14:43:48.005', '2018-04-19 14:43:48.005'),
('2','KDD2', '2018-04-19 14:43:48.005', '2018-04-19 14:43:48.005'),
('3','KDD3', '2018-04-19 14:43:48.005', '2018-04-19 14:43:48.005'),
('4','KDD4', '2018-04-19 14:43:48.005', '2018-04-19 14:43:48.005'),
('5','KDD5', '2018-04-19 14:43:48.005', '2018-04-19 14:43:48.005'),
('6','KDD6', '2018-04-19 14:43:48.005', '2018-04-19 14:43:48.005'),
('7','KDD7', '2018-04-19 14:43:48.005', '2018-04-19 14:43:48.005'),
('8','KDD8', '2018-04-19 14:43:48.005', '2018-04-19 14:43:48.005'),
('9','KDD9', '2018-04-19 14:43:48.005', '2018-04-19 14:43:48.005');

INSERT INTO KDX
(id,EWM,GTId,KDDId,status, createdAt, updatedAt)
VALUES
('2','{"type":"KDX","uuid":"KDX2"}','7','1','发货', '2018-04-19 14:43:48.005', '2018-04-19 14:43:48.005'),
('3','{"type":"KDX","uuid":"KDX3"}','8','2','发货', '2018-04-19 14:43:48.005', '2018-04-19 14:43:48.005'),
('4','{"type":"KDX","uuid":"KDX4"}','8','3','收箱', '2018-04-19 14:43:48.005', '2018-04-19 14:43:48.005'),
('5','{"type":"KDX","uuid":"KDX5"}','9','4','收箱', '2018-04-19 14:43:48.005', '2018-04-19 14:43:48.005'),
('6','{"type":"KDX","uuid":"KDX6"}','9','4','收箱', '2018-04-19 14:43:48.005', '2018-04-19 14:43:48.005'),
('8','{"type":"KDX","uuid":"KDX8"}','8','5','发货', '2018-04-19 14:43:48.005', '2018-04-19 14:43:48.005'),
('9','{"type":"KDX","uuid":"KDX9"}','8','6','收箱', '2018-04-19 14:43:48.005', '2018-04-19 14:43:48.005'),
('10','{"type":"KDX","uuid":"KDX10"}','9','7','收箱', '2018-04-19 14:43:48.005', '2018-04-19 14:43:48.005'),
('11','{"type":"KDX","uuid":"KDX11"}','9','7','收箱', '2018-04-19 14:43:48.005', '2018-04-19 14:43:48.005'),
('12','{"type":"KDX","uuid":"KDX12"}','10','8','收箱', '2018-04-19 14:43:48.005', '2018-04-19 14:43:48.005'),
('13','{"type":"KDX","uuid":"KDX13"}','10','9','收箱', '2018-04-19 14:43:48.005', '2018-04-19 14:43:48.005');

INSERT INTO KDX
(id,EWM,GTId,status, createdAt, updatedAt)
VALUES
('1','{"type":"KDX","uuid":"KDX1"}','7','装箱', '2018-04-19 14:43:48.005', '2018-04-19 14:43:48.005'),
('7','{"type":"KDX","uuid":"KDX7"}','7','装箱', '2018-04-19 14:43:48.005', '2018-04-19 14:43:48.005'),
('14','{"type":"KDX","uuid":"KDX14"}','7','装箱', '2018-04-19 14:43:48.005', '2018-04-19 14:43:48.005');

INSERT INTO WYWL
(id,EWM,status,WLId,GYSId,DDGTWLId, createdAt, updatedAt)
VALUES
('1','{"type":"WL","typeId":23,"uuid":"WL23_1"}','入库','23','6','7', '2018-04-19 14:43:48.005', '2018-04-19 14:43:48.005'),
('2','{"type":"WL","typeId":23,"uuid":"WL23_2"}','入库','23','6','7', '2018-04-19 14:43:48.005', '2018-04-19 14:43:48.005');

INSERT INTO WYWL
(id,EWM,status,WLId,GYSId,DDGTWLId,KDXId, createdAt, updatedAt)
VALUES
('3','{"type":"WL","typeId":23,"uuid":"WL23_3"}','装箱','23','6','7','1', '2018-04-19 14:43:48.005', '2018-04-19 14:43:48.005'),
('4','{"type":"WL","typeId":23,"uuid":"WL23_4"}','装箱','23','6','7','1', '2018-04-19 14:43:48.005', '2018-04-19 14:43:48.005'),
('5','{"type":"WL","typeId":23,"uuid":"WL23_5"}','装箱','23','6','7','1', '2018-04-19 14:43:48.005', '2018-04-19 14:43:48.005'),
('6','{"type":"WL","typeId":24,"uuid":"WL24_1"}','装箱','24','6','8','1', '2018-04-19 14:43:48.005', '2018-04-19 14:43:48.005'),
('7','{"type":"WL","typeId":24,"uuid":"WL24_2"}','装箱','24','6','8','1', '2018-04-19 14:43:48.005', '2018-04-19 14:43:48.005'),
('10','{"type":"WL","typeId":25,"uuid":"WL25_1"}','发货','25','6','9','2', '2018-04-19 14:43:48.005', '2018-04-19 14:43:48.005'),
('12','{"type":"WL","typeId":26,"uuid":"WL26_1"}','发货','26','6','10','3', '2018-04-19 14:43:48.005', '2018-04-19 14:43:48.005'),
('13','{"type":"WL","typeId":26,"uuid":"WL26_2"}','发货','26','6','10','3', '2018-04-19 14:43:48.005', '2018-04-19 14:43:48.005'),
('14','{"type":"WL","typeId":26,"uuid":"WL26_3"}','发货','26','6','10','3', '2018-04-19 14:43:48.005', '2018-04-19 14:43:48.005'),
('15','{"type":"WL","typeId":26,"uuid":"WL26_4"}','发货','26','6','10','3', '2018-04-19 14:43:48.005', '2018-04-19 14:43:48.005'),
('16','{"type":"WL","typeId":26,"uuid":"WL26_5"}','发货','26','6','10','3', '2018-04-19 14:43:48.005', '2018-04-19 14:43:48.005'),
('17','{"type":"WL","typeId":26,"uuid":"WL26_6"}','发货','26','6','10','3', '2018-04-19 14:43:48.005', '2018-04-19 14:43:48.005'),
('18','{"type":"WL","typeId":26,"uuid":"WL26_7"}','发货','26','6','10','3', '2018-04-19 14:43:48.005', '2018-04-19 14:43:48.005'),
('19','{"type":"WL","typeId":26,"uuid":"WL26_8"}','发货','26','6','10','3', '2018-04-19 14:43:48.005', '2018-04-19 14:43:48.005'),
('20','{"type":"WL","typeId":27,"uuid":"WL27_1"}','收箱','27','6','11','4', '2018-04-19 14:43:48.005', '2018-04-19 14:43:48.005'),
('21','{"type":"WL","typeId":27,"uuid":"WL27_2"}','收箱','27','6','11','4', '2018-04-19 14:43:48.005', '2018-04-19 14:43:48.005'),
('22','{"type":"WL","typeId":27,"uuid":"WL27_3"}','收箱','27','6','11','4', '2018-04-19 14:43:48.005', '2018-04-19 14:43:48.005'),
('23','{"type":"WL","typeId":27,"uuid":"WL27_4"}','收箱','27','6','11','4', '2018-04-19 14:43:48.005', '2018-04-19 14:43:48.005'),
('24','{"type":"WL","typeId":28,"uuid":"WL28_1"}','收货','28','6','12','4', '2018-04-19 14:43:48.005', '2018-04-19 14:43:48.005'),
('25','{"type":"WL","typeId":28,"uuid":"WL28_2"}','收货','28','6','12','4', '2018-04-19 14:43:48.005', '2018-04-19 14:43:48.005');

INSERT INTO WYWL
(id,EWM,status,WLId,GYSId,DDGTWLId,KDXId,AZFKType,imageUrl, createdAt, updatedAt)
VALUES
('26','{"type":"WL","typeId":29,"uuid":"WL29_1"}','反馈图','29','6','13','5','安装成功','UrlWL29_1', '2018-04-19 14:43:48.005', '2018-04-19 14:43:48.005'),
('27','{"type":"WL","typeId":29,"uuid":"WL29_2"}','反馈图','29','6','13','5','安装成功','UrlWL29_2', '2018-04-19 14:43:48.005', '2018-04-19 14:43:48.005'),
('28','{"type":"WL","typeId":29,"uuid":"WL29_3"}','反馈图','29','6','13','5','安装成功','UrlWL29_3', '2018-04-19 14:43:48.005', '2018-04-19 14:43:48.005'),
('29','{"type":"WL","typeId":29,"uuid":"WL29_4"}','反馈图','29','6','13','5','安装成功','UrlWL29_4', '2018-04-19 14:43:48.005', '2018-04-19 14:43:48.005'),
('30','{"type":"WL","typeId":29,"uuid":"WL29_5"}','反馈图','29','6','13','5','安装成功','UrlWL29_5', '2018-04-19 14:43:48.005', '2018-04-19 14:43:48.005'),
('31','{"type":"WL","typeId":29,"uuid":"WL29_6"}','反馈图','29','6','13','5','安装成功','UrlWL29_6', '2018-04-19 14:43:48.005', '2018-04-19 14:43:48.005'),
('32','{"type":"WL","typeId":29,"uuid":"WL29_7"}','反馈图','29','6','13','5','安装成功','UrlWL29_7', '2018-04-19 14:43:48.005', '2018-04-19 14:43:48.005'),
('33','{"type":"WL","typeId":29,"uuid":"WL29_8"}','反馈图','29','6','13','5','安装成功','UrlWL29_8', '2018-04-19 14:43:48.005', '2018-04-19 14:43:48.005'),
('34','{"type":"WL","typeId":30,"uuid":"WL30_1"}','反馈图','30','6','14','6','安装成功','UrlWL30_1', '2018-04-19 14:43:48.005', '2018-04-19 14:43:48.005'),
('35','{"type":"WL","typeId":30,"uuid":"WL30_2"}','反馈图','30','6','14','6','安装成功','UrlWL30_2', '2018-04-19 14:43:48.005', '2018-04-19 14:43:48.005'),
('36','{"type":"WL","typeId":30,"uuid":"WL30_3"}','反馈图','30','6','14','6','安装成功','UrlWL30_3', '2018-04-19 14:43:48.005', '2018-04-19 14:43:48.005'),
('37','{"type":"WL","typeId":30,"uuid":"WL30_4"}','反馈图','30','6','14','6','安装成功','UrlWL30_4', '2018-04-19 14:43:48.005', '2018-04-19 14:43:48.005'),
('38','{"type":"WL","typeId":31,"uuid":"WL31_1"}','反馈图','31','6','15','6','丢失','UrlWL31_1', '2018-04-19 14:43:48.005', '2018-04-19 14:43:48.005'),
('39','{"type":"WL","typeId":31,"uuid":"WL31_2"}','反馈图','31','6','15','6','丢失','UrlWL31_2', '2018-04-19 14:43:48.005', '2018-04-19 14:43:48.005');

INSERT INTO WYWL
(id,EWM,status,WLId,GYSId,DDGTWLId,KDXId,AZFKType, createdAt, updatedAt)
VALUES
('40','{"type":"WL","typeId":32,"uuid":"WL32_1"}','反馈','32','6','16','12','安装成功', '2018-04-19 14:43:48.005', '2018-04-19 14:43:48.005'),
('41','{"type":"WL","typeId":32,"uuid":"WL32_2"}','反馈','32','6','16','12','安装成功', '2018-04-19 14:43:48.005', '2018-04-19 14:43:48.005');

INSERT INTO DD_GTFX
(DDId,GTId, createdAt, updatedAt)
VALUES
('3','4', '2018-04-19 14:43:48.005', '2018-04-19 14:43:48.005');

INSERT INTO WYWLCZ
(id,WYWLId,status,UserId, createdAt, updatedAt)
VALUES
('1','1','入库','40', '2018-04-19 14:43:48.005', '2018-04-19 14:43:48.005'),
('2','2','入库','40', '2018-04-19 14:43:48.005', '2018-04-19 14:43:48.005'),
('3','3','装箱','40', '2018-04-19 14:43:48.005', '2018-04-19 14:43:48.005'),
('4','4','装箱','40', '2018-04-19 14:43:48.005', '2018-04-19 14:43:48.005'),
('5','5','装箱','40', '2018-04-19 14:43:48.005', '2018-04-19 14:43:48.005'),
('6','6','装箱','40', '2018-04-19 14:43:48.005', '2018-04-19 14:43:48.005'),
('7','7','装箱','40', '2018-04-19 14:43:48.005', '2018-04-19 14:43:48.005'),
('8','10','装箱','40', '2018-04-19 14:43:48.005', '2018-04-19 14:43:48.005'),
('9','10','发货','40', '2018-04-19 14:43:48.005', '2018-04-19 14:43:48.005'),
('10','12','装箱','40', '2018-04-19 14:43:48.005', '2018-04-19 14:43:48.005'),
('11','13','装箱','40', '2018-04-19 14:43:48.005', '2018-04-19 14:43:48.005'),
('12','14','装箱','40', '2018-04-19 14:43:48.005', '2018-04-19 14:43:48.005'),
('13','15','装箱','40', '2018-04-19 14:43:48.005', '2018-04-19 14:43:48.005'),
('14','16','装箱','40', '2018-04-19 14:43:48.005', '2018-04-19 14:43:48.005'),
('15','17','装箱','40', '2018-04-19 14:43:48.005', '2018-04-19 14:43:48.005'),
('16','18','装箱','40', '2018-04-19 14:43:48.005', '2018-04-19 14:43:48.005'),
('17','19','装箱','40', '2018-04-19 14:43:48.005', '2018-04-19 14:43:48.005'),
('18','12','发货','40', '2018-04-19 14:43:48.005', '2018-04-19 14:43:48.005'),
('19','13','发货','40', '2018-04-19 14:43:48.005', '2018-04-19 14:43:48.005'),
('20','14','发货','40', '2018-04-19 14:43:48.005', '2018-04-19 14:43:48.005'),
('21','15','发货','40', '2018-04-19 14:43:48.005', '2018-04-19 14:43:48.005'),
('22','16','发货','40', '2018-04-19 14:43:48.005', '2018-04-19 14:43:48.005'),
('23','17','发货','40', '2018-04-19 14:43:48.005', '2018-04-19 14:43:48.005'),
('24','18','发货','40', '2018-04-19 14:43:48.005', '2018-04-19 14:43:48.005'),
('25','19','发货','40', '2018-04-19 14:43:48.005', '2018-04-19 14:43:48.005'),
('26','20','装箱','40', '2018-04-19 14:43:48.005', '2018-04-19 14:43:48.005'),
('27','21','装箱','40', '2018-04-19 14:43:48.005', '2018-04-19 14:43:48.005'),
('28','22','装箱','40', '2018-04-19 14:43:48.005', '2018-04-19 14:43:48.005'),
('29','23','装箱','40', '2018-04-19 14:43:48.005', '2018-04-19 14:43:48.005'),
('30','20','发货','40', '2018-04-19 14:43:48.005', '2018-04-19 14:43:48.005'),
('31','21','发货','40', '2018-04-19 14:43:48.005', '2018-04-19 14:43:48.005'),
('32','22','发货','40', '2018-04-19 14:43:48.005', '2018-04-19 14:43:48.005'),
('33','23','发货','40', '2018-04-19 14:43:48.005', '2018-04-19 14:43:48.005'),
('34','20','收箱','24', '2018-04-19 14:43:48.005', '2018-04-19 14:43:48.005'),
('35','21','收箱','24', '2018-04-19 14:43:48.005', '2018-04-19 14:43:48.005'),
('36','22','收箱','24', '2018-04-19 14:43:48.005', '2018-04-19 14:43:48.005'),
('37','23','收箱','24', '2018-04-19 14:43:48.005', '2018-04-19 14:43:48.005'),
('38','24','装箱','40', '2018-04-19 14:43:48.005', '2018-04-19 14:43:48.005'),
('39','25','装箱','40', '2018-04-19 14:43:48.005', '2018-04-19 14:43:48.005'),
('40','24','发货','40', '2018-04-19 14:43:48.005', '2018-04-19 14:43:48.005'),
('41','25','发货','40', '2018-04-19 14:43:48.005', '2018-04-19 14:43:48.005'),
('42','24','收箱','24', '2018-04-19 14:43:48.005', '2018-04-19 14:43:48.005'),
('43','25','收箱','24', '2018-04-19 14:43:48.005', '2018-04-19 14:43:48.005'),
('44','24','收货','39', '2018-04-19 14:43:48.005', '2018-04-19 14:43:48.005'),
('45','25','收货','39', '2018-04-19 14:43:48.005', '2018-04-19 14:43:48.005'),
('46','26','装箱','40', '2018-04-19 14:43:48.005', '2018-04-19 14:43:48.005'),
('47','27','装箱','40', '2018-04-19 14:43:48.005', '2018-04-19 14:43:48.005'),
('48','28','装箱','40', '2018-04-19 14:43:48.005', '2018-04-19 14:43:48.005'),
('49','29','装箱','40', '2018-04-19 14:43:48.005', '2018-04-19 14:43:48.005'),
('50','30','装箱','40', '2018-04-19 14:43:48.005', '2018-04-19 14:43:48.005'),
('51','31','装箱','40', '2018-04-19 14:43:48.005', '2018-04-19 14:43:48.005'),
('52','32','装箱','40', '2018-04-19 14:43:48.005', '2018-04-19 14:43:48.005'),
('53','33','装箱','40', '2018-04-19 14:43:48.005', '2018-04-19 14:43:48.005'),
('54','34','装箱','40', '2018-04-19 14:43:48.005', '2018-04-19 14:43:48.005'),
('55','35','装箱','40', '2018-04-19 14:43:48.005', '2018-04-19 14:43:48.005'),
('56','36','装箱','40', '2018-04-19 14:43:48.005', '2018-04-19 14:43:48.005'),
('57','37','装箱','40', '2018-04-19 14:43:48.005', '2018-04-19 14:43:48.005'),
('58','38','装箱','40', '2018-04-19 14:43:48.005', '2018-04-19 14:43:48.005'),
('59','39','装箱','40', '2018-04-19 14:43:48.005', '2018-04-19 14:43:48.005'),
('60','26','发货','40', '2018-04-19 14:43:48.005', '2018-04-19 14:43:48.005'),
('61','27','发货','40', '2018-04-19 14:43:48.005', '2018-04-19 14:43:48.005'),
('62','28','发货','40', '2018-04-19 14:43:48.005', '2018-04-19 14:43:48.005'),
('63','29','发货','40', '2018-04-19 14:43:48.005', '2018-04-19 14:43:48.005'),
('64','30','发货','40', '2018-04-19 14:43:48.005', '2018-04-19 14:43:48.005'),
('65','31','发货','40', '2018-04-19 14:43:48.005', '2018-04-19 14:43:48.005'),
('66','32','发货','40', '2018-04-19 14:43:48.005', '2018-04-19 14:43:48.005'),
('67','33','发货','40', '2018-04-19 14:43:48.005', '2018-04-19 14:43:48.005'),
('68','34','发货','40', '2018-04-19 14:43:48.005', '2018-04-19 14:43:48.005'),
('69','35','发货','40', '2018-04-19 14:43:48.005', '2018-04-19 14:43:48.005'),
('70','36','发货','40', '2018-04-19 14:43:48.005', '2018-04-19 14:43:48.005'),
('71','37','发货','40', '2018-04-19 14:43:48.005', '2018-04-19 14:43:48.005'),
('72','38','发货','40', '2018-04-19 14:43:48.005', '2018-04-19 14:43:48.005'),
('73','39','发货','40', '2018-04-19 14:43:48.005', '2018-04-19 14:43:48.005'),
('74','26','收箱','25', '2018-04-19 14:43:48.005', '2018-04-19 14:43:48.005'),
('75','27','收箱','25', '2018-04-19 14:43:48.005', '2018-04-19 14:43:48.005'),
('76','28','收箱','25', '2018-04-19 14:43:48.005', '2018-04-19 14:43:48.005'),
('77','29','收箱','25', '2018-04-19 14:43:48.005', '2018-04-19 14:43:48.005'),
('78','30','收箱','25', '2018-04-19 14:43:48.005', '2018-04-19 14:43:48.005'),
('79','31','收箱','25', '2018-04-19 14:43:48.005', '2018-04-19 14:43:48.005'),
('80','32','收箱','25', '2018-04-19 14:43:48.005', '2018-04-19 14:43:48.005'),
('81','33','收箱','25', '2018-04-19 14:43:48.005', '2018-04-19 14:43:48.005'),
('82','34','收箱','25', '2018-04-19 14:43:48.005', '2018-04-19 14:43:48.005'),
('83','35','收箱','25', '2018-04-19 14:43:48.005', '2018-04-19 14:43:48.005'),
('84','36','收箱','25', '2018-04-19 14:43:48.005', '2018-04-19 14:43:48.005'),
('85','37','收箱','25', '2018-04-19 14:43:48.005', '2018-04-19 14:43:48.005'),
('86','38','收箱','25', '2018-04-19 14:43:48.005', '2018-04-19 14:43:48.005'),
('87','39','收箱','25', '2018-04-19 14:43:48.005', '2018-04-19 14:43:48.005'),
('88','26','收货','39', '2018-04-19 14:43:48.005', '2018-04-19 14:43:48.005'),
('89','27','收货','39', '2018-04-19 14:43:48.005', '2018-04-19 14:43:48.005'),
('90','28','收货','39', '2018-04-19 14:43:48.005', '2018-04-19 14:43:48.005'),
('91','29','收货','39', '2018-04-19 14:43:48.005', '2018-04-19 14:43:48.005'),
('92','30','收货','39', '2018-04-19 14:43:48.005', '2018-04-19 14:43:48.005'),
('93','31','收货','39', '2018-04-19 14:43:48.005', '2018-04-19 14:43:48.005'),
('94','32','收货','39', '2018-04-19 14:43:48.005', '2018-04-19 14:43:48.005'),
('95','33','收货','39', '2018-04-19 14:43:48.005', '2018-04-19 14:43:48.005'),
('96','34','收货','39', '2018-04-19 14:43:48.005', '2018-04-19 14:43:48.005'),
('97','35','收货','39', '2018-04-19 14:43:48.005', '2018-04-19 14:43:48.005'),
('98','36','收货','39', '2018-04-19 14:43:48.005', '2018-04-19 14:43:48.005'),
('99','37','收货','39', '2018-04-19 14:43:48.005', '2018-04-19 14:43:48.005'),
('100','38','收货','39', '2018-04-19 14:43:48.005', '2018-04-19 14:43:48.005'),
('101','39','收货','39', '2018-04-19 14:43:48.005', '2018-04-19 14:43:48.005'),
('102','26','反馈','39', '2018-04-19 14:43:48.005', '2018-04-19 14:43:48.005'),
('103','27','反馈','39', '2018-04-19 14:43:48.005', '2018-04-19 14:43:48.005'),
('104','28','反馈','39', '2018-04-19 14:43:48.005', '2018-04-19 14:43:48.005'),
('105','29','反馈','39', '2018-04-19 14:43:48.005', '2018-04-19 14:43:48.005'),
('106','30','反馈','39', '2018-04-19 14:43:48.005', '2018-04-19 14:43:48.005'),
('107','31','反馈','39', '2018-04-19 14:43:48.005', '2018-04-19 14:43:48.005'),
('108','32','反馈','39', '2018-04-19 14:43:48.005', '2018-04-19 14:43:48.005'),
('109','33','反馈','39', '2018-04-19 14:43:48.005', '2018-04-19 14:43:48.005'),
('110','34','反馈','39', '2018-04-19 14:43:48.005', '2018-04-19 14:43:48.005'),
('111','35','反馈','39', '2018-04-19 14:43:48.005', '2018-04-19 14:43:48.005'),
('112','36','反馈','39', '2018-04-19 14:43:48.005', '2018-04-19 14:43:48.005'),
('113','37','反馈','39', '2018-04-19 14:43:48.005', '2018-04-19 14:43:48.005'),
('114','38','反馈','39', '2018-04-19 14:43:48.005', '2018-04-19 14:43:48.005'),
('115','39','反馈','39', '2018-04-19 14:43:48.005', '2018-04-19 14:43:48.005'),
('116','26','反馈图','39', '2018-04-19 14:43:48.005', '2018-04-19 14:43:48.005'),
('117','27','反馈图','39', '2018-04-19 14:43:48.005', '2018-04-19 14:43:48.005'),
('118','28','反馈图','39', '2018-04-19 14:43:48.005', '2018-04-19 14:43:48.005'),
('119','29','反馈图','39', '2018-04-19 14:43:48.005', '2018-04-19 14:43:48.005'),
('120','30','反馈图','39', '2018-04-19 14:43:48.005', '2018-04-19 14:43:48.005'),
('121','31','反馈图','39', '2018-04-19 14:43:48.005', '2018-04-19 14:43:48.005'),
('122','32','反馈图','39', '2018-04-19 14:43:48.005', '2018-04-19 14:43:48.005'),
('123','33','反馈图','39', '2018-04-19 14:43:48.005', '2018-04-19 14:43:48.005'),
('124','34','反馈图','39', '2018-04-19 14:43:48.005', '2018-04-19 14:43:48.005'),
('125','35','反馈图','39', '2018-04-19 14:43:48.005', '2018-04-19 14:43:48.005'),
('126','36','反馈图','39', '2018-04-19 14:43:48.005', '2018-04-19 14:43:48.005'),
('127','37','反馈图','39', '2018-04-19 14:43:48.005', '2018-04-19 14:43:48.005'),
('128','38','反馈图','39', '2018-04-19 14:43:48.005', '2018-04-19 14:43:48.005'),
('129','39','反馈图','39', '2018-04-19 14:43:48.005', '2018-04-19 14:43:48.005'),
('130','40','入库','40', '2018-04-19 14:43:48.005', '2018-04-19 14:43:48.005'),
('131','41','入库','40', '2018-04-19 14:43:48.005', '2018-04-19 14:43:48.005'),
('132','40','装箱','40', '2018-04-19 14:43:48.005', '2018-04-19 14:43:48.005'),
('133','41','装箱','40', '2018-04-19 14:43:48.005', '2018-04-19 14:43:48.005'),
('134','40','发货','40', '2018-04-19 14:43:48.005', '2018-04-19 14:43:48.005'),
('135','41','发货','40', '2018-04-19 14:43:48.005', '2018-04-19 14:43:48.005'),
('136','40','收箱','41', '2018-04-19 14:43:48.005', '2018-04-19 14:43:48.005'),
('137','41','收箱','41', '2018-04-19 14:43:48.005', '2018-04-19 14:43:48.005'),
('138','40','收货','39', '2018-04-19 14:43:48.005', '2018-04-19 14:43:48.005'),
('139','41','收货','39', '2018-04-19 14:43:48.005', '2018-04-19 14:43:48.005'),
('140','40','反馈','39', '2018-04-19 14:43:48.005', '2018-04-19 14:43:48.005'),
('141','41','反馈','39', '2018-04-19 14:43:48.005', '2018-04-19 14:43:48.005');

INSERT INTO WYDP
(id,EWM,status,DPId,GYSId,DDDWDPId,KDXId, createdAt, updatedAt)
VALUES
('1','{"type":"DP","typeId":8,"uuid":"DP9"}','装箱','8','6','7','7', '2018-04-19 14:43:48.005', '2018-04-19 14:43:48.005'),
('2','{"type":"DP","typeId":8,"uuid":"DP8"}','发货','8','6','5','2', '2018-04-19 14:43:48.005', '2018-04-19 14:43:48.005'),
('3','{"type":"DP","typeId":10,"uuid":"DP10"}','收箱','10','6','7','8', '2018-04-19 14:43:48.005', '2018-04-19 14:43:48.005'),
('4','{"type":"DP","typeId":11,"uuid":"DP11"}','收货','11','6','8','9', '2018-04-19 14:43:48.005', '2018-04-19 14:43:48.005');

INSERT INTO WYDP
(id,EWM,status,DPId,GYSId,DDDWDPId,KDXId,AZFKType,imageUrl, createdAt, updatedAt)
VALUES
('5','{"type":"DP","typeId":12,"uuid":"DP12"}','反馈图','12','6','9','10','安装成功','UrlDP12', '2018-04-19 14:43:48.005', '2018-04-19 14:43:48.005'),
('6','{"type":"DP","typeId":13,"uuid":"DP13"}','反馈图','13','6','10','11','尺寸不对','UrlDP13', '2018-04-19 14:43:48.005', '2018-04-19 14:43:48.005');

INSERT INTO WYDP
(id,EWM,status,DPId,GYSId,DDDWDPId,KDXId,AZFKType, createdAt, updatedAt)
VALUES
('7','{"type":"DP","typeId":14,"uuid":"DP14"}','反馈','14','6','11','13','安装成功', '2018-04-19 14:43:48.005', '2018-04-19 14:43:48.005');

INSERT INTO WYDPCZ
(id,WYDPId,status,UserId, createdAt, updatedAt)
VALUES
('1','1','装箱','40', '2018-04-19 14:43:48.005', '2018-04-19 14:43:48.005'),
('2','2','装箱','40', '2018-04-19 14:43:48.005', '2018-04-19 14:43:48.005'),
('3','2','发货','40', '2018-04-19 14:43:48.005', '2018-04-19 14:43:48.005'),
('4','3','装箱','40', '2018-04-19 14:43:48.005', '2018-04-19 14:43:48.005'),
('5','3','发货','40', '2018-04-19 14:43:48.005', '2018-04-19 14:43:48.005'),
('6','3','收箱','23', '2018-04-19 14:43:48.005', '2018-04-19 14:43:48.005'),
('7','4','装箱','40', '2018-04-19 14:43:48.005', '2018-04-19 14:43:48.005'),
('8','4','发货','40', '2018-04-19 14:43:48.005', '2018-04-19 14:43:48.005'),
('9','4','收箱','24', '2018-04-19 14:43:48.005', '2018-04-19 14:43:48.005'),
('10','4','收货','39', '2018-04-19 14:43:48.005', '2018-04-19 14:43:48.005'),
('11','5','装箱','40', '2018-04-19 14:43:48.005', '2018-04-19 14:43:48.005'),
('12','6','装箱','40', '2018-04-19 14:43:48.005', '2018-04-19 14:43:48.005'),
('13','5','发货','40', '2018-04-19 14:43:48.005', '2018-04-19 14:43:48.005'),
('14','6','发货','40', '2018-04-19 14:43:48.005', '2018-04-19 14:43:48.005'),
('15','5','收箱','25', '2018-04-19 14:43:48.005', '2018-04-19 14:43:48.005'),
('16','6','收箱','25', '2018-04-19 14:43:48.005', '2018-04-19 14:43:48.005'),
('17','5','收货','39', '2018-04-19 14:43:48.005', '2018-04-19 14:43:48.005'),
('18','6','收货','39', '2018-04-19 14:43:48.005', '2018-04-19 14:43:48.005'),
('19','5','反馈','39', '2018-04-19 14:43:48.005', '2018-04-19 14:43:48.005'),
('20','6','反馈','39', '2018-04-19 14:43:48.005', '2018-04-19 14:43:48.005'),
('21','5','反馈图','39', '2018-04-19 14:43:48.005', '2018-04-19 14:43:48.005'),
('22','6','反馈图','39', '2018-04-19 14:43:48.005', '2018-04-19 14:43:48.005'),
('23','7','装箱','40', '2018-04-19 14:43:48.005', '2018-04-19 14:43:48.005'),
('24','7','发货','40', '2018-04-19 14:43:48.005', '2018-04-19 14:43:48.005'),
('25','7','收箱','41', '2018-04-19 14:43:48.005', '2018-04-19 14:43:48.005'),
('26','7','收货','39', '2018-04-19 14:43:48.005', '2018-04-19 14:43:48.005'),
('27','7','反馈','39', '2018-04-19 14:43:48.005', '2018-04-19 14:43:48.005');
