
INSERT INTO User
(Id,username,password,JS, createdAt, updatedAt)
VALUES
('1','admin','$2a$08$ZI09VtoQg71AxZAwuRMO0O4Ko4QfUJi4b4c1OJZX8sYUZ8GaX1Q0u','系统管理员', '2018-04-18 18:29:58.544', '2018-04-18 18:29:58.544'),
('2','PPJL1','$2a$08$nSBIApaSSfLljJ05hw1lAO3H7G/uIY.1dfn.mju7nnEP8wO8H/3OG','品牌经理', '2018-04-18 18:29:58.544', '2018-04-18 18:29:58.544'),
('3','PPJL2','$2a$08$LVxg8l/UKyB1fyMG23DUre4lVStn8.tmxIa9eriHbTE/zSG4yRiuC','品牌经理', '2018-04-18 18:29:58.544', '2018-04-18 18:29:58.544'),
('4','PPJL3','$2a$08$B/xDBovcR5YqL4dmosfD3e7arNJLdFllsBtZv9cDtYgV1ZhiE8Yd.','品牌经理', '2018-04-18 18:29:58.544', '2018-04-18 18:29:58.544'),
('5','PPJL4','$2a$08$PeNtjAXr4OiKdf.255y//.oQeBWSrodfFwopzCMUQOdC67NxBbIXa','品牌经理', '2018-04-18 18:29:58.544', '2018-04-18 18:29:58.544'),
('6','PPJL5','$2a$08$bUMvbCFqf4IqYpDHMeAkBOrcaXzimzG2UP/h6AxXFeYoUWEWYihGS','品牌经理', '2018-04-18 18:29:58.544', '2018-04-18 18:29:58.544'),
('7','PPJL6','$2a$08$.MR3LnErBbOg4hJTtvhF.u.i9pnRIwnOnd4IKQMncdq/WfoXdpWKG','品牌经理', '2018-04-18 18:29:58.544', '2018-04-18 18:29:58.544'),
('8','KFJL1','$2a$08$XNmH9hoNHalmIiz9zAhTEeO6zy5hMQTp220rxZX0LpAHpdimRScUa','客服经理', '2018-04-18 18:29:58.544', '2018-04-18 18:29:58.544'),
('9','KFJL2','$2a$08$7DH5pKAuxLvwIBJZGPIdsuvqNWeDUQNoPUbKIDmrgrnRFYwWqUHRu','客服经理', '2018-04-18 18:29:58.544', '2018-04-18 18:29:58.544'),
('10','KFJL3','$2a$08$o52KzJSoxseVNFH5KPn9oemUDm/7A0RLxjIVqYOCW25yDA48roOWS','客服经理', '2018-04-18 18:29:58.544', '2018-04-18 18:29:58.544'),
('11','KFJL4','$2a$08$4KNcqJ7x1w8ZplAntmUhXu4FMXTm4jGOuBV9dQ/MSmNoIz1MML4.e','客服经理', '2018-04-18 18:29:58.544', '2018-04-18 18:29:58.544'),
('12','KFJL5','$2a$08$CoYNH9/THAhvTeIC5PgrcuItTdfw0CVKqyJNrzU9qdNZBBdHPUCoW','客服经理', '2018-04-18 18:29:58.544', '2018-04-18 18:29:58.544'),
('13','KFJL6','$2a$08$DKFtvHBrl1UmrEV1MFl.Yu8y6wCqwKdpQmulLchrTZJRDWDXiOYnS','客服经理', '2018-04-18 18:29:58.544', '2018-04-18 18:29:58.544'),
('14','GZ1','$2a$08$WUgDRcWL6VmSuQsCqgO2Hu4hwwqTMgA0Ukt/JuEEV1GpIdjZFMVue','柜长', '2018-04-18 18:29:58.544', '2018-04-18 18:29:58.544'),
('15','GZ2','$2a$08$1pqRfX41SjcirtSdyk/IYOiywDXXdKo4WvuL9krK5Ra4f9Q2EnHf.','柜长', '2018-04-18 18:29:58.544', '2018-04-18 18:29:58.544'),
('16','GZ3','$2a$08$8almNrT7X27qHAorhbDcRuNO29BuabXYkJqeOPrHVU5YR4RCl44H.','柜长', '2018-04-18 18:29:58.544', '2018-04-18 18:29:58.544'),
('17','GTBA1','$2a$08$IGYhSlgxBuc/xeSDJKUZFO0IysTioNyrGKKfaGQGai9wh9HoWCD3u','柜台BA', '2018-04-18 18:29:58.544', '2018-04-18 18:29:58.544'),
('18','GTBA2','$2a$08$bB2YP0WOWWxuZICPBbpQZuCbDkloRJBm.JPa4ZPHcH/qt1PoNBfBy','柜台BA', '2018-04-18 18:29:58.544', '2018-04-18 18:29:58.544'),
('19','GTBA3','$2a$08$61CJzVhbuHnmiOctnsFRP.pNmwiQnh4m7RVqA2Adboo.uUYMcxtau','柜台BA', '2018-04-18 18:29:58.544', '2018-04-18 18:29:58.544'),
('20','GTBA4','$2a$08$bFnkHdgd1ZwNY0cYUZrV0.wobyc/O/i4ReDm5kV6XWmb4ZGN8dz4.','柜台BA', '2018-04-18 18:29:58.544', '2018-04-18 18:29:58.544'),
('21','GTBA5','$2a$08$xf8Xz0dVniUAG7Cf22Ip7uWcEpglg3x9mX7OWGYoVbcQiyonJuyHO','柜台BA', '2018-04-18 18:29:58.544', '2018-04-18 18:29:58.544'),
('22','GTBA6','$2a$08$aVOA81aETfNNBzPZkxLxbeRuZqCi7C2W3slIX.Y8KB.wzTA4Kic5K','柜台BA', '2018-04-18 18:29:58.544', '2018-04-18 18:29:58.544'),
('23','GTBA7','$2a$08$pkZgfDMoNu7ib9TqdeQ/DuIlO4W6b5716m1CecMcmsdI0uzFTA17C','柜台BA', '2018-04-18 18:29:58.544', '2018-04-18 18:29:58.544'),
('24','GTBA8','$2a$08$6dzbH00mkIyT5nQjRLw9yOF3jgM5di2/6e4PQq1CrQGAhq1LU5nUW','柜台BA', '2018-04-18 18:29:58.544', '2018-04-18 18:29:58.544'),
('25','GTBA9','$2a$08$oP6QCvVr22t.gGw4Y8qAe.ArSVxArNF.IurxgpyCoP/p3oO5vfBwS','柜台BA', '2018-04-18 18:29:58.544', '2018-04-18 18:29:58.544'),
('26','GYSGLY1','$2a$08$KyJo3stRlOnMMRY/GeXj/uLx1aq5OLEznCan1Pm00A8IHkErlMOk2','供应商管理员', '2018-04-18 18:29:58.544', '2018-04-18 18:29:58.544'),
('27','GYSGLY2','$2a$08$Bu9F/.gHe/rd2l0CwXXBh.jYJQrdY5vSTfjkxA4mKEnxbW3Z.WGvG','供应商管理员', '2018-04-18 18:29:58.544', '2018-04-18 18:29:58.544'),
('28','GYSGLY3','$2a$08$Z2xOd0cCrxpuqJwWC2/4MONXsrYtavaVZU9mlOhukwcDAAUbehf8K','供应商管理员', '2018-04-18 18:29:58.544', '2018-04-18 18:29:58.544'),
('29','ZHY1','$2a$08$VKvqw6jejfTGWzCB0H/tReJ2Y2HteM5PReN7TQJcFquCVOH1MSNh.','装货员', '2018-04-18 18:29:58.544', '2018-04-18 18:29:58.544'),
('30','ZHY2','$2a$08$dAG3Duabi72txG8LGRoHqOXTTRr/mBf7K4yaEZruGXyjQLcSkGorS','装货员', '2018-04-18 18:29:58.544', '2018-04-18 18:29:58.544'),
('31','ZHY3','$2a$08$Kr6qb.HeaiODW/dnHfrID.aWkkKyBrxBKg5NU2nNobsZJuKJMrgQK','装货员', '2018-04-18 18:29:58.544', '2018-04-18 18:29:58.544'),
('32','AZGSGLY1','$2a$08$cADdtIJxbiRvdIzFgWzFne2hUQ2uWCc1fwIuv56HUGTwtzaTndgMS','安装公司管理员', '2018-04-18 18:29:58.544', '2018-04-18 18:29:58.544'),
('33','AZGSGLY2','$2a$08$O7srH1zIrQ/rf7V.IDC4O.Qeq84tCsGV2iXcz9FsAvajRgcaPmKA.','安装公司管理员', '2018-04-18 18:29:58.544', '2018-04-18 18:29:58.544'),
('34','AZG1','$2a$08$Dea/4rX.r769J/vWjFs2y.3eSy2.N4gxoYAC2IpLk7BVcmD.ojPDu','安装工', '2018-04-18 18:29:58.544', '2018-04-18 18:29:58.544'),
('35','AZG2','$2a$08$mWXTr9OoU0zTHMUDyBbnKemNn/uD6ZM/PyeTrE1UNCi8siKrhiGvO','安装工', '2018-04-18 18:29:58.544', '2018-04-18 18:29:58.544'),
('36','AZG3','$2a$08$vCi/6JK.HPdNbP0pkFjPt.DY5aiIg6WrKdcJ3lqbqD5mSNIXf.OVK','安装工', '2018-04-18 18:29:58.544', '2018-04-18 18:29:58.544'),
('37','AZG4','$2a$08$QhE0Y8IuZUdAOtkV6vSqReAKDY2AB..PBu5Dsom0nZm0eZMcWqO5a','安装工', '2018-04-18 18:29:58.544', '2018-04-18 18:29:58.544'),
('38','AZG5','$2a$08$xovNvSBRsp9VERc9sH3wPOH9WcjddMVOq.LTX..hF8dVa0W8BsWQe','安装工', '2018-04-18 18:29:58.544', '2018-04-18 18:29:58.544'),
('39','AZG6','$2a$08$dyDfSFIKdRVS24wpTMn75uun1NwgVVRYFAvUDZhn2zpewcuCahe4C','安装工', '2018-04-18 18:29:58.544', '2018-04-18 18:29:58.544'),
('40','ZHY4','$2a$08$FwfpEX05b3shPq17oEbNOOVhiI.MRoUnbcn9fvMo9taLQrmszuv7q','装货员', '2018-04-18 18:29:58.544', '2018-04-18 18:29:58.544'),
('41','GTBA10','$2a$08$Z7Jh/3/eRfZlqDSIkJ8UXOcAQGVENbdt5wUgwaljWrYh/PKw6ic8y','柜台BA', '2018-04-18 18:29:58.544', '2018-04-18 18:29:58.544'),
('42','GZ4','$2a$08$CNbT2yFb6UVijbU/swiIleoxce8rFZkoOn9rHr4kaPvLpv8LVQcdm','柜长', '2018-04-18 18:29:58.544', '2018-04-18 18:29:58.544'),
('43','GTBA11','$2a$08$cY6yLmbTUeH8LXJCvzf6B.8v.2fbU./1A158jPpIoRv0pWaC96wyq','柜台BA', '2018-04-18 18:29:58.544', '2018-04-18 18:29:58.544'),
('44','GYSGLY6','$2a$08$Wwq/drzCVFhaxI4q6Cygauzbfpjh.hUUZPdCEQfLvssGAA.m/LDgq','供应商管理员', '2018-04-18 18:29:58.544', '2018-04-18 18:29:58.544'),
('45','AZGSGLY5','$2a$08$c26QrWavA7OQhZg9DIsZ7OSKGt/pEjNYG60gtIiWnSaHhzTTEYZHC','安装公司管理员', '2018-04-18 18:29:58.544', '2018-04-18 18:29:58.544');

INSERT INTO PP
(id,name, createdAt, updatedAt)
VALUES
('1','PP1', '2018-04-18 18:29:58.544', '2018-04-18 18:29:58.544'),
('2','PP2', '2018-04-18 18:29:58.544', '2018-04-18 18:29:58.544'),
('3','PP3', '2018-04-18 18:29:58.544', '2018-04-18 18:29:58.544'),
('4','PP4', '2018-04-18 18:29:58.544', '2018-04-18 18:29:58.544'),
('5','PP5', '2018-04-18 18:29:58.544', '2018-04-18 18:29:58.544'),
('6','PP6', '2018-04-18 18:29:58.544', '2018-04-18 18:29:58.544'),
('7','PP7', '2018-04-18 18:29:58.544', '2018-04-18 18:29:58.544');

INSERT INTO PPJL_PP
(UserId,PPId, createdAt, updatedAt)
VALUES
('2','1', '2018-04-18 18:29:58.544', '2018-04-18 18:29:58.544'),
('3','2', '2018-04-18 18:29:58.544', '2018-04-18 18:29:58.544'),
('5','4', '2018-04-18 18:29:58.544', '2018-04-18 18:29:58.544'),
('6','5', '2018-04-18 18:29:58.544', '2018-04-18 18:29:58.544'),
('7','6', '2018-04-18 18:29:58.544', '2018-04-18 18:29:58.544');

INSERT INTO KFJL_PP
(UserId,PPId, createdAt, updatedAt)
VALUES
('8','1', '2018-04-18 18:29:58.544', '2018-04-18 18:29:58.544'),
('9','2', '2018-04-18 18:29:58.544', '2018-04-18 18:29:58.544'),
('11','4', '2018-04-18 18:29:58.544', '2018-04-18 18:29:58.544'),
('12','5', '2018-04-18 18:29:58.544', '2018-04-18 18:29:58.544'),
('13','6', '2018-04-18 18:29:58.544', '2018-04-18 18:29:58.544');

INSERT INTO GZ_PP
(UserId,PPId, createdAt, updatedAt)
VALUES
('14','1', '2018-04-18 18:29:58.544', '2018-04-18 18:29:58.544'),
('15','1', '2018-04-18 18:29:58.544', '2018-04-18 18:29:58.544'),
('16','2', '2018-04-18 18:29:58.544', '2018-04-18 18:29:58.544'),
('42','7', '2018-04-18 18:29:58.544', '2018-04-18 18:29:58.544');

INSERT INTO GT
(id,name,code,PPId,QY,GTBAUserId,GZUserId,CS, createdAt, updatedAt)
VALUES
('1','GT1','1','1','东区','17','14','上海', '2018-04-18 18:29:58.544', '2018-04-18 18:29:58.544'),
('2','GT2','2','1','东区','18','14','上海', '2018-04-18 18:29:58.544', '2018-04-18 18:29:58.544'),
('3','GT3','3','1','北区','19','15','北京', '2018-04-18 18:29:58.544', '2018-04-18 18:29:58.544'),
('4','GT4','4','1','北区','20','15','北京', '2018-04-18 18:29:58.544', '2018-04-18 18:29:58.544'),
('5','GT5','5','2','东区','21','16','广州', '2018-04-18 18:29:58.544', '2018-04-18 18:29:58.544');

INSERT INTO GT
(id,name,code,PPId,QY,GTBAUserId,CS, createdAt, updatedAt)
VALUES
('6','GT6','6','3','东区','22','上海', '2018-04-18 18:29:58.544', '2018-04-18 18:29:58.544'),
('7','GT7','7','4','东区','23','上海', '2018-04-18 18:29:58.544', '2018-04-18 18:29:58.544'),
('8','GT8','8','5','东区','24','上海', '2018-04-18 18:29:58.544', '2018-04-18 18:29:58.544'),
('9','GT9','9','6','东区','25','上海', '2018-04-18 18:29:58.544', '2018-04-18 18:29:58.544'),
('10','GT10','10','7','东区','41','上海', '2018-04-18 18:29:58.544', '2018-04-18 18:29:58.544'),
('11','GT11','11','7','东区','43','上海', '2018-04-18 18:29:58.544', '2018-04-18 18:29:58.544');

INSERT INTO GYS
(id,Name,type, createdAt, updatedAt)
VALUES
('1','GYS1','生产', '2018-04-18 18:29:58.544', '2018-04-18 18:29:58.544'),
('2','GYS2','生产', '2018-04-18 18:29:58.544', '2018-04-18 18:29:58.544'),
('3','GYS3','生产', '2018-04-18 18:29:58.544', '2018-04-18 18:29:58.544'),
('4','GYS4','生产', '2018-04-18 18:29:58.544', '2018-04-18 18:29:58.544'),
('5','GYS5','中转', '2018-04-18 18:29:58.544', '2018-04-18 18:29:58.544'),
('6','GYS6','生产', '2018-04-18 18:29:58.544', '2018-04-18 18:29:58.544');

INSERT INTO GLY_GYS
(UserId,GYSId, createdAt, updatedAt)
VALUES
('26','1', '2018-04-18 18:29:58.544', '2018-04-18 18:29:58.544'),
('27','1', '2018-04-18 18:29:58.544', '2018-04-18 18:29:58.544'),
('28','2', '2018-04-18 18:29:58.544', '2018-04-18 18:29:58.544'),
('44','6', '2018-04-18 18:29:58.544', '2018-04-18 18:29:58.544');

INSERT INTO ZHY_GYS
(UserId,GYSId, createdAt, updatedAt)
VALUES
('29','1', '2018-04-18 18:29:58.544', '2018-04-18 18:29:58.544'),
('30','2', '2018-04-18 18:29:58.544', '2018-04-18 18:29:58.544'),
('31','3', '2018-04-18 18:29:58.544', '2018-04-18 18:29:58.544'),
('40','6', '2018-04-18 18:29:58.544', '2018-04-18 18:29:58.544');

INSERT INTO AZGS
(id,name, createdAt, updatedAt)
VALUES
('1','AZGS1', '2018-04-18 18:29:58.544', '2018-04-18 18:29:58.544'),
('2','AZGS2', '2018-04-18 18:29:58.544', '2018-04-18 18:29:58.544'),
('3','AZGS3', '2018-04-18 18:29:58.544', '2018-04-18 18:29:58.544'),
('4','AZGS4', '2018-04-18 18:29:58.544', '2018-04-18 18:29:58.544'),
('5','AZGS5', '2018-04-18 18:29:58.544', '2018-04-18 18:29:58.544');

INSERT INTO GLY_AZGS
(UserId,AZGSId, createdAt, updatedAt)
VALUES
('32','1', '2018-04-18 18:29:58.544', '2018-04-18 18:29:58.544'),
('33','2', '2018-04-18 18:29:58.544', '2018-04-18 18:29:58.544'),
('45','5', '2018-04-18 18:29:58.544', '2018-04-18 18:29:58.544');

INSERT INTO AZG_AZGS
(UserId,AZGSId, createdAt, updatedAt)
VALUES
('34','1', '2018-04-18 18:29:58.544', '2018-04-18 18:29:58.544'),
('35','1', '2018-04-18 18:29:58.544', '2018-04-18 18:29:58.544'),
('36','2', '2018-04-18 18:29:58.544', '2018-04-18 18:29:58.544'),
('37','3', '2018-04-18 18:29:58.544', '2018-04-18 18:29:58.544'),
('38','4', '2018-04-18 18:29:58.544', '2018-04-18 18:29:58.544'),
('39','5', '2018-04-18 18:29:58.544', '2018-04-18 18:29:58.544');

INSERT INTO DP
(id,name,PPId,GYSId, createdAt, updatedAt)
VALUES
('1','DP1','1','3', '2018-04-18 18:29:58.544', '2018-04-18 18:29:58.544'),
('2','DP2','1','4', '2018-04-18 18:29:58.544', '2018-04-18 18:29:58.544'),
('3','DP3','1','3', '2018-04-18 18:29:58.544', '2018-04-18 18:29:58.544'),
('4','DP4','2','3', '2018-04-18 18:29:58.544', '2018-04-18 18:29:58.544'),
('5','DP5','2','3', '2018-04-18 18:29:58.544', '2018-04-18 18:29:58.544'),
('6','DP6','3','3', '2018-04-18 18:29:58.544', '2018-04-18 18:29:58.544'),
('7','DP7','3','3', '2018-04-18 18:29:58.544', '2018-04-18 18:29:58.544'),
('8','DP8','4','6', '2018-04-18 18:29:58.544', '2018-04-18 18:29:58.544'),
('9','DP9','4','6', '2018-04-18 18:29:58.544', '2018-04-18 18:29:58.544'),
('10','DP10','5','6', '2018-04-18 18:29:58.544', '2018-04-18 18:29:58.544'),
('11','DP11','5','6', '2018-04-18 18:29:58.544', '2018-04-18 18:29:58.544'),
('12','DP12','6','6', '2018-04-18 18:29:58.544', '2018-04-18 18:29:58.544'),
('13','DP13','6','6', '2018-04-18 18:29:58.544', '2018-04-18 18:29:58.544'),
('14','DP14','7','6', '2018-04-18 18:29:58.544', '2018-04-18 18:29:58.544');

INSERT INTO DW
(id,name,GTId,DPId, createdAt, updatedAt)
VALUES
('1','DW1','1','1', '2018-04-18 18:29:58.544', '2018-04-18 18:29:58.544'),
('2','DW2','1','2', '2018-04-18 18:29:58.544', '2018-04-18 18:29:58.544'),
('3','DW3','1','2', '2018-04-18 18:29:58.544', '2018-04-18 18:29:58.544'),
('4','DW1','2','1', '2018-04-18 18:29:58.544', '2018-04-18 18:29:58.544'),
('5','DW2','2','2', '2018-04-18 18:29:58.544', '2018-04-18 18:29:58.544'),
('6','DW4','2','3', '2018-04-18 18:29:58.544', '2018-04-18 18:29:58.544'),
('9','DW1','6','6', '2018-04-18 18:29:58.544', '2018-04-18 18:29:58.544'),
('10','DW2','6','7', '2018-04-18 18:29:58.544', '2018-04-18 18:29:58.544'),
('11','DW1','7','8', '2018-04-18 18:29:58.544', '2018-04-18 18:29:58.544'),
('12','DW2','7','9', '2018-04-18 18:29:58.544', '2018-04-18 18:29:58.544'),
('13','DW1','8','10', '2018-04-18 18:29:58.544', '2018-04-18 18:29:58.544'),
('14','DW2','8','11', '2018-04-18 18:29:58.544', '2018-04-18 18:29:58.544'),
('15','DW1','9','12', '2018-04-18 18:29:58.544', '2018-04-18 18:29:58.544'),
('16','DW2','9','13', '2018-04-18 18:29:58.544', '2018-04-18 18:29:58.544'),
('17','DW1','10','14', '2018-04-18 18:29:58.544', '2018-04-18 18:29:58.544'),
('20','DW3','5','4', '2018-04-18 18:29:58.544', '2018-04-18 18:29:58.544'),
('21','DW4','5','5', '2018-04-18 18:29:58.544', '2018-04-18 18:29:58.544'),
('22','DW3','7','8', '2018-04-18 18:29:58.544', '2018-04-18 18:29:58.544');

INSERT INTO DW
(id,name,GTId, createdAt, updatedAt)
VALUES
('7','DW1','5', '2018-04-18 18:29:58.544', '2018-04-18 18:29:58.544'),
('8','DW2','5', '2018-04-18 18:29:58.544', '2018-04-18 18:29:58.544'),
('18','DW2','10', '2018-04-18 18:29:58.544', '2018-04-18 18:29:58.544'),
('19','DW1','11', '2018-04-18 18:29:58.544', '2018-04-18 18:29:58.544');

INSERT INTO FG
(id,name,PPId,note, createdAt, updatedAt)
VALUES
('1','FG1','1','NoteFG1', '2018-04-18 18:29:58.544', '2018-04-18 18:29:58.544'),
('2','FG2','1','NoteFG2', '2018-04-18 18:29:58.544', '2018-04-18 18:29:58.544'),
('3','FG3','1','NoteFG3', '2018-04-18 18:29:58.544', '2018-04-18 18:29:58.544');

INSERT INTO Tester
(id,name,PPId, createdAt, updatedAt)
VALUES
('1','Tester1','1', '2018-04-18 18:29:58.544', '2018-04-18 18:29:58.544'),
('2','Tester2','1', '2018-04-18 18:29:58.544', '2018-04-18 18:29:58.544'),
('3','Tester3','1', '2018-04-18 18:29:58.544', '2018-04-18 18:29:58.544');

INSERT INTO FG_Tester
(id,FGId,TesterId,PPId, createdAt, updatedAt)
VALUES
('1','1','1','1', '2018-04-18 18:29:58.544', '2018-04-18 18:29:58.544'),
('2','2','2','1', '2018-04-18 18:29:58.544', '2018-04-18 18:29:58.544'),
('3','2','3','1', '2018-04-18 18:29:58.544', '2018-04-18 18:29:58.544'),
('4','3','1','1', '2018-04-18 18:29:58.544', '2018-04-18 18:29:58.544');

INSERT INTO WL
(id,name,code,level,PPId,GYSId,imageUrl, createdAt, updatedAt)
VALUES
('1','WL3_1','1_3_1','3','1','1','UrlWL3_1', '2018-04-18 18:29:58.544', '2018-04-18 18:29:58.544'),
('2','WL3_2','1_3_2','3','1','1','UrlWL3_2', '2018-04-18 18:29:58.544', '2018-04-18 18:29:58.544'),
('3','WL3_3','1_3_3','3','1','2','UrlWL3_3', '2018-04-18 18:29:58.544', '2018-04-18 18:29:58.544'),
('4','WL3_4','1_3_4','3','1','2','UrlWL3_4', '2018-04-18 18:29:58.544', '2018-04-18 18:29:58.544'),
('5','WL2_1','1_2_1','2','1','1','UrlWL2_1', '2018-04-18 18:29:58.544', '2018-04-18 18:29:58.544'),
('6','WL2_2','1_2_2','2','1','1','UrlWL2_2', '2018-04-18 18:29:58.544', '2018-04-18 18:29:58.544'),
('7','WL2_3','1_2_3','2','1','1','UrlWL2_3', '2018-04-18 18:29:58.544', '2018-04-18 18:29:58.544'),
('8','WL2_4','1_2_4','2','1','2','UrlWL2_4', '2018-04-18 18:29:58.544', '2018-04-18 18:29:58.544'),
('9','WL2_5','1_2_5','2','1','2','UrlWL2_5', '2018-04-18 18:29:58.544', '2018-04-18 18:29:58.544'),
('10','WL2_6','1_2_6','2','1','2','UrlWL2_6', '2018-04-18 18:29:58.544', '2018-04-18 18:29:58.544'),
('11','WL1_1','1_1_1','1','1','1','UrlWL1_1', '2018-04-18 18:29:58.544', '2018-04-18 18:29:58.544'),
('12','WL1_2','1_1_2','1','1','1','UrlWL1_2', '2018-04-18 18:29:58.544', '2018-04-18 18:29:58.544'),
('13','WL1_3','1_1_3','1','1','1','UrlWL1_3', '2018-04-18 18:29:58.544', '2018-04-18 18:29:58.544'),
('14','WL1_4','1_1_4','1','1','2','UrlWL1_4', '2018-04-18 18:29:58.544', '2018-04-18 18:29:58.544'),
('15','WL1_5','1_1_5','1','1','2','UrlWL1_5', '2018-04-18 18:29:58.544', '2018-04-18 18:29:58.544'),
('16','WL1_6','1_1_6','1','1','2','UrlWL1_6', '2018-04-18 18:29:58.544', '2018-04-18 18:29:58.544'),
('17','WL3_1','2_3_1','3','2','1','UrlWL3_1', '2018-04-18 18:29:58.544', '2018-04-18 18:29:58.544'),
('18','WL2_1','2_2_1','2','2','1','UrlWL2_1', '2018-04-18 18:29:58.544', '2018-04-18 18:29:58.544'),
('19','WL1_1','2_1_1','1','2','1','UrlWL1_1', '2018-04-18 18:29:58.544', '2018-04-18 18:29:58.544'),
('20','WL3_1','3_3_1','3','3','6','UrlWL3_1', '2018-04-18 18:29:58.544', '2018-04-18 18:29:58.544'),
('21','WL2_1','3_2_1','2','3','6','UrlWL2_1', '2018-04-18 18:29:58.544', '2018-04-18 18:29:58.544'),
('22','WL1_1','3_1_1','1','3','6','UrlWL1_1', '2018-04-18 18:29:58.544', '2018-04-18 18:29:58.544'),
('23','WL3_1','4_3_1','3','4','6','UrlWL3_1', '2018-04-18 18:29:58.544', '2018-04-18 18:29:58.544'),
('24','WL2_1','4_2_1','2','4','6','UrlWL2_1', '2018-04-18 18:29:58.544', '2018-04-18 18:29:58.544'),
('25','WL1_1','4_1_1','1','4','6','UrlWL1_1', '2018-04-18 18:29:58.544', '2018-04-18 18:29:58.544'),
('26','WL3_1','5_3_1','3','5','6','UrlWL3_1', '2018-04-18 18:29:58.544', '2018-04-18 18:29:58.544'),
('27','WL2_1','5_2_1','2','5','6','UrlWL2_1', '2018-04-18 18:29:58.544', '2018-04-18 18:29:58.544'),
('28','WL1_1','5_1_1','1','5','6','UrlWL1_1', '2018-04-18 18:29:58.544', '2018-04-18 18:29:58.544'),
('29','WL3_1','6_3_1','3','6','6','UrlWL3_1', '2018-04-18 18:29:58.544', '2018-04-18 18:29:58.544'),
('30','WL2_1','6_2_1','2','6','6','UrlWL2_1', '2018-04-18 18:29:58.544', '2018-04-18 18:29:58.544'),
('31','WL1_1','6_1_1','1','6','6','UrlWL1_1', '2018-04-18 18:29:58.544', '2018-04-18 18:29:58.544'),
('32','WL1_1','7_1_1','1','7','6','UrlWL1_1', '2018-04-18 18:29:58.544', '2018-04-18 18:29:58.544');

INSERT INTO EJZH
(id,name,WLId,PPId,imageUrl, createdAt, updatedAt)
VALUES
('1','EJZH1','5','1','imageUrlEJZH1', '2018-04-18 18:29:58.544', '2018-04-18 18:29:58.544'),
('2','EJZH2','6','1','imageUrlEJZH2', '2018-04-18 18:29:58.544', '2018-04-18 18:29:58.544'),
('3','EJZH3','7','1','imageUrlEJZH3', '2018-04-18 18:29:58.544', '2018-04-18 18:29:58.544'),
('4','EJZH4','8','1','imageUrlEJZH4', '2018-04-18 18:29:58.544', '2018-04-18 18:29:58.544'),
('5','EJZH5','9','1','imageUrlEJZH5', '2018-04-18 18:29:58.544', '2018-04-18 18:29:58.544'),
('6','EJZH6','10','1','imageUrlEJZH6', '2018-04-18 18:29:58.544', '2018-04-18 18:29:58.544'),
('7','EJZH7','18','2','imageUrlEJZH7', '2018-04-18 18:29:58.544', '2018-04-18 18:29:58.544'),
('8','EJZH8','21','3','imageUrlEJZH8', '2018-04-18 18:29:58.544', '2018-04-18 18:29:58.544'),
('9','EJZH9','24','4','imageUrlEJZH9', '2018-04-18 18:29:58.544', '2018-04-18 18:29:58.544'),
('10','EJZH10','27','5','imageUrlEJZH10', '2018-04-18 18:29:58.544', '2018-04-18 18:29:58.544'),
('11','EJZH11','30','6','imageUrlEJZH11', '2018-04-18 18:29:58.544', '2018-04-18 18:29:58.544');

INSERT INTO EJZH_FGTester
(EJZHId,FGTesterId,number, createdAt, updatedAt)
VALUES
('1','1','2', '2018-04-18 18:29:58.544', '2018-04-18 18:29:58.544'),
('2','2','2', '2018-04-18 18:29:58.544', '2018-04-18 18:29:58.544'),
('2','3','2', '2018-04-18 18:29:58.544', '2018-04-18 18:29:58.544'),
('3','1','2', '2018-04-18 18:29:58.544', '2018-04-18 18:29:58.544');

INSERT INTO EJZH_SJWL
(EJZHId,WLId,number, createdAt, updatedAt)
VALUES
('2','1','2', '2018-04-18 18:29:58.544', '2018-04-18 18:29:58.544'),
('3','2','2', '2018-04-18 18:29:58.544', '2018-04-18 18:29:58.544'),
('3','3','2', '2018-04-18 18:29:58.544', '2018-04-18 18:29:58.544'),
('4','1','2', '2018-04-18 18:29:58.544', '2018-04-18 18:29:58.544'),
('5','4','2', '2018-04-18 18:29:58.544', '2018-04-18 18:29:58.544'),
('7','17','2', '2018-04-18 18:29:58.544', '2018-04-18 18:29:58.544'),
('8','20','2', '2018-04-18 18:29:58.544', '2018-04-18 18:29:58.544'),
('9','23','2', '2018-04-18 18:29:58.544', '2018-04-18 18:29:58.544'),
('10','26','2', '2018-04-18 18:29:58.544', '2018-04-18 18:29:58.544'),
('11','29','2', '2018-04-18 18:29:58.544', '2018-04-18 18:29:58.544');

INSERT INTO YJZH
(id,name,WLId,PPId,imageUrl, createdAt, updatedAt)
VALUES
('1','YJZH1','11','1','imageUrlYJZH1', '2018-04-18 18:29:58.544', '2018-04-18 18:29:58.544'),
('2','YJZH2','12','1','imageUrlYJZH2', '2018-04-18 18:29:58.544', '2018-04-18 18:29:58.544'),
('3','YJZH3','13','1','imageUrlYJZH3', '2018-04-18 18:29:58.544', '2018-04-18 18:29:58.544'),
('4','YJZH4','14','1','imageUrlYJZH4', '2018-04-18 18:29:58.544', '2018-04-18 18:29:58.544'),
('5','YJZH5','15','1','imageUrlYJZH5', '2018-04-18 18:29:58.544', '2018-04-18 18:29:58.544'),
('6','YJZH6','16','1','imageUrlYJZH6', '2018-04-18 18:29:58.544', '2018-04-18 18:29:58.544'),
('7','YJZH7','19','2','imageUrlYJZH7', '2018-04-18 18:29:58.544', '2018-04-18 18:29:58.544'),
('8','YJZH8','22','3','imageUrlYJZH8', '2018-04-18 18:29:58.544', '2018-04-18 18:29:58.544'),
('9','YJZH9','25','4','imageUrlYJZH9', '2018-04-18 18:29:58.544', '2018-04-18 18:29:58.544'),
('10','YJZH10','28','5','imageUrlYJZH10', '2018-04-18 18:29:58.544', '2018-04-18 18:29:58.544'),
('11','YJZH11','31','6','imageUrlYJZH11', '2018-04-18 18:29:58.544', '2018-04-18 18:29:58.544'),
('12','YJZH12','32','7','imageUrlYJZH12', '2018-04-18 18:29:58.544', '2018-04-18 18:29:58.544');

INSERT INTO YJZH_EJZH
(YJZHId,EJZHId,number, createdAt, updatedAt)
VALUES
('1','1','2', '2018-04-18 18:29:58.544', '2018-04-18 18:29:58.544'),
('2','2','2', '2018-04-18 18:29:58.544', '2018-04-18 18:29:58.544'),
('2','3','2', '2018-04-18 18:29:58.544', '2018-04-18 18:29:58.544'),
('3','1','2', '2018-04-18 18:29:58.544', '2018-04-18 18:29:58.544'),
('4','4','2', '2018-04-18 18:29:58.544', '2018-04-18 18:29:58.544'),
('5','6','2', '2018-04-18 18:29:58.544', '2018-04-18 18:29:58.544'),
('7','7','2', '2018-04-18 18:29:58.544', '2018-04-18 18:29:58.544'),
('8','8','2', '2018-04-18 18:29:58.544', '2018-04-18 18:29:58.544'),
('9','9','2', '2018-04-18 18:29:58.544', '2018-04-18 18:29:58.544'),
('10','10','2', '2018-04-18 18:29:58.544', '2018-04-18 18:29:58.544'),
('11','11','2', '2018-04-18 18:29:58.544', '2018-04-18 18:29:58.544');

INSERT INTO GT_YJZH
(GTId,YJZHId,number, createdAt, updatedAt)
VALUES
('1','1','2', '2018-04-18 18:29:58.544', '2018-04-18 18:29:58.544'),
('2','2','2', '2018-04-18 18:29:58.544', '2018-04-18 18:29:58.544'),
('2','3','2', '2018-04-18 18:29:58.544', '2018-04-18 18:29:58.544'),
('3','1','2', '2018-04-18 18:29:58.544', '2018-04-18 18:29:58.544'),
('4','4','2', '2018-04-18 18:29:58.544', '2018-04-18 18:29:58.544'),
('4','5','2', '2018-04-18 18:29:58.544', '2018-04-18 18:29:58.544'),
('4','6','2', '2018-04-18 18:29:58.544', '2018-04-18 18:29:58.544'),
('5','7','2', '2018-04-18 18:29:58.544', '2018-04-18 18:29:58.544'),
('6','8','2', '2018-04-18 18:29:58.544', '2018-04-18 18:29:58.544'),
('7','9','2', '2018-04-18 18:29:58.544', '2018-04-18 18:29:58.544'),
('8','10','2', '2018-04-18 18:29:58.544', '2018-04-18 18:29:58.544'),
('9','11','2', '2018-04-18 18:29:58.544', '2018-04-18 18:29:58.544'),
('10','12','2', '2018-04-18 18:29:58.544', '2018-04-18 18:29:58.544');

INSERT INTO YJZHXGT
(id,imageUrl,YJZHId, createdAt, updatedAt)
VALUES
('1','YJZH1Url1','1', '2018-04-18 18:29:58.544', '2018-04-18 18:29:58.544'),
('2','YJZH2Url1','2', '2018-04-18 18:29:58.544', '2018-04-18 18:29:58.544'),
('3','YJZH2Url2','2', '2018-04-18 18:29:58.544', '2018-04-18 18:29:58.544'),
('4','YJZH4Url1','4', '2018-04-18 18:29:58.544', '2018-04-18 18:29:58.544'),
('5','YJZH5Url1','5', '2018-04-18 18:29:58.544', '2018-04-18 18:29:58.544'),
('6','YJZH5Url2','5', '2018-04-18 18:29:58.544', '2018-04-18 18:29:58.544');

INSERT INTO EJZHXGT
(id,imageUrl,EJZHId, createdAt, updatedAt)
VALUES
('1','EJZH1Url1','1', '2018-04-18 18:29:58.544', '2018-04-18 18:29:58.544'),
('2','EJZH2Url1','2', '2018-04-18 18:29:58.544', '2018-04-18 18:29:58.544'),
('3','EJZH2Url2','2', '2018-04-18 18:29:58.544', '2018-04-18 18:29:58.544'),
('4','EJZH4Url1','4', '2018-04-18 18:29:58.544', '2018-04-18 18:29:58.544'),
('5','EJZH5Url1','5', '2018-04-18 18:29:58.544', '2018-04-18 18:29:58.544'),
('6','EJZH5Url2','5', '2018-04-18 18:29:58.544', '2018-04-18 18:29:58.544');

INSERT INTO DD
(id,name,status,PPId, createdAt, updatedAt)
VALUES
('1','DD_PP2','待审批','2', '2018-04-18 18:29:58.544', '2018-04-18 18:29:58.544'),
('2','DD_PP3','待审批','3', '2018-04-18 18:29:58.544', '2018-04-18 18:29:58.544'),
('3','DD_PP4','已审批','4', '2018-04-18 18:29:58.544', '2018-04-18 18:29:58.544'),
('4','DD_PP5','已审批','5', '2018-04-18 18:29:58.544', '2018-04-18 18:29:58.544'),
('5','DD_PP6','已审批','6', '2018-04-18 18:29:58.544', '2018-04-18 18:29:58.544'),
('6','DD_PP7','已审批','7', '2018-04-18 18:29:58.544', '2018-04-18 18:29:58.544');

INSERT INTO DD_GT_WL
(id,DDId,GTId,WLId,number,GYSId, createdAt, updatedAt)
VALUES
('1','1','5','17','8','1', '2018-04-18 18:29:58.544', '2018-04-18 18:29:58.544'),
('2','1','5','18','4','1', '2018-04-18 18:29:58.544', '2018-04-18 18:29:58.544'),
('3','1','5','19','2','1', '2018-04-18 18:29:58.544', '2018-04-18 18:29:58.544'),
('4','2','6','20','8','6', '2018-04-18 18:29:58.544', '2018-04-18 18:29:58.544'),
('5','2','6','21','4','6', '2018-04-18 18:29:58.544', '2018-04-18 18:29:58.544'),
('6','2','6','22','2','6', '2018-04-18 18:29:58.544', '2018-04-18 18:29:58.544');

INSERT INTO DD_GT_WLSnapshot
(id,DDId,GTId,WLId,number, createdAt, updatedAt)
VALUES
('1','1','5','17','8', '2018-04-18 18:29:58.544', '2018-04-18 18:29:58.544'),
('2','1','5','18','4', '2018-04-18 18:29:58.544', '2018-04-18 18:29:58.544'),
('3','1','5','19','2', '2018-04-18 18:29:58.544', '2018-04-18 18:29:58.544'),
('4','2','6','20','8', '2018-04-18 18:29:58.544', '2018-04-18 18:29:58.544'),
('5','2','6','21','4', '2018-04-18 18:29:58.544', '2018-04-18 18:29:58.544'),
('6','2','6','22','2', '2018-04-18 18:29:58.544', '2018-04-18 18:29:58.544'),
('7','3','7','23','8', '2018-04-18 18:29:58.544', '2018-04-18 18:29:58.544'),
('8','3','7','24','4', '2018-04-18 18:29:58.544', '2018-04-18 18:29:58.544'),
('9','3','7','25','2', '2018-04-18 18:29:58.544', '2018-04-18 18:29:58.544'),
('10','4','8','26','8', '2018-04-18 18:29:58.544', '2018-04-18 18:29:58.544'),
('11','4','8','27','4', '2018-04-18 18:29:58.544', '2018-04-18 18:29:58.544'),
('12','4','8','28','2', '2018-04-18 18:29:58.544', '2018-04-18 18:29:58.544'),
('13','5','9','29','8', '2018-04-18 18:29:58.544', '2018-04-18 18:29:58.544'),
('14','5','9','30','4', '2018-04-18 18:29:58.544', '2018-04-18 18:29:58.544'),
('15','5','9','31','2', '2018-04-18 18:29:58.544', '2018-04-18 18:29:58.544'),
('16','6','10','32','2', '2018-04-18 18:29:58.544', '2018-04-18 18:29:58.544');

INSERT INTO DD_GT_WL
(id,DDId,GTId,WLId,number,GYSId,ZXNumber,AZGSId, createdAt, updatedAt)
VALUES
('7','3','7','23','8','6','3','5', '2018-04-18 18:29:58.544', '2018-04-18 18:29:58.544'),
('8','3','7','24','4','6','2','5', '2018-04-18 18:29:58.544', '2018-04-18 18:29:58.544'),
('9','3','7','25','2','6','1','4', '2018-04-18 18:29:58.544', '2018-04-18 18:29:58.544');

INSERT INTO DD_GT_WL
(id,DDId,GTId,WLId,number,GYSId,ZXNumber,AZGSId,AZGUserId,YJRKDate,YJZXDate,YJAZDate, createdAt, updatedAt)
VALUES
('10','4','8','26','8','6','8','5','39','2018-06-01','2018-06-18','2018-06-25', '2018-04-18 18:29:58.544', '2018-04-18 18:29:58.544'),
('11','4','8','27','4','6','4','5','39','2018-06-01','2018-06-18','2018-06-25', '2018-04-18 18:29:58.544', '2018-04-18 18:29:58.544'),
('12','4','8','28','2','6','2','5','39','2018-06-01','2018-06-18','2018-06-25', '2018-04-18 18:29:58.544', '2018-04-18 18:29:58.544'),
('13','5','9','29','8','6','8','5','39','2018-06-01','2018-06-18','2018-06-25', '2018-04-18 18:29:58.544', '2018-04-18 18:29:58.544'),
('14','5','9','30','4','6','4','5','39','2018-06-01','2018-06-18','2018-06-25', '2018-04-18 18:29:58.544', '2018-04-18 18:29:58.544'),
('15','5','9','31','2','6','2','5','39','2018-06-01','2018-06-18','2018-06-25', '2018-04-18 18:29:58.544', '2018-04-18 18:29:58.544'),
('16','6','10','32','2','6','2','5','39','2018-06-01','2018-06-18','2018-06-25', '2018-04-18 18:29:58.544', '2018-04-18 18:29:58.544');

INSERT INTO DD_DW_DP
(id,DDId,DWId,DPId,GYSId, createdAt, updatedAt)
VALUES
('1','1','20','4','3', '2018-04-18 18:29:58.544', '2018-04-18 18:29:58.544'),
('2','1','21','5','3', '2018-04-18 18:29:58.544', '2018-04-18 18:29:58.544'),
('3','2','9','6','6', '2018-04-18 18:29:58.544', '2018-04-18 18:29:58.544'),
('4','2','10','7','6', '2018-04-18 18:29:58.544', '2018-04-18 18:29:58.544');

INSERT INTO DD_DW_DPSnapshot
(id,DDId,DWId,DPId, createdAt, updatedAt)
VALUES
('1','1','20','4', '2018-04-18 18:29:58.544', '2018-04-18 18:29:58.544'),
('2','1','21','5', '2018-04-18 18:29:58.544', '2018-04-18 18:29:58.544'),
('3','2','9','6', '2018-04-18 18:29:58.544', '2018-04-18 18:29:58.544'),
('4','2','10','7', '2018-04-18 18:29:58.544', '2018-04-18 18:29:58.544'),
('5','3','11','8', '2018-04-18 18:29:58.544', '2018-04-18 18:29:58.544'),
('6','3','12','9', '2018-04-18 18:29:58.544', '2018-04-18 18:29:58.544'),
('7','3','22','8', '2018-04-18 18:29:58.544', '2018-04-18 18:29:58.544'),
('8','4','13','10', '2018-04-18 18:29:58.544', '2018-04-18 18:29:58.544'),
('9','4','14','11', '2018-04-18 18:29:58.544', '2018-04-18 18:29:58.544'),
('10','5','15','12', '2018-04-18 18:29:58.544', '2018-04-18 18:29:58.544'),
('11','5','16','13', '2018-04-18 18:29:58.544', '2018-04-18 18:29:58.544'),
('12','6','17','14', '2018-04-18 18:29:58.544', '2018-04-18 18:29:58.544');

INSERT INTO DD_DW_DP
(id,DDId,DWId,DPId,GYSId,ZXNumber,AZGSId, createdAt, updatedAt)
VALUES
('5','3','11','8','6','1','5', '2018-04-18 18:29:58.544', '2018-04-18 18:29:58.544'),
('6','3','12','9','6','0','5', '2018-04-18 18:29:58.544', '2018-04-18 18:29:58.544');

INSERT INTO DD_DW_DP
(id,DDId,DWId,DPId,GYSId,ZXNumber,AZGSId,AZGUserId,YJRKDate,YJZXDate,YJAZDate, createdAt, updatedAt)
VALUES
('7','3','22','8','6','1','5','39','2018-06-01','2018-06-18','2018-06-25', '2018-04-18 18:29:58.544', '2018-04-18 18:29:58.544'),
('8','4','13','10','6','1','5','39','2018-06-01','2018-06-18','2018-06-25', '2018-04-18 18:29:58.544', '2018-04-18 18:29:58.544'),
('9','4','14','11','6','1','5','39','2018-06-01','2018-06-18','2018-06-25', '2018-04-18 18:29:58.544', '2018-04-18 18:29:58.544'),
('10','5','15','12','6','1','5','39','2018-06-01','2018-06-18','2018-06-25', '2018-04-18 18:29:58.544', '2018-04-18 18:29:58.544'),
('11','5','16','13','6','1','5','39','2018-06-01','2018-06-18','2018-06-25', '2018-04-18 18:29:58.544', '2018-04-18 18:29:58.544'),
('12','6','17','14','6','1','5','39','2018-06-01','2018-06-18','2018-06-25', '2018-04-18 18:29:58.544', '2018-04-18 18:29:58.544');

INSERT INTO KDD
(id,code, createdAt, updatedAt)
VALUES
('1','KDD1', '2018-04-18 18:29:58.544', '2018-04-18 18:29:58.544'),
('2','KDD2', '2018-04-18 18:29:58.544', '2018-04-18 18:29:58.544'),
('3','KDD3', '2018-04-18 18:29:58.544', '2018-04-18 18:29:58.544'),
('4','KDD4', '2018-04-18 18:29:58.544', '2018-04-18 18:29:58.544'),
('5','KDD5', '2018-04-18 18:29:58.544', '2018-04-18 18:29:58.544'),
('6','KDD6', '2018-04-18 18:29:58.544', '2018-04-18 18:29:58.544'),
('7','KDD7', '2018-04-18 18:29:58.544', '2018-04-18 18:29:58.544'),
('8','KDD8', '2018-04-18 18:29:58.544', '2018-04-18 18:29:58.544'),
('9','KDD9', '2018-04-18 18:29:58.544', '2018-04-18 18:29:58.544');

INSERT INTO KDX
(id,EWM,GTId,KDDId,status, createdAt, updatedAt)
VALUES
('2','{"type":"KDX","uuid":"KDX2"}','7','1','发货', '2018-04-18 18:29:58.544', '2018-04-18 18:29:58.544'),
('3','{"type":"KDX","uuid":"KDX3"}','8','2','发货', '2018-04-18 18:29:58.544', '2018-04-18 18:29:58.544'),
('4','{"type":"KDX","uuid":"KDX4"}','8','3','收箱', '2018-04-18 18:29:58.544', '2018-04-18 18:29:58.544'),
('5','{"type":"KDX","uuid":"KDX5"}','9','4','收箱', '2018-04-18 18:29:58.544', '2018-04-18 18:29:58.544'),
('6','{"type":"KDX","uuid":"KDX6"}','9','4','收箱', '2018-04-18 18:29:58.544', '2018-04-18 18:29:58.544'),
('8','{"type":"KDX","uuid":"KDX8"}','8','5','发货', '2018-04-18 18:29:58.544', '2018-04-18 18:29:58.544'),
('9','{"type":"KDX","uuid":"KDX9"}','8','6','收箱', '2018-04-18 18:29:58.544', '2018-04-18 18:29:58.544'),
('10','{"type":"KDX","uuid":"KDX10"}','9','7','收箱', '2018-04-18 18:29:58.544', '2018-04-18 18:29:58.544'),
('11','{"type":"KDX","uuid":"KDX11"}','9','7','收箱', '2018-04-18 18:29:58.544', '2018-04-18 18:29:58.544'),
('12','{"type":"KDX","uuid":"KDX12"}','10','8','收箱', '2018-04-18 18:29:58.544', '2018-04-18 18:29:58.544'),
('13','{"type":"KDX","uuid":"KDX13"}','10','9','收箱', '2018-04-18 18:29:58.544', '2018-04-18 18:29:58.544');

INSERT INTO KDX
(id,EWM,GTId,status, createdAt, updatedAt)
VALUES
('1','{"type":"KDX","uuid":"KDX1"}','7','装箱', '2018-04-18 18:29:58.544', '2018-04-18 18:29:58.544'),
('7','{"type":"KDX","uuid":"KDX7"}','7','装箱', '2018-04-18 18:29:58.544', '2018-04-18 18:29:58.544'),
('14','{"type":"KDX","uuid":"KDX14"}','7','装箱', '2018-04-18 18:29:58.544', '2018-04-18 18:29:58.544');

INSERT INTO WYWL
(id,EWM,status,WLId,GYSId,DDGTWLId, createdAt, updatedAt)
VALUES
('1','{"type":"WL","typeId":23,"uuid":"WL23_1"}','入库','23','6','7', '2018-04-18 18:29:58.544', '2018-04-18 18:29:58.544'),
('2','{"type":"WL","typeId":23,"uuid":"WL23_2"}','入库','23','6','7', '2018-04-18 18:29:58.544', '2018-04-18 18:29:58.544');

INSERT INTO WYWL
(id,EWM,status,WLId,GYSId,DDGTWLId,KDXId, createdAt, updatedAt)
VALUES
('3','{"type":"WL","typeId":23,"uuid":"WL23_3"}','装箱','23','6','7','1', '2018-04-18 18:29:58.544', '2018-04-18 18:29:58.544'),
('4','{"type":"WL","typeId":23,"uuid":"WL23_4"}','装箱','23','6','7','1', '2018-04-18 18:29:58.544', '2018-04-18 18:29:58.544'),
('5','{"type":"WL","typeId":23,"uuid":"WL23_5"}','装箱','23','6','7','1', '2018-04-18 18:29:58.544', '2018-04-18 18:29:58.544'),
('6','{"type":"WL","typeId":24,"uuid":"WL24_1"}','装箱','24','6','8','1', '2018-04-18 18:29:58.544', '2018-04-18 18:29:58.544'),
('7','{"type":"WL","typeId":24,"uuid":"WL24_2"}','装箱','24','6','8','1', '2018-04-18 18:29:58.544', '2018-04-18 18:29:58.544'),
('10','{"type":"WL","typeId":25,"uuid":"WL25_1"}','发货','25','6','9','2', '2018-04-18 18:29:58.544', '2018-04-18 18:29:58.544'),
('12','{"type":"WL","typeId":26,"uuid":"WL26_1"}','发货','26','6','10','3', '2018-04-18 18:29:58.544', '2018-04-18 18:29:58.544'),
('13','{"type":"WL","typeId":26,"uuid":"WL26_2"}','发货','26','6','10','3', '2018-04-18 18:29:58.544', '2018-04-18 18:29:58.544'),
('14','{"type":"WL","typeId":26,"uuid":"WL26_3"}','发货','26','6','10','3', '2018-04-18 18:29:58.544', '2018-04-18 18:29:58.544'),
('15','{"type":"WL","typeId":26,"uuid":"WL26_4"}','发货','26','6','10','3', '2018-04-18 18:29:58.544', '2018-04-18 18:29:58.544'),
('16','{"type":"WL","typeId":26,"uuid":"WL26_5"}','发货','26','6','10','3', '2018-04-18 18:29:58.544', '2018-04-18 18:29:58.544'),
('17','{"type":"WL","typeId":26,"uuid":"WL26_6"}','发货','26','6','10','3', '2018-04-18 18:29:58.544', '2018-04-18 18:29:58.544'),
('18','{"type":"WL","typeId":26,"uuid":"WL26_7"}','发货','26','6','10','3', '2018-04-18 18:29:58.544', '2018-04-18 18:29:58.544'),
('19','{"type":"WL","typeId":26,"uuid":"WL26_8"}','发货','26','6','10','3', '2018-04-18 18:29:58.544', '2018-04-18 18:29:58.544'),
('20','{"type":"WL","typeId":27,"uuid":"WL27_1"}','收箱','27','6','11','4', '2018-04-18 18:29:58.544', '2018-04-18 18:29:58.544'),
('21','{"type":"WL","typeId":27,"uuid":"WL27_2"}','收箱','27','6','11','4', '2018-04-18 18:29:58.544', '2018-04-18 18:29:58.544'),
('22','{"type":"WL","typeId":27,"uuid":"WL27_3"}','收箱','27','6','11','4', '2018-04-18 18:29:58.544', '2018-04-18 18:29:58.544'),
('23','{"type":"WL","typeId":27,"uuid":"WL27_4"}','收箱','27','6','11','4', '2018-04-18 18:29:58.544', '2018-04-18 18:29:58.544'),
('24','{"type":"WL","typeId":28,"uuid":"WL28_1"}','收货','28','6','12','4', '2018-04-18 18:29:58.544', '2018-04-18 18:29:58.544'),
('25','{"type":"WL","typeId":28,"uuid":"WL28_2"}','收货','28','6','12','4', '2018-04-18 18:29:58.544', '2018-04-18 18:29:58.544');

INSERT INTO WYWL
(id,EWM,status,WLId,GYSId,DDGTWLId,KDXId,AZFKType,imageUrl, createdAt, updatedAt)
VALUES
('26','{"type":"WL","typeId":29,"uuid":"WL29_1"}','反馈图','29','6','13','5','安装成功','UrlWL29_1', '2018-04-18 18:29:58.544', '2018-04-18 18:29:58.544'),
('27','{"type":"WL","typeId":29,"uuid":"WL29_2"}','反馈图','29','6','13','5','安装成功','UrlWL29_2', '2018-04-18 18:29:58.544', '2018-04-18 18:29:58.544'),
('28','{"type":"WL","typeId":29,"uuid":"WL29_3"}','反馈图','29','6','13','5','安装成功','UrlWL29_3', '2018-04-18 18:29:58.544', '2018-04-18 18:29:58.544'),
('29','{"type":"WL","typeId":29,"uuid":"WL29_4"}','反馈图','29','6','13','5','安装成功','UrlWL29_4', '2018-04-18 18:29:58.544', '2018-04-18 18:29:58.544'),
('30','{"type":"WL","typeId":29,"uuid":"WL29_5"}','反馈图','29','6','13','5','安装成功','UrlWL29_5', '2018-04-18 18:29:58.544', '2018-04-18 18:29:58.544'),
('31','{"type":"WL","typeId":29,"uuid":"WL29_6"}','反馈图','29','6','13','5','安装成功','UrlWL29_6', '2018-04-18 18:29:58.544', '2018-04-18 18:29:58.544'),
('32','{"type":"WL","typeId":29,"uuid":"WL29_7"}','反馈图','29','6','13','5','安装成功','UrlWL29_7', '2018-04-18 18:29:58.544', '2018-04-18 18:29:58.544'),
('33','{"type":"WL","typeId":29,"uuid":"WL29_8"}','反馈图','29','6','13','5','安装成功','UrlWL29_8', '2018-04-18 18:29:58.544', '2018-04-18 18:29:58.544'),
('34','{"type":"WL","typeId":30,"uuid":"WL30_1"}','反馈图','30','6','14','6','安装成功','UrlWL30_1', '2018-04-18 18:29:58.544', '2018-04-18 18:29:58.544'),
('35','{"type":"WL","typeId":30,"uuid":"WL30_2"}','反馈图','30','6','14','6','安装成功','UrlWL30_2', '2018-04-18 18:29:58.544', '2018-04-18 18:29:58.544'),
('36','{"type":"WL","typeId":30,"uuid":"WL30_3"}','反馈图','30','6','14','6','安装成功','UrlWL30_3', '2018-04-18 18:29:58.544', '2018-04-18 18:29:58.544'),
('37','{"type":"WL","typeId":30,"uuid":"WL30_4"}','反馈图','30','6','14','6','安装成功','UrlWL30_4', '2018-04-18 18:29:58.544', '2018-04-18 18:29:58.544'),
('38','{"type":"WL","typeId":31,"uuid":"WL31_1"}','反馈图','31','6','15','6','丢失','UrlWL31_1', '2018-04-18 18:29:58.544', '2018-04-18 18:29:58.544'),
('39','{"type":"WL","typeId":31,"uuid":"WL31_2"}','反馈图','31','6','15','6','丢失','UrlWL31_2', '2018-04-18 18:29:58.544', '2018-04-18 18:29:58.544');

INSERT INTO WYWL
(id,EWM,status,WLId,GYSId,DDGTWLId,KDXId,AZFKType, createdAt, updatedAt)
VALUES
('40','{"type":"WL","typeId":32,"uuid":"WL32_1"}','反馈','32','6','16','12','安装成功', '2018-04-18 18:29:58.544', '2018-04-18 18:29:58.544'),
('41','{"type":"WL","typeId":32,"uuid":"WL32_2"}','反馈','32','6','16','12','安装成功', '2018-04-18 18:29:58.544', '2018-04-18 18:29:58.544');

INSERT INTO WYWLCZ
(id,WYWLId,status,UserId, createdAt, updatedAt)
VALUES
('1','1','入库','40', '2018-04-18 18:29:58.544', '2018-04-18 18:29:58.544'),
('2','2','入库','40', '2018-04-18 18:29:58.544', '2018-04-18 18:29:58.544'),
('3','3','装箱','40', '2018-04-18 18:29:58.544', '2018-04-18 18:29:58.544'),
('4','4','装箱','40', '2018-04-18 18:29:58.544', '2018-04-18 18:29:58.544'),
('5','5','装箱','40', '2018-04-18 18:29:58.544', '2018-04-18 18:29:58.544'),
('6','6','装箱','40', '2018-04-18 18:29:58.544', '2018-04-18 18:29:58.544'),
('7','7','装箱','40', '2018-04-18 18:29:58.544', '2018-04-18 18:29:58.544'),
('8','10','装箱','40', '2018-04-18 18:29:58.544', '2018-04-18 18:29:58.544'),
('9','10','发货','40', '2018-04-18 18:29:58.544', '2018-04-18 18:29:58.544'),
('10','12','装箱','40', '2018-04-18 18:29:58.544', '2018-04-18 18:29:58.544'),
('11','13','装箱','40', '2018-04-18 18:29:58.544', '2018-04-18 18:29:58.544'),
('12','14','装箱','40', '2018-04-18 18:29:58.544', '2018-04-18 18:29:58.544'),
('13','15','装箱','40', '2018-04-18 18:29:58.544', '2018-04-18 18:29:58.544'),
('14','16','装箱','40', '2018-04-18 18:29:58.544', '2018-04-18 18:29:58.544'),
('15','17','装箱','40', '2018-04-18 18:29:58.544', '2018-04-18 18:29:58.544'),
('16','18','装箱','40', '2018-04-18 18:29:58.544', '2018-04-18 18:29:58.544'),
('17','19','装箱','40', '2018-04-18 18:29:58.544', '2018-04-18 18:29:58.544'),
('18','12','发货','40', '2018-04-18 18:29:58.544', '2018-04-18 18:29:58.544'),
('19','13','发货','40', '2018-04-18 18:29:58.544', '2018-04-18 18:29:58.544'),
('20','14','发货','40', '2018-04-18 18:29:58.544', '2018-04-18 18:29:58.544'),
('21','15','发货','40', '2018-04-18 18:29:58.544', '2018-04-18 18:29:58.544'),
('22','16','发货','40', '2018-04-18 18:29:58.544', '2018-04-18 18:29:58.544'),
('23','17','发货','40', '2018-04-18 18:29:58.544', '2018-04-18 18:29:58.544'),
('24','18','发货','40', '2018-04-18 18:29:58.544', '2018-04-18 18:29:58.544'),
('25','19','发货','40', '2018-04-18 18:29:58.544', '2018-04-18 18:29:58.544'),
('26','20','装箱','40', '2018-04-18 18:29:58.544', '2018-04-18 18:29:58.544'),
('27','21','装箱','40', '2018-04-18 18:29:58.544', '2018-04-18 18:29:58.544'),
('28','22','装箱','40', '2018-04-18 18:29:58.544', '2018-04-18 18:29:58.544'),
('29','23','装箱','40', '2018-04-18 18:29:58.544', '2018-04-18 18:29:58.544'),
('30','20','发货','40', '2018-04-18 18:29:58.544', '2018-04-18 18:29:58.544'),
('31','21','发货','40', '2018-04-18 18:29:58.544', '2018-04-18 18:29:58.544'),
('32','22','发货','40', '2018-04-18 18:29:58.544', '2018-04-18 18:29:58.544'),
('33','23','发货','40', '2018-04-18 18:29:58.544', '2018-04-18 18:29:58.544'),
('34','20','收箱','24', '2018-04-18 18:29:58.544', '2018-04-18 18:29:58.544'),
('35','21','收箱','24', '2018-04-18 18:29:58.544', '2018-04-18 18:29:58.544'),
('36','22','收箱','24', '2018-04-18 18:29:58.544', '2018-04-18 18:29:58.544'),
('37','23','收箱','24', '2018-04-18 18:29:58.544', '2018-04-18 18:29:58.544'),
('38','24','装箱','40', '2018-04-18 18:29:58.544', '2018-04-18 18:29:58.544'),
('39','25','装箱','40', '2018-04-18 18:29:58.544', '2018-04-18 18:29:58.544'),
('40','24','发货','40', '2018-04-18 18:29:58.544', '2018-04-18 18:29:58.544'),
('41','25','发货','40', '2018-04-18 18:29:58.544', '2018-04-18 18:29:58.544'),
('42','24','收箱','24', '2018-04-18 18:29:58.544', '2018-04-18 18:29:58.544'),
('43','25','收箱','24', '2018-04-18 18:29:58.544', '2018-04-18 18:29:58.544'),
('44','24','收货','39', '2018-04-18 18:29:58.544', '2018-04-18 18:29:58.544'),
('45','25','收货','39', '2018-04-18 18:29:58.544', '2018-04-18 18:29:58.544'),
('46','26','装箱','40', '2018-04-18 18:29:58.544', '2018-04-18 18:29:58.544'),
('47','27','装箱','40', '2018-04-18 18:29:58.544', '2018-04-18 18:29:58.544'),
('48','28','装箱','40', '2018-04-18 18:29:58.544', '2018-04-18 18:29:58.544'),
('49','29','装箱','40', '2018-04-18 18:29:58.544', '2018-04-18 18:29:58.544'),
('50','30','装箱','40', '2018-04-18 18:29:58.544', '2018-04-18 18:29:58.544'),
('51','31','装箱','40', '2018-04-18 18:29:58.544', '2018-04-18 18:29:58.544'),
('52','32','装箱','40', '2018-04-18 18:29:58.544', '2018-04-18 18:29:58.544'),
('53','33','装箱','40', '2018-04-18 18:29:58.544', '2018-04-18 18:29:58.544'),
('54','34','装箱','40', '2018-04-18 18:29:58.544', '2018-04-18 18:29:58.544'),
('55','35','装箱','40', '2018-04-18 18:29:58.544', '2018-04-18 18:29:58.544'),
('56','36','装箱','40', '2018-04-18 18:29:58.544', '2018-04-18 18:29:58.544'),
('57','37','装箱','40', '2018-04-18 18:29:58.544', '2018-04-18 18:29:58.544'),
('58','38','装箱','40', '2018-04-18 18:29:58.544', '2018-04-18 18:29:58.544'),
('59','39','装箱','40', '2018-04-18 18:29:58.544', '2018-04-18 18:29:58.544'),
('60','26','发货','40', '2018-04-18 18:29:58.544', '2018-04-18 18:29:58.544'),
('61','27','发货','40', '2018-04-18 18:29:58.544', '2018-04-18 18:29:58.544'),
('62','28','发货','40', '2018-04-18 18:29:58.544', '2018-04-18 18:29:58.544'),
('63','29','发货','40', '2018-04-18 18:29:58.544', '2018-04-18 18:29:58.544'),
('64','30','发货','40', '2018-04-18 18:29:58.544', '2018-04-18 18:29:58.544'),
('65','31','发货','40', '2018-04-18 18:29:58.544', '2018-04-18 18:29:58.544'),
('66','32','发货','40', '2018-04-18 18:29:58.544', '2018-04-18 18:29:58.544'),
('67','33','发货','40', '2018-04-18 18:29:58.544', '2018-04-18 18:29:58.544'),
('68','34','发货','40', '2018-04-18 18:29:58.544', '2018-04-18 18:29:58.544'),
('69','35','发货','40', '2018-04-18 18:29:58.544', '2018-04-18 18:29:58.544'),
('70','36','发货','40', '2018-04-18 18:29:58.544', '2018-04-18 18:29:58.544'),
('71','37','发货','40', '2018-04-18 18:29:58.544', '2018-04-18 18:29:58.544'),
('72','38','发货','40', '2018-04-18 18:29:58.544', '2018-04-18 18:29:58.544'),
('73','39','发货','40', '2018-04-18 18:29:58.544', '2018-04-18 18:29:58.544'),
('74','26','收箱','25', '2018-04-18 18:29:58.544', '2018-04-18 18:29:58.544'),
('75','27','收箱','25', '2018-04-18 18:29:58.544', '2018-04-18 18:29:58.544'),
('76','28','收箱','25', '2018-04-18 18:29:58.544', '2018-04-18 18:29:58.544'),
('77','29','收箱','25', '2018-04-18 18:29:58.544', '2018-04-18 18:29:58.544'),
('78','30','收箱','25', '2018-04-18 18:29:58.544', '2018-04-18 18:29:58.544'),
('79','31','收箱','25', '2018-04-18 18:29:58.544', '2018-04-18 18:29:58.544'),
('80','32','收箱','25', '2018-04-18 18:29:58.544', '2018-04-18 18:29:58.544'),
('81','33','收箱','25', '2018-04-18 18:29:58.544', '2018-04-18 18:29:58.544'),
('82','34','收箱','25', '2018-04-18 18:29:58.544', '2018-04-18 18:29:58.544'),
('83','35','收箱','25', '2018-04-18 18:29:58.544', '2018-04-18 18:29:58.544'),
('84','36','收箱','25', '2018-04-18 18:29:58.544', '2018-04-18 18:29:58.544'),
('85','37','收箱','25', '2018-04-18 18:29:58.544', '2018-04-18 18:29:58.544'),
('86','38','收箱','25', '2018-04-18 18:29:58.544', '2018-04-18 18:29:58.544'),
('87','39','收箱','25', '2018-04-18 18:29:58.544', '2018-04-18 18:29:58.544'),
('88','26','收货','39', '2018-04-18 18:29:58.544', '2018-04-18 18:29:58.544'),
('89','27','收货','39', '2018-04-18 18:29:58.544', '2018-04-18 18:29:58.544'),
('90','28','收货','39', '2018-04-18 18:29:58.544', '2018-04-18 18:29:58.544'),
('91','29','收货','39', '2018-04-18 18:29:58.544', '2018-04-18 18:29:58.544'),
('92','30','收货','39', '2018-04-18 18:29:58.544', '2018-04-18 18:29:58.544'),
('93','31','收货','39', '2018-04-18 18:29:58.544', '2018-04-18 18:29:58.544'),
('94','32','收货','39', '2018-04-18 18:29:58.544', '2018-04-18 18:29:58.544'),
('95','33','收货','39', '2018-04-18 18:29:58.544', '2018-04-18 18:29:58.544'),
('96','34','收货','39', '2018-04-18 18:29:58.544', '2018-04-18 18:29:58.544'),
('97','35','收货','39', '2018-04-18 18:29:58.544', '2018-04-18 18:29:58.544'),
('98','36','收货','39', '2018-04-18 18:29:58.544', '2018-04-18 18:29:58.544'),
('99','37','收货','39', '2018-04-18 18:29:58.544', '2018-04-18 18:29:58.544'),
('100','38','收货','39', '2018-04-18 18:29:58.544', '2018-04-18 18:29:58.544'),
('101','39','收货','39', '2018-04-18 18:29:58.544', '2018-04-18 18:29:58.544'),
('102','26','反馈','39', '2018-04-18 18:29:58.544', '2018-04-18 18:29:58.544'),
('103','27','反馈','39', '2018-04-18 18:29:58.544', '2018-04-18 18:29:58.544'),
('104','28','反馈','39', '2018-04-18 18:29:58.544', '2018-04-18 18:29:58.544'),
('105','29','反馈','39', '2018-04-18 18:29:58.544', '2018-04-18 18:29:58.544'),
('106','30','反馈','39', '2018-04-18 18:29:58.544', '2018-04-18 18:29:58.544'),
('107','31','反馈','39', '2018-04-18 18:29:58.544', '2018-04-18 18:29:58.544'),
('108','32','反馈','39', '2018-04-18 18:29:58.544', '2018-04-18 18:29:58.544'),
('109','33','反馈','39', '2018-04-18 18:29:58.544', '2018-04-18 18:29:58.544'),
('110','34','反馈','39', '2018-04-18 18:29:58.544', '2018-04-18 18:29:58.544'),
('111','35','反馈','39', '2018-04-18 18:29:58.544', '2018-04-18 18:29:58.544'),
('112','36','反馈','39', '2018-04-18 18:29:58.544', '2018-04-18 18:29:58.544'),
('113','37','反馈','39', '2018-04-18 18:29:58.544', '2018-04-18 18:29:58.544'),
('114','38','反馈','39', '2018-04-18 18:29:58.544', '2018-04-18 18:29:58.544'),
('115','39','反馈','39', '2018-04-18 18:29:58.544', '2018-04-18 18:29:58.544'),
('116','26','反馈图','39', '2018-04-18 18:29:58.544', '2018-04-18 18:29:58.544'),
('117','27','反馈图','39', '2018-04-18 18:29:58.544', '2018-04-18 18:29:58.544'),
('118','28','反馈图','39', '2018-04-18 18:29:58.544', '2018-04-18 18:29:58.544'),
('119','29','反馈图','39', '2018-04-18 18:29:58.544', '2018-04-18 18:29:58.544'),
('120','30','反馈图','39', '2018-04-18 18:29:58.544', '2018-04-18 18:29:58.544'),
('121','31','反馈图','39', '2018-04-18 18:29:58.544', '2018-04-18 18:29:58.544'),
('122','32','反馈图','39', '2018-04-18 18:29:58.544', '2018-04-18 18:29:58.544'),
('123','33','反馈图','39', '2018-04-18 18:29:58.544', '2018-04-18 18:29:58.544'),
('124','34','反馈图','39', '2018-04-18 18:29:58.544', '2018-04-18 18:29:58.544'),
('125','35','反馈图','39', '2018-04-18 18:29:58.544', '2018-04-18 18:29:58.544'),
('126','36','反馈图','39', '2018-04-18 18:29:58.544', '2018-04-18 18:29:58.544'),
('127','37','反馈图','39', '2018-04-18 18:29:58.544', '2018-04-18 18:29:58.544'),
('128','38','反馈图','39', '2018-04-18 18:29:58.544', '2018-04-18 18:29:58.544'),
('129','39','反馈图','39', '2018-04-18 18:29:58.544', '2018-04-18 18:29:58.544'),
('130','40','入库','40', '2018-04-18 18:29:58.544', '2018-04-18 18:29:58.544'),
('131','41','入库','40', '2018-04-18 18:29:58.544', '2018-04-18 18:29:58.544'),
('132','40','装箱','40', '2018-04-18 18:29:58.544', '2018-04-18 18:29:58.544'),
('133','41','装箱','40', '2018-04-18 18:29:58.544', '2018-04-18 18:29:58.544'),
('134','40','发货','40', '2018-04-18 18:29:58.544', '2018-04-18 18:29:58.544'),
('135','41','发货','40', '2018-04-18 18:29:58.544', '2018-04-18 18:29:58.544'),
('136','40','收箱','41', '2018-04-18 18:29:58.544', '2018-04-18 18:29:58.544'),
('137','41','收箱','41', '2018-04-18 18:29:58.544', '2018-04-18 18:29:58.544'),
('138','40','收货','39', '2018-04-18 18:29:58.544', '2018-04-18 18:29:58.544'),
('139','41','收货','39', '2018-04-18 18:29:58.544', '2018-04-18 18:29:58.544'),
('140','40','反馈','39', '2018-04-18 18:29:58.544', '2018-04-18 18:29:58.544'),
('141','41','反馈','39', '2018-04-18 18:29:58.544', '2018-04-18 18:29:58.544');

INSERT INTO WYDP
(id,EWM,status,DPId,GYSId,DDDWDPId,KDXId, createdAt, updatedAt)
VALUES
('1','{"type":"DP","typeId":8,"uuid":"DP9"}','装箱','8','6','7','7', '2018-04-18 18:29:58.544', '2018-04-18 18:29:58.544'),
('2','{"type":"DP","typeId":8,"uuid":"DP8"}','发货','8','6','5','2', '2018-04-18 18:29:58.544', '2018-04-18 18:29:58.544'),
('3','{"type":"DP","typeId":10,"uuid":"DP10"}','收箱','10','6','7','8', '2018-04-18 18:29:58.544', '2018-04-18 18:29:58.544'),
('4','{"type":"DP","typeId":11,"uuid":"DP11"}','收货','11','6','8','9', '2018-04-18 18:29:58.544', '2018-04-18 18:29:58.544');

INSERT INTO WYDP
(id,EWM,status,DPId,GYSId,DDDWDPId,KDXId,AZFKType,imageUrl, createdAt, updatedAt)
VALUES
('5','{"type":"DP","typeId":12,"uuid":"DP12"}','反馈图','12','6','9','10','安装成功','UrlDP12', '2018-04-18 18:29:58.544', '2018-04-18 18:29:58.544'),
('6','{"type":"DP","typeId":13,"uuid":"DP13"}','反馈图','13','6','10','11','尺寸不对','UrlDP13', '2018-04-18 18:29:58.544', '2018-04-18 18:29:58.544');

INSERT INTO WYDP
(id,EWM,status,DPId,GYSId,DDDWDPId,KDXId,AZFKType, createdAt, updatedAt)
VALUES
('7','{"type":"DP","typeId":14,"uuid":"DP14"}','反馈','14','6','11','13','安装成功', '2018-04-18 18:29:58.544', '2018-04-18 18:29:58.544');

INSERT INTO WYDPCZ
(id,WYDPId,status,UserId, createdAt, updatedAt)
VALUES
('1','1','装箱','40', '2018-04-18 18:29:58.544', '2018-04-18 18:29:58.544'),
('2','2','装箱','40', '2018-04-18 18:29:58.544', '2018-04-18 18:29:58.544'),
('3','2','发货','40', '2018-04-18 18:29:58.544', '2018-04-18 18:29:58.544'),
('4','3','装箱','40', '2018-04-18 18:29:58.544', '2018-04-18 18:29:58.544'),
('5','3','发货','40', '2018-04-18 18:29:58.544', '2018-04-18 18:29:58.544'),
('6','3','收箱','23', '2018-04-18 18:29:58.544', '2018-04-18 18:29:58.544'),
('7','4','装箱','40', '2018-04-18 18:29:58.544', '2018-04-18 18:29:58.544'),
('8','4','发货','40', '2018-04-18 18:29:58.544', '2018-04-18 18:29:58.544'),
('9','4','收箱','24', '2018-04-18 18:29:58.544', '2018-04-18 18:29:58.544'),
('10','4','收货','39', '2018-04-18 18:29:58.544', '2018-04-18 18:29:58.544'),
('11','5','装箱','40', '2018-04-18 18:29:58.544', '2018-04-18 18:29:58.544'),
('12','6','装箱','40', '2018-04-18 18:29:58.544', '2018-04-18 18:29:58.544'),
('13','5','发货','40', '2018-04-18 18:29:58.544', '2018-04-18 18:29:58.544'),
('14','6','发货','40', '2018-04-18 18:29:58.544', '2018-04-18 18:29:58.544'),
('15','5','收箱','25', '2018-04-18 18:29:58.544', '2018-04-18 18:29:58.544'),
('16','6','收箱','25', '2018-04-18 18:29:58.544', '2018-04-18 18:29:58.544'),
('17','5','收货','39', '2018-04-18 18:29:58.544', '2018-04-18 18:29:58.544'),
('18','6','收货','39', '2018-04-18 18:29:58.544', '2018-04-18 18:29:58.544'),
('19','5','反馈','39', '2018-04-18 18:29:58.544', '2018-04-18 18:29:58.544'),
('20','6','反馈','39', '2018-04-18 18:29:58.544', '2018-04-18 18:29:58.544'),
('21','5','反馈图','39', '2018-04-18 18:29:58.544', '2018-04-18 18:29:58.544'),
('22','6','反馈图','39', '2018-04-18 18:29:58.544', '2018-04-18 18:29:58.544'),
('23','7','装箱','40', '2018-04-18 18:29:58.544', '2018-04-18 18:29:58.544'),
('24','7','发货','40', '2018-04-18 18:29:58.544', '2018-04-18 18:29:58.544'),
('25','7','收箱','41', '2018-04-18 18:29:58.544', '2018-04-18 18:29:58.544'),
('26','7','收货','39', '2018-04-18 18:29:58.544', '2018-04-18 18:29:58.544'),
('27','7','反馈','39', '2018-04-18 18:29:58.544', '2018-04-18 18:29:58.544');
