
INSERT INTO User
(Id,username,password,JS, createdAt, updatedAt)
VALUES
('1','admin','$2a$08$SM5.XvByGsGUjcs/DXRW4.kZW2WoEZEdWnj5fk1YlamlNWhKfe6l2','系统管理员', '2018-04-18 07:16:42.874', '2018-04-18 07:16:42.874'),
('2','PPJL1','$2a$08$uCfbVpQxkvtYE6tsXduGHOFAI4H/RxHDHeQtLG/UhRgl.phxpS3wC','品牌经理', '2018-04-18 07:16:42.874', '2018-04-18 07:16:42.874'),
('3','PPJL2','$2a$08$r6r3oLg.FztAXZ6gxSS3Fu2osT6VgA29xJJECPTctO.jR0/tUTEWe','品牌经理', '2018-04-18 07:16:42.874', '2018-04-18 07:16:42.874'),
('4','PPJL3','$2a$08$Pz4Pc7uZCEbEDpZQUSx7zOwygvy35LEfR3/ZqPEQwTjRrd4yLHp9K','品牌经理', '2018-04-18 07:16:42.874', '2018-04-18 07:16:42.874'),
('5','PPJL4','$2a$08$.7DLJDNORTs7Nhsp3SX2u.tqx.D0oaFwHT8.CDlf3Lj5fm/BuaONy','品牌经理', '2018-04-18 07:16:42.874', '2018-04-18 07:16:42.874'),
('6','PPJL5','$2a$08$4Ye/nDgqRyMNrPsXPbVRJu5dpNBOFs6wOiA3zwRQqFC9IHpmGLCnS','品牌经理', '2018-04-18 07:16:42.874', '2018-04-18 07:16:42.874'),
('7','PPJL6','$2a$08$nV8iDTjeu6ctW4FLdnge5.8.mjGm73P2Mj59TbdAwb.x4a.L6gqfm','品牌经理', '2018-04-18 07:16:42.874', '2018-04-18 07:16:42.874'),
('8','KFJL1','$2a$08$QBFucZSOGHXHOBvQu88p9OXRYO619mlrhAEMdCnLn8PaB27XA7gHq','客服经理', '2018-04-18 07:16:42.874', '2018-04-18 07:16:42.874'),
('9','KFJL2','$2a$08$umrtSaQYtl24hIysddEoGuNIbntb.ikjb/sxuxdrKf4aMzhU1lRM6','客服经理', '2018-04-18 07:16:42.874', '2018-04-18 07:16:42.874'),
('10','KFJL3','$2a$08$1Aa7C2VPwwGbXTeWZvd7kORHAjq1wRx9TsPSBU07tiR6bVAU0JFaS','客服经理', '2018-04-18 07:16:42.874', '2018-04-18 07:16:42.874'),
('11','KFJL4','$2a$08$LnkGS7cFkXjQ2hFvgUB.W.VyxtWRcGMHv8bnq.WOxwq4LVcJUbzj6','客服经理', '2018-04-18 07:16:42.874', '2018-04-18 07:16:42.874'),
('12','KFJL5','$2a$08$WCabREXMu7opQhLcpkBsbuYElVunCgq7X9dPjChapE07pPf/sNb9S','客服经理', '2018-04-18 07:16:42.874', '2018-04-18 07:16:42.874'),
('13','KFJL6','$2a$08$5XpX7PC3YErcl/ScS.uvQ.aNvmh68jnHSxbHPZLPbrmuXddHZRCku','客服经理', '2018-04-18 07:16:42.874', '2018-04-18 07:16:42.874'),
('14','GZ1','$2a$08$XRok.WFth3bt0df.xJ/J4.WziaKNqo/rNoVWW0uf5gvflR7YGnv6e','柜长', '2018-04-18 07:16:42.874', '2018-04-18 07:16:42.874'),
('15','GZ2','$2a$08$8Edk.L.0O8X40rA4bV5ocuyOQk4qHfHhM86IOAtWoHHGzgHsWLoY2','柜长', '2018-04-18 07:16:42.874', '2018-04-18 07:16:42.874'),
('16','GZ3','$2a$08$uBSzVK.5muk8NPtBHkR7YeXaPvu7s5XT5bMSdclZxr/ghqd.c6vMK','柜长', '2018-04-18 07:16:42.874', '2018-04-18 07:16:42.874'),
('17','GTBA1','$2a$08$0v1SrOFO7zDdcM9M6MntyOc62NJuGZwahMmfCjv0hXE09p2joo2ui','柜台BA', '2018-04-18 07:16:42.874', '2018-04-18 07:16:42.874'),
('18','GTBA2','$2a$08$OQbcb/OVlRCz6D3GyQhvjesEVkAw4x3NsJlo5tkB921x1iDDZ/aXC','柜台BA', '2018-04-18 07:16:42.874', '2018-04-18 07:16:42.874'),
('19','GTBA3','$2a$08$bzfw5yNEwq14NfrFJHAeiu.0e4z7TfvlVOGcgVgSskcJU.eEzH/vS','柜台BA', '2018-04-18 07:16:42.874', '2018-04-18 07:16:42.874'),
('20','GTBA4','$2a$08$c4SALvGeUdW0UAKcra2KOur4/rBjE8x44pQzBytclfRtKUHrOjNsm','柜台BA', '2018-04-18 07:16:42.874', '2018-04-18 07:16:42.874'),
('21','GTBA5','$2a$08$6EiAizw0y8aDLSF288lvGOd7zK5abiWWpz0Xd0hK0O9TLJOSHxBhW','柜台BA', '2018-04-18 07:16:42.874', '2018-04-18 07:16:42.874'),
('22','GTBA6','$2a$08$OfSC41nJsiayOME305sMKulAMireT3q1BYRfROUCMWh8ySupFIDne','柜台BA', '2018-04-18 07:16:42.874', '2018-04-18 07:16:42.874'),
('23','GTBA7','$2a$08$PE9GteI7ZRTvCBx4WPD7v.EXv3Pmyt3eUowtEDIq6ktAdzCDpqPb.','柜台BA', '2018-04-18 07:16:42.874', '2018-04-18 07:16:42.874'),
('24','GTBA8','$2a$08$6EBeEVth4YNy6RTyvmbx4.9IsAIEF.N1PGYIbfHOzxdx2J/4Y4F/6','柜台BA', '2018-04-18 07:16:42.874', '2018-04-18 07:16:42.874'),
('25','GTBA9','$2a$08$TqCz4ZwcTjFWoQnVYM0bNuH086VWc9cKwqm9MBvec.PuQEYvitBKa','柜台BA', '2018-04-18 07:16:42.874', '2018-04-18 07:16:42.874'),
('26','GYSGLY1','$2a$08$VYBa3gFS.gSHQJ0VY.aPN.sC3vGz7kmUK26vLO5tJk/f7oU3szuo6','供应商管理员', '2018-04-18 07:16:42.874', '2018-04-18 07:16:42.874'),
('27','GYSGLY2','$2a$08$8pVvlR2dBdmuTNMBaM0sMeBKwxbOEfACsqWIvjvCIfePDMpSFtm5S','供应商管理员', '2018-04-18 07:16:42.874', '2018-04-18 07:16:42.874'),
('28','GYSGLY3','$2a$08$RMGEtj1/USJN5HyroF3JL.q6LyQe43DYALPwBRDinXX2vJ.Jd1iHG','供应商管理员', '2018-04-18 07:16:42.874', '2018-04-18 07:16:42.874'),
('29','ZHY1','$2a$08$oSFYCT5MIaiaTJSyDec.gun8v/Y.P/ebhvCaj3vICt.P6IiMe1ApW','装货员', '2018-04-18 07:16:42.874', '2018-04-18 07:16:42.874'),
('30','ZHY2','$2a$08$NhtswNRvgopcq4v.srMt9uzB8gGQznKyFh5elu86P3Mjqy3Zpq8Me','装货员', '2018-04-18 07:16:42.874', '2018-04-18 07:16:42.874'),
('31','ZHY3','$2a$08$xaxJQ7expZNgA8xskihMuuBifxBocCdqDXZswJNGwaFBx0ZH4.Uv2','装货员', '2018-04-18 07:16:42.874', '2018-04-18 07:16:42.874'),
('32','AZGSGLY1','$2a$08$vQ9uzXigGugqQ64jvGg/7e/dKlLw/rmns5h7nesqiyUPV4sq7I2Re','安装公司管理员', '2018-04-18 07:16:42.874', '2018-04-18 07:16:42.874'),
('33','AZGSGLY2','$2a$08$VKI3BvkPMAA5O0pkgmvBb.jWJgjfn9d5eehpJMJ6dHd/EAcJBwIZW','安装公司管理员', '2018-04-18 07:16:42.874', '2018-04-18 07:16:42.874'),
('34','AZG1','$2a$08$qfhPv3WWdYkA/gkXThOYnuCsW6nKPoBAOJwCJ45DaLtNGJVULxHba','安装工', '2018-04-18 07:16:42.874', '2018-04-18 07:16:42.874'),
('35','AZG2','$2a$08$k63261PCuz7ZLT8Br.4oDOxNLFXQEbSkro1fdWVWI.d1.rCBtGR3a','安装工', '2018-04-18 07:16:42.874', '2018-04-18 07:16:42.874'),
('36','AZG3','$2a$08$ZPiuChoZCe07ntVTLn3bf.Z8Z4v340Yd0ecD8jkxbyP5RJwG3MiLe','安装工', '2018-04-18 07:16:42.874', '2018-04-18 07:16:42.874'),
('37','AZG4','$2a$08$COxctdsB5rMnhQrALYMoyONHWXNUcTSCsVbeM20idS4shZ8PJ/Lgu','安装工', '2018-04-18 07:16:42.874', '2018-04-18 07:16:42.874'),
('38','AZG5','$2a$08$PwyMbyZUxYlZJRDvXXKkae4JUyaDK2SejN3EluyVDt3bpQKAmPGui','安装工', '2018-04-18 07:16:42.874', '2018-04-18 07:16:42.874'),
('39','AZG6','$2a$08$uXJd7b6umMacDlWHBPxiZuZhsOp3mCnO.nkkwoqsx3loD1pIOfFiK','安装工', '2018-04-18 07:16:42.874', '2018-04-18 07:16:42.874'),
('40','ZHY4','$2a$08$TIrpyws8ajJ.3Zvq1Nqll.RXk.19mDAzp/5WRQtZHJarjkm0MDA0G','装货员', '2018-04-18 07:16:42.874', '2018-04-18 07:16:42.874'),
('41','GTBA10','$2a$08$gBHJ2TbVCEXl9lhHWAKGfO25pxVc9SfZjV.d33j4MO.WlOKkhZnFK','柜台BA', '2018-04-18 07:16:42.874', '2018-04-18 07:16:42.874'),
('42','GZ4','$2a$08$PGvUxMIhC3bFOpVbvyhStehCW457Rr/BVS1FRMSg09lyn6Sqf3nxe','柜长', '2018-04-18 07:16:42.874', '2018-04-18 07:16:42.874'),
('43','GTBA11','$2a$08$.LUGogOeTbVyPKOBPpqGsO8ky4YzF4mQ.xCvghj9x8dfOUQ59Rlb.','柜台BA', '2018-04-18 07:16:42.874', '2018-04-18 07:16:42.874'),
('44','GYSGLY6','$2a$08$tTNhjp41SaxbO/vv.gE82OGyQ/EkQEIZ3HX1c1qNhkcNONjyIVo4u','供应商管理员', '2018-04-18 07:16:42.874', '2018-04-18 07:16:42.874'),
('45','AZGSGLY5','$2a$08$1k/ASd9EZGMbRYdz7fhyReI0guHZEoshJxu0yeUrgkKeGl9vwhW5S','安装公司管理员', '2018-04-18 07:16:42.874', '2018-04-18 07:16:42.874');

INSERT INTO PP
(id,name, createdAt, updatedAt)
VALUES
('1','PP1', '2018-04-18 07:16:42.874', '2018-04-18 07:16:42.874'),
('2','PP2', '2018-04-18 07:16:42.874', '2018-04-18 07:16:42.874'),
('3','PP3', '2018-04-18 07:16:42.874', '2018-04-18 07:16:42.874'),
('4','PP4', '2018-04-18 07:16:42.874', '2018-04-18 07:16:42.874'),
('5','PP5', '2018-04-18 07:16:42.874', '2018-04-18 07:16:42.874'),
('6','PP6', '2018-04-18 07:16:42.874', '2018-04-18 07:16:42.874'),
('7','PP7', '2018-04-18 07:16:42.874', '2018-04-18 07:16:42.874');

INSERT INTO PPJL_PP
(UserId,PPId, createdAt, updatedAt)
VALUES
('2','1', '2018-04-18 07:16:42.874', '2018-04-18 07:16:42.874'),
('3','2', '2018-04-18 07:16:42.874', '2018-04-18 07:16:42.874'),
('5','4', '2018-04-18 07:16:42.874', '2018-04-18 07:16:42.874'),
('6','5', '2018-04-18 07:16:42.874', '2018-04-18 07:16:42.874'),
('7','6', '2018-04-18 07:16:42.874', '2018-04-18 07:16:42.874');

INSERT INTO KFJL_PP
(UserId,PPId, createdAt, updatedAt)
VALUES
('8','1', '2018-04-18 07:16:42.874', '2018-04-18 07:16:42.874'),
('9','2', '2018-04-18 07:16:42.874', '2018-04-18 07:16:42.874'),
('11','4', '2018-04-18 07:16:42.874', '2018-04-18 07:16:42.874'),
('12','5', '2018-04-18 07:16:42.874', '2018-04-18 07:16:42.874'),
('13','6', '2018-04-18 07:16:42.874', '2018-04-18 07:16:42.874');

INSERT INTO GZ_PP
(UserId,PPId, createdAt, updatedAt)
VALUES
('14','1', '2018-04-18 07:16:42.874', '2018-04-18 07:16:42.874'),
('15','1', '2018-04-18 07:16:42.874', '2018-04-18 07:16:42.874'),
('16','2', '2018-04-18 07:16:42.874', '2018-04-18 07:16:42.874'),
('42','7', '2018-04-18 07:16:42.874', '2018-04-18 07:16:42.874');

INSERT INTO GT
(id,name,code,PPId,QY,GTBAUserId,GZUserId,CS, createdAt, updatedAt)
VALUES
('1','GT1','1','1','东区','17','14','上海', '2018-04-18 07:16:42.874', '2018-04-18 07:16:42.874'),
('2','GT2','2','1','东区','18','14','上海', '2018-04-18 07:16:42.874', '2018-04-18 07:16:42.874'),
('3','GT3','3','1','北区','19','15','北京', '2018-04-18 07:16:42.874', '2018-04-18 07:16:42.874'),
('4','GT4','4','1','北区','20','15','北京', '2018-04-18 07:16:42.874', '2018-04-18 07:16:42.874'),
('5','GT5','5','2','东区','21','16','广州', '2018-04-18 07:16:42.874', '2018-04-18 07:16:42.874');

INSERT INTO GT
(id,name,code,PPId,QY,GTBAUserId,CS, createdAt, updatedAt)
VALUES
('6','GT6','6','3','东区','22','上海', '2018-04-18 07:16:42.874', '2018-04-18 07:16:42.874'),
('7','GT7','7','4','东区','23','上海', '2018-04-18 07:16:42.874', '2018-04-18 07:16:42.874'),
('8','GT8','8','5','东区','24','上海', '2018-04-18 07:16:42.874', '2018-04-18 07:16:42.874'),
('9','GT9','9','6','东区','25','上海', '2018-04-18 07:16:42.874', '2018-04-18 07:16:42.874'),
('10','GT10','10','7','东区','41','上海', '2018-04-18 07:16:42.874', '2018-04-18 07:16:42.874'),
('11','GT11','11','7','东区','43','上海', '2018-04-18 07:16:42.874', '2018-04-18 07:16:42.874');

INSERT INTO GYS
(id,Name,type, createdAt, updatedAt)
VALUES
('1','GYS1','生产', '2018-04-18 07:16:42.874', '2018-04-18 07:16:42.874'),
('2','GYS2','生产', '2018-04-18 07:16:42.874', '2018-04-18 07:16:42.874'),
('3','GYS3','生产', '2018-04-18 07:16:42.874', '2018-04-18 07:16:42.874'),
('4','GYS4','生产', '2018-04-18 07:16:42.874', '2018-04-18 07:16:42.874'),
('5','GYS5','中转', '2018-04-18 07:16:42.874', '2018-04-18 07:16:42.874'),
('6','GYS6','生产', '2018-04-18 07:16:42.874', '2018-04-18 07:16:42.874');

INSERT INTO GLY_GYS
(UserId,GYSId, createdAt, updatedAt)
VALUES
('26','1', '2018-04-18 07:16:42.874', '2018-04-18 07:16:42.874'),
('27','1', '2018-04-18 07:16:42.874', '2018-04-18 07:16:42.874'),
('28','2', '2018-04-18 07:16:42.874', '2018-04-18 07:16:42.874'),
('44','6', '2018-04-18 07:16:42.874', '2018-04-18 07:16:42.874');

INSERT INTO ZHY_GYS
(UserId,GYSId, createdAt, updatedAt)
VALUES
('29','1', '2018-04-18 07:16:42.874', '2018-04-18 07:16:42.874'),
('30','2', '2018-04-18 07:16:42.874', '2018-04-18 07:16:42.874'),
('31','3', '2018-04-18 07:16:42.874', '2018-04-18 07:16:42.874'),
('40','6', '2018-04-18 07:16:42.874', '2018-04-18 07:16:42.874');

INSERT INTO AZGS
(id,name, createdAt, updatedAt)
VALUES
('1','AZGS1', '2018-04-18 07:16:42.874', '2018-04-18 07:16:42.874'),
('2','AZGS2', '2018-04-18 07:16:42.874', '2018-04-18 07:16:42.874'),
('3','AZGS3', '2018-04-18 07:16:42.874', '2018-04-18 07:16:42.874'),
('4','AZGS4', '2018-04-18 07:16:42.874', '2018-04-18 07:16:42.874'),
('5','AZGS5', '2018-04-18 07:16:42.874', '2018-04-18 07:16:42.874');

INSERT INTO GLY_AZGS
(UserId,AZGSId, createdAt, updatedAt)
VALUES
('32','1', '2018-04-18 07:16:42.874', '2018-04-18 07:16:42.874'),
('33','2', '2018-04-18 07:16:42.874', '2018-04-18 07:16:42.874'),
('45','5', '2018-04-18 07:16:42.874', '2018-04-18 07:16:42.874');

INSERT INTO AZG_AZGS
(UserId,AZGSId, createdAt, updatedAt)
VALUES
('34','1', '2018-04-18 07:16:42.874', '2018-04-18 07:16:42.874'),
('35','1', '2018-04-18 07:16:42.874', '2018-04-18 07:16:42.874'),
('36','2', '2018-04-18 07:16:42.874', '2018-04-18 07:16:42.874'),
('37','3', '2018-04-18 07:16:42.874', '2018-04-18 07:16:42.874'),
('38','4', '2018-04-18 07:16:42.874', '2018-04-18 07:16:42.874'),
('39','5', '2018-04-18 07:16:42.874', '2018-04-18 07:16:42.874');

INSERT INTO DP
(id,name,PPId,GYSId, createdAt, updatedAt)
VALUES
('1','DP1','1','3', '2018-04-18 07:16:42.874', '2018-04-18 07:16:42.874'),
('2','DP2','1','4', '2018-04-18 07:16:42.874', '2018-04-18 07:16:42.874'),
('3','DP3','1','3', '2018-04-18 07:16:42.874', '2018-04-18 07:16:42.874'),
('4','DP4','2','3', '2018-04-18 07:16:42.874', '2018-04-18 07:16:42.874'),
('5','DP5','2','3', '2018-04-18 07:16:42.874', '2018-04-18 07:16:42.874'),
('6','DP6','3','3', '2018-04-18 07:16:42.874', '2018-04-18 07:16:42.874'),
('7','DP7','3','3', '2018-04-18 07:16:42.874', '2018-04-18 07:16:42.874'),
('8','DP8','4','6', '2018-04-18 07:16:42.874', '2018-04-18 07:16:42.874'),
('9','DP9','4','6', '2018-04-18 07:16:42.874', '2018-04-18 07:16:42.874'),
('10','DP10','5','6', '2018-04-18 07:16:42.874', '2018-04-18 07:16:42.874'),
('11','DP11','5','6', '2018-04-18 07:16:42.874', '2018-04-18 07:16:42.874'),
('12','DP12','6','6', '2018-04-18 07:16:42.874', '2018-04-18 07:16:42.874'),
('13','DP13','6','6', '2018-04-18 07:16:42.874', '2018-04-18 07:16:42.874'),
('14','DP14','7','6', '2018-04-18 07:16:42.874', '2018-04-18 07:16:42.874');

INSERT INTO DW
(id,name,GTId,DPId, createdAt, updatedAt)
VALUES
('1','DW1','1','1', '2018-04-18 07:16:42.874', '2018-04-18 07:16:42.874'),
('2','DW2','1','2', '2018-04-18 07:16:42.874', '2018-04-18 07:16:42.874'),
('3','DW3','1','2', '2018-04-18 07:16:42.874', '2018-04-18 07:16:42.874'),
('4','DW1','2','1', '2018-04-18 07:16:42.874', '2018-04-18 07:16:42.874'),
('5','DW2','2','2', '2018-04-18 07:16:42.874', '2018-04-18 07:16:42.874'),
('6','DW4','2','3', '2018-04-18 07:16:42.874', '2018-04-18 07:16:42.874'),
('9','DW1','6','6', '2018-04-18 07:16:42.874', '2018-04-18 07:16:42.874'),
('10','DW2','6','7', '2018-04-18 07:16:42.874', '2018-04-18 07:16:42.874'),
('11','DW1','7','8', '2018-04-18 07:16:42.874', '2018-04-18 07:16:42.874'),
('12','DW2','7','9', '2018-04-18 07:16:42.874', '2018-04-18 07:16:42.874'),
('13','DW1','8','10', '2018-04-18 07:16:42.874', '2018-04-18 07:16:42.874'),
('14','DW2','8','11', '2018-04-18 07:16:42.874', '2018-04-18 07:16:42.874'),
('15','DW1','9','12', '2018-04-18 07:16:42.874', '2018-04-18 07:16:42.874'),
('16','DW2','9','13', '2018-04-18 07:16:42.874', '2018-04-18 07:16:42.874'),
('17','DW1','10','14', '2018-04-18 07:16:42.874', '2018-04-18 07:16:42.874'),
('20','DW3','5','4', '2018-04-18 07:16:42.874', '2018-04-18 07:16:42.874'),
('21','DW4','5','5', '2018-04-18 07:16:42.874', '2018-04-18 07:16:42.874'),
('22','DW3','7','8', '2018-04-18 07:16:42.874', '2018-04-18 07:16:42.874');

INSERT INTO DW
(id,name,GTId, createdAt, updatedAt)
VALUES
('7','DW1','5', '2018-04-18 07:16:42.874', '2018-04-18 07:16:42.874'),
('8','DW2','5', '2018-04-18 07:16:42.874', '2018-04-18 07:16:42.874'),
('18','DW2','10', '2018-04-18 07:16:42.874', '2018-04-18 07:16:42.874'),
('19','DW1','11', '2018-04-18 07:16:42.874', '2018-04-18 07:16:42.874');

INSERT INTO FG
(id,name,PPId,note, createdAt, updatedAt)
VALUES
('1','FG1','1','NoteFG1', '2018-04-18 07:16:42.874', '2018-04-18 07:16:42.874'),
('2','FG2','1','NoteFG2', '2018-04-18 07:16:42.874', '2018-04-18 07:16:42.874'),
('3','FG3','1','NoteFG3', '2018-04-18 07:16:42.874', '2018-04-18 07:16:42.874');

INSERT INTO Tester
(id,name,PPId, createdAt, updatedAt)
VALUES
('1','Tester1','1', '2018-04-18 07:16:42.874', '2018-04-18 07:16:42.874'),
('2','Tester2','1', '2018-04-18 07:16:42.874', '2018-04-18 07:16:42.874'),
('3','Tester3','1', '2018-04-18 07:16:42.874', '2018-04-18 07:16:42.874');

INSERT INTO FG_Tester
(id,FGId,TesterId,PPId, createdAt, updatedAt)
VALUES
('1','1','1','1', '2018-04-18 07:16:42.874', '2018-04-18 07:16:42.874'),
('2','2','2','1', '2018-04-18 07:16:42.874', '2018-04-18 07:16:42.874'),
('3','2','3','1', '2018-04-18 07:16:42.874', '2018-04-18 07:16:42.874'),
('4','3','1','1', '2018-04-18 07:16:42.874', '2018-04-18 07:16:42.874');

INSERT INTO WL
(id,name,code,level,PPId,GYSId,imageUrl, createdAt, updatedAt)
VALUES
('1','WL3_1','1_3_1','3','1','1','UrlWL3_1', '2018-04-18 07:16:42.874', '2018-04-18 07:16:42.874'),
('2','WL3_2','1_3_2','3','1','1','UrlWL3_2', '2018-04-18 07:16:42.874', '2018-04-18 07:16:42.874'),
('3','WL3_3','1_3_3','3','1','2','UrlWL3_3', '2018-04-18 07:16:42.874', '2018-04-18 07:16:42.874'),
('4','WL3_4','1_3_4','3','1','2','UrlWL3_4', '2018-04-18 07:16:42.874', '2018-04-18 07:16:42.874'),
('5','WL2_1','1_2_1','2','1','1','UrlWL2_1', '2018-04-18 07:16:42.874', '2018-04-18 07:16:42.874'),
('6','WL2_2','1_2_2','2','1','1','UrlWL2_2', '2018-04-18 07:16:42.874', '2018-04-18 07:16:42.874'),
('7','WL2_3','1_2_3','2','1','1','UrlWL2_3', '2018-04-18 07:16:42.874', '2018-04-18 07:16:42.874'),
('8','WL2_4','1_2_4','2','1','2','UrlWL2_4', '2018-04-18 07:16:42.874', '2018-04-18 07:16:42.874'),
('9','WL2_5','1_2_5','2','1','2','UrlWL2_5', '2018-04-18 07:16:42.874', '2018-04-18 07:16:42.874'),
('10','WL2_6','1_2_6','2','1','2','UrlWL2_6', '2018-04-18 07:16:42.874', '2018-04-18 07:16:42.874'),
('11','WL1_1','1_1_1','1','1','1','UrlWL1_1', '2018-04-18 07:16:42.874', '2018-04-18 07:16:42.874'),
('12','WL1_2','1_1_2','1','1','1','UrlWL1_2', '2018-04-18 07:16:42.874', '2018-04-18 07:16:42.874'),
('13','WL1_3','1_1_3','1','1','1','UrlWL1_3', '2018-04-18 07:16:42.874', '2018-04-18 07:16:42.874'),
('14','WL1_4','1_1_4','1','1','2','UrlWL1_4', '2018-04-18 07:16:42.874', '2018-04-18 07:16:42.874'),
('15','WL1_5','1_1_5','1','1','2','UrlWL1_5', '2018-04-18 07:16:42.874', '2018-04-18 07:16:42.874'),
('16','WL1_6','1_1_6','1','1','2','UrlWL1_6', '2018-04-18 07:16:42.874', '2018-04-18 07:16:42.874'),
('17','WL3_1','2_3_1','3','2','1','UrlWL3_1', '2018-04-18 07:16:42.874', '2018-04-18 07:16:42.874'),
('18','WL2_1','2_2_1','2','2','1','UrlWL2_1', '2018-04-18 07:16:42.874', '2018-04-18 07:16:42.874'),
('19','WL1_1','2_1_1','1','2','1','UrlWL1_1', '2018-04-18 07:16:42.874', '2018-04-18 07:16:42.874'),
('20','WL3_1','3_3_1','3','3','6','UrlWL3_1', '2018-04-18 07:16:42.874', '2018-04-18 07:16:42.874'),
('21','WL2_1','3_2_1','2','3','6','UrlWL2_1', '2018-04-18 07:16:42.874', '2018-04-18 07:16:42.874'),
('22','WL1_1','3_1_1','1','3','6','UrlWL1_1', '2018-04-18 07:16:42.874', '2018-04-18 07:16:42.874'),
('23','WL3_1','4_3_1','3','4','6','UrlWL3_1', '2018-04-18 07:16:42.874', '2018-04-18 07:16:42.874'),
('24','WL2_1','4_2_1','2','4','6','UrlWL2_1', '2018-04-18 07:16:42.874', '2018-04-18 07:16:42.874'),
('25','WL1_1','4_1_1','1','4','6','UrlWL1_1', '2018-04-18 07:16:42.874', '2018-04-18 07:16:42.874'),
('26','WL3_1','5_3_1','3','5','6','UrlWL3_1', '2018-04-18 07:16:42.874', '2018-04-18 07:16:42.874'),
('27','WL2_1','5_2_1','2','5','6','UrlWL2_1', '2018-04-18 07:16:42.874', '2018-04-18 07:16:42.874'),
('28','WL1_1','5_1_1','1','5','6','UrlWL1_1', '2018-04-18 07:16:42.874', '2018-04-18 07:16:42.874'),
('29','WL3_1','6_3_1','3','6','6','UrlWL3_1', '2018-04-18 07:16:42.874', '2018-04-18 07:16:42.874'),
('30','WL2_1','6_2_1','2','6','6','UrlWL2_1', '2018-04-18 07:16:42.874', '2018-04-18 07:16:42.874'),
('31','WL1_1','6_1_1','1','6','6','UrlWL1_1', '2018-04-18 07:16:42.874', '2018-04-18 07:16:42.874'),
('32','WL1_1','7_1_1','1','7','6','UrlWL1_1', '2018-04-18 07:16:42.874', '2018-04-18 07:16:42.874');

INSERT INTO EJZH
(id,name,WLId,PPId,imageUrl, createdAt, updatedAt)
VALUES
('1','EJZH1','5','1','imageUrlEJZH1', '2018-04-18 07:16:42.874', '2018-04-18 07:16:42.874'),
('2','EJZH2','6','1','imageUrlEJZH2', '2018-04-18 07:16:42.874', '2018-04-18 07:16:42.874'),
('3','EJZH3','7','1','imageUrlEJZH3', '2018-04-18 07:16:42.874', '2018-04-18 07:16:42.874'),
('4','EJZH4','8','1','imageUrlEJZH4', '2018-04-18 07:16:42.874', '2018-04-18 07:16:42.874'),
('5','EJZH5','9','1','imageUrlEJZH5', '2018-04-18 07:16:42.874', '2018-04-18 07:16:42.874'),
('6','EJZH6','10','1','imageUrlEJZH6', '2018-04-18 07:16:42.874', '2018-04-18 07:16:42.874'),
('7','EJZH7','18','2','imageUrlEJZH7', '2018-04-18 07:16:42.874', '2018-04-18 07:16:42.874'),
('8','EJZH8','21','3','imageUrlEJZH8', '2018-04-18 07:16:42.874', '2018-04-18 07:16:42.874'),
('9','EJZH9','24','4','imageUrlEJZH9', '2018-04-18 07:16:42.874', '2018-04-18 07:16:42.874'),
('10','EJZH10','27','5','imageUrlEJZH10', '2018-04-18 07:16:42.874', '2018-04-18 07:16:42.874'),
('11','EJZH11','30','6','imageUrlEJZH11', '2018-04-18 07:16:42.874', '2018-04-18 07:16:42.874');

INSERT INTO EJZH_FGTester
(EJZHId,FGTesterId,number, createdAt, updatedAt)
VALUES
('1','1','2', '2018-04-18 07:16:42.874', '2018-04-18 07:16:42.874'),
('2','2','2', '2018-04-18 07:16:42.874', '2018-04-18 07:16:42.874'),
('2','3','2', '2018-04-18 07:16:42.874', '2018-04-18 07:16:42.874'),
('3','1','2', '2018-04-18 07:16:42.874', '2018-04-18 07:16:42.874');

INSERT INTO EJZH_SJWL
(EJZHId,WLId,number, createdAt, updatedAt)
VALUES
('2','1','2', '2018-04-18 07:16:42.874', '2018-04-18 07:16:42.874'),
('3','2','2', '2018-04-18 07:16:42.874', '2018-04-18 07:16:42.874'),
('3','3','2', '2018-04-18 07:16:42.874', '2018-04-18 07:16:42.874'),
('4','1','2', '2018-04-18 07:16:42.874', '2018-04-18 07:16:42.874'),
('5','4','2', '2018-04-18 07:16:42.874', '2018-04-18 07:16:42.874'),
('7','17','2', '2018-04-18 07:16:42.874', '2018-04-18 07:16:42.874'),
('8','20','2', '2018-04-18 07:16:42.874', '2018-04-18 07:16:42.874'),
('9','23','2', '2018-04-18 07:16:42.874', '2018-04-18 07:16:42.874'),
('10','26','2', '2018-04-18 07:16:42.874', '2018-04-18 07:16:42.874'),
('11','29','2', '2018-04-18 07:16:42.874', '2018-04-18 07:16:42.874');

INSERT INTO YJZH
(id,name,WLId,PPId,imageUrl, createdAt, updatedAt)
VALUES
('1','YJZH1','11','1','imageUrlYJZH1', '2018-04-18 07:16:42.874', '2018-04-18 07:16:42.874'),
('2','YJZH2','12','1','imageUrlYJZH2', '2018-04-18 07:16:42.874', '2018-04-18 07:16:42.874'),
('3','YJZH3','13','1','imageUrlYJZH3', '2018-04-18 07:16:42.874', '2018-04-18 07:16:42.874'),
('4','YJZH4','14','1','imageUrlYJZH4', '2018-04-18 07:16:42.874', '2018-04-18 07:16:42.874'),
('5','YJZH5','15','1','imageUrlYJZH5', '2018-04-18 07:16:42.874', '2018-04-18 07:16:42.874'),
('6','YJZH6','16','1','imageUrlYJZH6', '2018-04-18 07:16:42.874', '2018-04-18 07:16:42.874'),
('7','YJZH7','19','2','imageUrlYJZH7', '2018-04-18 07:16:42.874', '2018-04-18 07:16:42.874'),
('8','YJZH8','22','3','imageUrlYJZH8', '2018-04-18 07:16:42.874', '2018-04-18 07:16:42.874'),
('9','YJZH9','25','4','imageUrlYJZH9', '2018-04-18 07:16:42.874', '2018-04-18 07:16:42.874'),
('10','YJZH10','28','5','imageUrlYJZH10', '2018-04-18 07:16:42.874', '2018-04-18 07:16:42.874'),
('11','YJZH11','31','6','imageUrlYJZH11', '2018-04-18 07:16:42.874', '2018-04-18 07:16:42.874'),
('12','YJZH12','32','7','imageUrlYJZH12', '2018-04-18 07:16:42.874', '2018-04-18 07:16:42.874');

INSERT INTO YJZH_EJZH
(YJZHId,EJZHId,number, createdAt, updatedAt)
VALUES
('1','1','2', '2018-04-18 07:16:42.874', '2018-04-18 07:16:42.874'),
('2','2','2', '2018-04-18 07:16:42.874', '2018-04-18 07:16:42.874'),
('2','3','2', '2018-04-18 07:16:42.874', '2018-04-18 07:16:42.874'),
('3','1','2', '2018-04-18 07:16:42.874', '2018-04-18 07:16:42.874'),
('4','4','2', '2018-04-18 07:16:42.874', '2018-04-18 07:16:42.874'),
('5','6','2', '2018-04-18 07:16:42.874', '2018-04-18 07:16:42.874'),
('7','7','2', '2018-04-18 07:16:42.874', '2018-04-18 07:16:42.874'),
('8','8','2', '2018-04-18 07:16:42.874', '2018-04-18 07:16:42.874'),
('9','9','2', '2018-04-18 07:16:42.874', '2018-04-18 07:16:42.874'),
('10','10','2', '2018-04-18 07:16:42.874', '2018-04-18 07:16:42.874'),
('11','11','2', '2018-04-18 07:16:42.874', '2018-04-18 07:16:42.874');

INSERT INTO GT_YJZH
(GTId,YJZHId,number, createdAt, updatedAt)
VALUES
('1','1','2', '2018-04-18 07:16:42.874', '2018-04-18 07:16:42.874'),
('2','2','2', '2018-04-18 07:16:42.874', '2018-04-18 07:16:42.874'),
('2','3','2', '2018-04-18 07:16:42.874', '2018-04-18 07:16:42.874'),
('3','1','2', '2018-04-18 07:16:42.874', '2018-04-18 07:16:42.874'),
('4','4','2', '2018-04-18 07:16:42.874', '2018-04-18 07:16:42.874'),
('4','5','2', '2018-04-18 07:16:42.874', '2018-04-18 07:16:42.874'),
('4','6','2', '2018-04-18 07:16:42.874', '2018-04-18 07:16:42.874'),
('5','7','2', '2018-04-18 07:16:42.874', '2018-04-18 07:16:42.874'),
('6','8','2', '2018-04-18 07:16:42.874', '2018-04-18 07:16:42.874'),
('7','9','2', '2018-04-18 07:16:42.874', '2018-04-18 07:16:42.874'),
('8','10','2', '2018-04-18 07:16:42.874', '2018-04-18 07:16:42.874'),
('9','11','2', '2018-04-18 07:16:42.874', '2018-04-18 07:16:42.874'),
('10','12','2', '2018-04-18 07:16:42.874', '2018-04-18 07:16:42.874');

INSERT INTO YJZHXGT
(id,imageUrl,YJZHId, createdAt, updatedAt)
VALUES
('1','YJZH1Url1','1', '2018-04-18 07:16:42.874', '2018-04-18 07:16:42.874'),
('2','YJZH2Url1','2', '2018-04-18 07:16:42.874', '2018-04-18 07:16:42.874'),
('3','YJZH2Url2','2', '2018-04-18 07:16:42.874', '2018-04-18 07:16:42.874'),
('4','YJZH4Url1','4', '2018-04-18 07:16:42.874', '2018-04-18 07:16:42.874'),
('5','YJZH5Url1','5', '2018-04-18 07:16:42.874', '2018-04-18 07:16:42.874'),
('6','YJZH5Url2','5', '2018-04-18 07:16:42.874', '2018-04-18 07:16:42.874');

INSERT INTO EJZHXGT
(id,imageUrl,EJZHId, createdAt, updatedAt)
VALUES
('1','EJZH1Url1','1', '2018-04-18 07:16:42.874', '2018-04-18 07:16:42.874'),
('2','EJZH2Url1','2', '2018-04-18 07:16:42.874', '2018-04-18 07:16:42.874'),
('3','EJZH2Url2','2', '2018-04-18 07:16:42.874', '2018-04-18 07:16:42.874'),
('4','EJZH4Url1','4', '2018-04-18 07:16:42.874', '2018-04-18 07:16:42.874'),
('5','EJZH5Url1','5', '2018-04-18 07:16:42.874', '2018-04-18 07:16:42.874'),
('6','EJZH5Url2','5', '2018-04-18 07:16:42.874', '2018-04-18 07:16:42.874');

INSERT INTO DD
(id,name,status,PPId, createdAt, updatedAt)
VALUES
('1','DD_PP2','待审批','2', '2018-04-18 07:16:42.874', '2018-04-18 07:16:42.874'),
('2','DD_PP3','待审批','3', '2018-04-18 07:16:42.874', '2018-04-18 07:16:42.874'),
('3','DD_PP4','已审批','4', '2018-04-18 07:16:42.874', '2018-04-18 07:16:42.874'),
('4','DD_PP5','已审批','5', '2018-04-18 07:16:42.874', '2018-04-18 07:16:42.874'),
('5','DD_PP6','已审批','6', '2018-04-18 07:16:42.874', '2018-04-18 07:16:42.874'),
('6','DD_PP7','已审批','7', '2018-04-18 07:16:42.874', '2018-04-18 07:16:42.874');

INSERT INTO DD_GT_WL
(id,DDId,GTId,WLId,number,GYSId, createdAt, updatedAt)
VALUES
('1','1','5','17','8','1', '2018-04-18 07:16:42.874', '2018-04-18 07:16:42.874'),
('2','1','5','18','4','1', '2018-04-18 07:16:42.874', '2018-04-18 07:16:42.874'),
('3','1','5','19','2','1', '2018-04-18 07:16:42.874', '2018-04-18 07:16:42.874'),
('4','2','6','20','8','6', '2018-04-18 07:16:42.874', '2018-04-18 07:16:42.874'),
('5','2','6','21','4','6', '2018-04-18 07:16:42.874', '2018-04-18 07:16:42.874'),
('6','2','6','22','2','6', '2018-04-18 07:16:42.874', '2018-04-18 07:16:42.874');

INSERT INTO DD_GT_WLSnapshot
(id,DDId,GTId,WLId,number, createdAt, updatedAt)
VALUES
('1','1','5','17','8', '2018-04-18 07:16:42.874', '2018-04-18 07:16:42.874'),
('2','1','5','18','4', '2018-04-18 07:16:42.874', '2018-04-18 07:16:42.874'),
('3','1','5','19','2', '2018-04-18 07:16:42.874', '2018-04-18 07:16:42.874'),
('4','2','6','20','8', '2018-04-18 07:16:42.874', '2018-04-18 07:16:42.874'),
('5','2','6','21','4', '2018-04-18 07:16:42.874', '2018-04-18 07:16:42.874'),
('6','2','6','22','2', '2018-04-18 07:16:42.874', '2018-04-18 07:16:42.874'),
('7','3','7','23','8', '2018-04-18 07:16:42.874', '2018-04-18 07:16:42.874'),
('8','3','7','24','4', '2018-04-18 07:16:42.874', '2018-04-18 07:16:42.874'),
('9','3','7','25','2', '2018-04-18 07:16:42.874', '2018-04-18 07:16:42.874'),
('10','4','8','26','8', '2018-04-18 07:16:42.874', '2018-04-18 07:16:42.874'),
('11','4','8','27','4', '2018-04-18 07:16:42.874', '2018-04-18 07:16:42.874'),
('12','4','8','28','2', '2018-04-18 07:16:42.874', '2018-04-18 07:16:42.874'),
('13','5','9','29','8', '2018-04-18 07:16:42.874', '2018-04-18 07:16:42.874'),
('14','5','9','30','4', '2018-04-18 07:16:42.874', '2018-04-18 07:16:42.874'),
('15','5','9','31','2', '2018-04-18 07:16:42.874', '2018-04-18 07:16:42.874'),
('16','6','10','32','2', '2018-04-18 07:16:42.874', '2018-04-18 07:16:42.874');

INSERT INTO DD_GT_WL
(id,DDId,GTId,WLId,number,GYSId,ZXNumber,AZGSId, createdAt, updatedAt)
VALUES
('7','3','7','23','8','6','3','5', '2018-04-18 07:16:42.874', '2018-04-18 07:16:42.874'),
('8','3','7','24','4','6','2','5', '2018-04-18 07:16:42.874', '2018-04-18 07:16:42.874'),
('9','3','7','25','2','6','1','5', '2018-04-18 07:16:42.874', '2018-04-18 07:16:42.874');

INSERT INTO DD_GT_WL
(id,DDId,GTId,WLId,number,GYSId,ZXNumber,AZGSId,AZGUserId,YJRKDate,YJZXDate,YJAZDate, createdAt, updatedAt)
VALUES
('10','4','8','26','8','6','8','5','39','2018-06-01','2018-06-18','2018-06-25', '2018-04-18 07:16:42.874', '2018-04-18 07:16:42.874'),
('11','4','8','27','4','6','4','5','39','2018-06-01','2018-06-18','2018-06-25', '2018-04-18 07:16:42.874', '2018-04-18 07:16:42.874'),
('12','4','8','28','2','6','2','5','39','2018-06-01','2018-06-18','2018-06-25', '2018-04-18 07:16:42.874', '2018-04-18 07:16:42.874'),
('13','5','9','29','8','6','8','5','39','2018-06-01','2018-06-18','2018-06-25', '2018-04-18 07:16:42.874', '2018-04-18 07:16:42.874'),
('14','5','9','30','4','6','4','5','39','2018-06-01','2018-06-18','2018-06-25', '2018-04-18 07:16:42.874', '2018-04-18 07:16:42.874'),
('15','5','9','31','2','6','2','5','39','2018-06-01','2018-06-18','2018-06-25', '2018-04-18 07:16:42.874', '2018-04-18 07:16:42.874'),
('16','6','10','32','2','6','2','5','39','2018-06-01','2018-06-18','2018-06-25', '2018-04-18 07:16:42.874', '2018-04-18 07:16:42.874');

INSERT INTO DD_DW_DP
(id,DDId,DWId,DPId,GYSId, createdAt, updatedAt)
VALUES
('1','1','20','4','3', '2018-04-18 07:16:42.874', '2018-04-18 07:16:42.874'),
('2','1','21','5','3', '2018-04-18 07:16:42.874', '2018-04-18 07:16:42.874'),
('3','2','9','6','3', '2018-04-18 07:16:42.874', '2018-04-18 07:16:42.874'),
('4','2','10','7','3', '2018-04-18 07:16:42.874', '2018-04-18 07:16:42.874');

INSERT INTO DD_DW_DPSnapshot
(id,DDId,DWId,DPId, createdAt, updatedAt)
VALUES
('1','1','20','4', '2018-04-18 07:16:42.874', '2018-04-18 07:16:42.874'),
('2','1','21','5', '2018-04-18 07:16:42.874', '2018-04-18 07:16:42.874'),
('3','2','9','6', '2018-04-18 07:16:42.874', '2018-04-18 07:16:42.874'),
('4','2','10','7', '2018-04-18 07:16:42.874', '2018-04-18 07:16:42.874'),
('5','3','11','8', '2018-04-18 07:16:42.874', '2018-04-18 07:16:42.874'),
('6','3','12','9', '2018-04-18 07:16:42.874', '2018-04-18 07:16:42.874'),
('7','3','22','8', '2018-04-18 07:16:42.874', '2018-04-18 07:16:42.874'),
('8','4','13','10', '2018-04-18 07:16:42.874', '2018-04-18 07:16:42.874'),
('9','4','14','11', '2018-04-18 07:16:42.874', '2018-04-18 07:16:42.874'),
('10','5','15','12', '2018-04-18 07:16:42.874', '2018-04-18 07:16:42.874'),
('11','5','16','13', '2018-04-18 07:16:42.874', '2018-04-18 07:16:42.874'),
('12','6','17','14', '2018-04-18 07:16:42.874', '2018-04-18 07:16:42.874');

INSERT INTO DD_DW_DP
(id,DDId,DWId,DPId,GYSId,ZXNumber,AZGSId, createdAt, updatedAt)
VALUES
('5','3','11','8','6','1','5', '2018-04-18 07:16:42.874', '2018-04-18 07:16:42.874'),
('6','3','12','9','6','0','5', '2018-04-18 07:16:42.874', '2018-04-18 07:16:42.874');

INSERT INTO DD_DW_DP
(id,DDId,DWId,DPId,GYSId,ZXNumber,AZGSId,AZGUserId,YJRKDate,YJZXDate,YJAZDate, createdAt, updatedAt)
VALUES
('7','3','22','8','6','1','5','39','2018-06-01','2018-06-18','2018-06-25', '2018-04-18 07:16:42.874', '2018-04-18 07:16:42.874'),
('8','4','13','10','6','1','5','39','2018-06-01','2018-06-18','2018-06-25', '2018-04-18 07:16:42.874', '2018-04-18 07:16:42.874'),
('9','4','14','11','6','1','5','39','2018-06-01','2018-06-18','2018-06-25', '2018-04-18 07:16:42.874', '2018-04-18 07:16:42.874'),
('10','5','15','12','6','1','5','39','2018-06-01','2018-06-18','2018-06-25', '2018-04-18 07:16:42.874', '2018-04-18 07:16:42.874'),
('11','5','16','13','6','1','5','39','2018-06-01','2018-06-18','2018-06-25', '2018-04-18 07:16:42.874', '2018-04-18 07:16:42.874'),
('12','6','17','14','6','1','5','39','2018-06-01','2018-06-18','2018-06-25', '2018-04-18 07:16:42.874', '2018-04-18 07:16:42.874');

INSERT INTO KDD
(id,code, createdAt, updatedAt)
VALUES
('1','KDD1', '2018-04-18 07:16:42.874', '2018-04-18 07:16:42.874'),
('2','KDD2', '2018-04-18 07:16:42.874', '2018-04-18 07:16:42.874'),
('3','KDD3', '2018-04-18 07:16:42.874', '2018-04-18 07:16:42.874'),
('4','KDD4', '2018-04-18 07:16:42.874', '2018-04-18 07:16:42.874'),
('5','KDD5', '2018-04-18 07:16:42.874', '2018-04-18 07:16:42.874'),
('6','KDD6', '2018-04-18 07:16:42.874', '2018-04-18 07:16:42.874'),
('7','KDD7', '2018-04-18 07:16:42.874', '2018-04-18 07:16:42.874'),
('8','KDD8', '2018-04-18 07:16:42.874', '2018-04-18 07:16:42.874'),
('9','KDD9', '2018-04-18 07:16:42.874', '2018-04-18 07:16:42.874');

INSERT INTO KDX
(id,EWM,GTId,KDDId,status, createdAt, updatedAt)
VALUES
('2','KDX2','7','1','发货', '2018-04-18 07:16:42.874', '2018-04-18 07:16:42.874'),
('3','KDX3','8','2','发货', '2018-04-18 07:16:42.874', '2018-04-18 07:16:42.874'),
('4','KDX4','8','3','收箱', '2018-04-18 07:16:42.874', '2018-04-18 07:16:42.874'),
('5','KDX5','9','4','收箱', '2018-04-18 07:16:42.874', '2018-04-18 07:16:42.874'),
('6','KDX6','9','4','收箱', '2018-04-18 07:16:42.874', '2018-04-18 07:16:42.874'),
('8','KDX8','8','5','发货', '2018-04-18 07:16:42.874', '2018-04-18 07:16:42.874'),
('9','KDX9','8','6','收箱', '2018-04-18 07:16:42.874', '2018-04-18 07:16:42.874'),
('10','KDX10','9','7','收箱', '2018-04-18 07:16:42.874', '2018-04-18 07:16:42.874'),
('11','KDX11','9','7','收箱', '2018-04-18 07:16:42.874', '2018-04-18 07:16:42.874'),
('12','KDX12','10','8','收箱', '2018-04-18 07:16:42.874', '2018-04-18 07:16:42.874'),
('13','KDX13','10','9','收箱', '2018-04-18 07:16:42.874', '2018-04-18 07:16:42.874');

INSERT INTO KDX
(id,EWM,GTId,status, createdAt, updatedAt)
VALUES
('1','KDX1','7','装箱', '2018-04-18 07:16:42.874', '2018-04-18 07:16:42.874'),
('7','KDX7','7','装箱', '2018-04-18 07:16:42.874', '2018-04-18 07:16:42.874'),
('14','KDX14','7','装箱', '2018-04-18 07:16:42.874', '2018-04-18 07:16:42.874');

INSERT INTO WYWL
(id,EWM,status,WLId,GYSId,DDGTWLId, createdAt, updatedAt)
VALUES
('1','WL23_1','入库','23','6','7', '2018-04-18 07:16:42.874', '2018-04-18 07:16:42.874'),
('2','WL23_2','入库','23','6','7', '2018-04-18 07:16:42.874', '2018-04-18 07:16:42.874');

INSERT INTO WYWL
(id,EWM,status,WLId,GYSId,DDGTWLId,KDXId, createdAt, updatedAt)
VALUES
('3','WL23_3','装箱','23','6','7','1', '2018-04-18 07:16:42.874', '2018-04-18 07:16:42.874'),
('4','WL23_4','装箱','23','6','7','1', '2018-04-18 07:16:42.874', '2018-04-18 07:16:42.874'),
('5','WL23_5','装箱','23','6','7','1', '2018-04-18 07:16:42.874', '2018-04-18 07:16:42.874'),
('6','WL24_1','装箱','24','6','8','1', '2018-04-18 07:16:42.874', '2018-04-18 07:16:42.874'),
('7','WL24_2','装箱','24','6','8','1', '2018-04-18 07:16:42.874', '2018-04-18 07:16:42.874'),
('10','WL25_1','发货','25','6','9','2', '2018-04-18 07:16:42.874', '2018-04-18 07:16:42.874'),
('12','WL26_1','发货','26','6','10','3', '2018-04-18 07:16:42.874', '2018-04-18 07:16:42.874'),
('13','WL26_2','发货','26','6','10','3', '2018-04-18 07:16:42.874', '2018-04-18 07:16:42.874'),
('14','WL26_3','发货','26','6','10','3', '2018-04-18 07:16:42.874', '2018-04-18 07:16:42.874'),
('15','WL26_4','发货','26','6','10','3', '2018-04-18 07:16:42.874', '2018-04-18 07:16:42.874'),
('16','WL26_5','发货','26','6','10','3', '2018-04-18 07:16:42.874', '2018-04-18 07:16:42.874'),
('17','WL26_6','发货','26','6','10','3', '2018-04-18 07:16:42.874', '2018-04-18 07:16:42.874'),
('18','WL26_7','发货','26','6','10','3', '2018-04-18 07:16:42.874', '2018-04-18 07:16:42.874'),
('19','WL26_8','发货','26','6','10','3', '2018-04-18 07:16:42.874', '2018-04-18 07:16:42.874'),
('20','WL27_1','收箱','27','6','11','4', '2018-04-18 07:16:42.874', '2018-04-18 07:16:42.874'),
('21','WL27_2','收箱','27','6','11','4', '2018-04-18 07:16:42.874', '2018-04-18 07:16:42.874'),
('22','WL27_3','收箱','27','6','11','4', '2018-04-18 07:16:42.874', '2018-04-18 07:16:42.874'),
('23','WL27_4','收箱','27','6','11','4', '2018-04-18 07:16:42.874', '2018-04-18 07:16:42.874'),
('24','WL28_1','收货','28','6','12','4', '2018-04-18 07:16:42.874', '2018-04-18 07:16:42.874'),
('25','WL28_2','收货','28','6','12','4', '2018-04-18 07:16:42.874', '2018-04-18 07:16:42.874');

INSERT INTO WYWL
(id,EWM,status,WLId,GYSId,DDGTWLId,KDXId,AZFKType,imageUrl, createdAt, updatedAt)
VALUES
('26','WL29_1','反馈图','29','6','13','5','安装成功','UrlWL29_1', '2018-04-18 07:16:42.874', '2018-04-18 07:16:42.874'),
('27','WL29_2','反馈图','29','6','13','5','安装成功','UrlWL29_2', '2018-04-18 07:16:42.874', '2018-04-18 07:16:42.874'),
('28','WL29_3','反馈图','29','6','13','5','安装成功','UrlWL29_3', '2018-04-18 07:16:42.874', '2018-04-18 07:16:42.874'),
('29','WL29_4','反馈图','29','6','13','5','安装成功','UrlWL29_4', '2018-04-18 07:16:42.874', '2018-04-18 07:16:42.874'),
('30','WL29_5','反馈图','29','6','13','5','安装成功','UrlWL29_5', '2018-04-18 07:16:42.874', '2018-04-18 07:16:42.874'),
('31','WL29_6','反馈图','29','6','13','5','安装成功','UrlWL29_6', '2018-04-18 07:16:42.874', '2018-04-18 07:16:42.874'),
('32','WL29_7','反馈图','29','6','13','5','安装成功','UrlWL29_7', '2018-04-18 07:16:42.874', '2018-04-18 07:16:42.874'),
('33','WL29_8','反馈图','29','6','13','5','安装成功','UrlWL29_8', '2018-04-18 07:16:42.874', '2018-04-18 07:16:42.874'),
('34','WL30_1','反馈图','30','6','14','6','安装成功','UrlWL30_1', '2018-04-18 07:16:42.874', '2018-04-18 07:16:42.874'),
('35','WL30_2','反馈图','30','6','14','6','安装成功','UrlWL30_2', '2018-04-18 07:16:42.874', '2018-04-18 07:16:42.874'),
('36','WL30_3','反馈图','30','6','14','6','安装成功','UrlWL30_3', '2018-04-18 07:16:42.874', '2018-04-18 07:16:42.874'),
('37','WL30_4','反馈图','30','6','14','6','安装成功','UrlWL30_4', '2018-04-18 07:16:42.874', '2018-04-18 07:16:42.874'),
('38','WL31_1','反馈图','31','6','15','6','丢失','UrlWL31_1', '2018-04-18 07:16:42.874', '2018-04-18 07:16:42.874'),
('39','WL31_2','反馈图','31','6','15','6','丢失','UrlWL31_2', '2018-04-18 07:16:42.874', '2018-04-18 07:16:42.874');

INSERT INTO WYWL
(id,EWM,status,WLId,GYSId,DDGTWLId,KDXId,AZFKType, createdAt, updatedAt)
VALUES
('40','WL32_1','反馈','32','6','16','12','安装成功', '2018-04-18 07:16:42.874', '2018-04-18 07:16:42.874'),
('41','WL32_2','反馈','32','6','16','12','安装成功', '2018-04-18 07:16:42.874', '2018-04-18 07:16:42.874');

INSERT INTO WYWLCZ
(id,WYWLId,status,UserId, createdAt, updatedAt)
VALUES
('1','1','入库','40', '2018-04-18 07:16:42.874', '2018-04-18 07:16:42.874'),
('2','2','入库','40', '2018-04-18 07:16:42.874', '2018-04-18 07:16:42.874'),
('3','3','装箱','40', '2018-04-18 07:16:42.874', '2018-04-18 07:16:42.874'),
('4','4','装箱','40', '2018-04-18 07:16:42.874', '2018-04-18 07:16:42.874'),
('5','5','装箱','40', '2018-04-18 07:16:42.874', '2018-04-18 07:16:42.874'),
('6','6','装箱','40', '2018-04-18 07:16:42.874', '2018-04-18 07:16:42.874'),
('7','7','装箱','40', '2018-04-18 07:16:42.874', '2018-04-18 07:16:42.874'),
('8','10','装箱','40', '2018-04-18 07:16:42.874', '2018-04-18 07:16:42.874'),
('9','10','发货','40', '2018-04-18 07:16:42.874', '2018-04-18 07:16:42.874'),
('10','12','装箱','40', '2018-04-18 07:16:42.874', '2018-04-18 07:16:42.874'),
('11','13','装箱','40', '2018-04-18 07:16:42.874', '2018-04-18 07:16:42.874'),
('12','14','装箱','40', '2018-04-18 07:16:42.874', '2018-04-18 07:16:42.874'),
('13','15','装箱','40', '2018-04-18 07:16:42.874', '2018-04-18 07:16:42.874'),
('14','16','装箱','40', '2018-04-18 07:16:42.874', '2018-04-18 07:16:42.874'),
('15','17','装箱','40', '2018-04-18 07:16:42.874', '2018-04-18 07:16:42.874'),
('16','18','装箱','40', '2018-04-18 07:16:42.874', '2018-04-18 07:16:42.874'),
('17','19','装箱','40', '2018-04-18 07:16:42.874', '2018-04-18 07:16:42.874'),
('18','12','发货','40', '2018-04-18 07:16:42.874', '2018-04-18 07:16:42.874'),
('19','13','发货','40', '2018-04-18 07:16:42.874', '2018-04-18 07:16:42.874'),
('20','14','发货','40', '2018-04-18 07:16:42.874', '2018-04-18 07:16:42.874'),
('21','15','发货','40', '2018-04-18 07:16:42.874', '2018-04-18 07:16:42.874'),
('22','16','发货','40', '2018-04-18 07:16:42.874', '2018-04-18 07:16:42.874'),
('23','17','发货','40', '2018-04-18 07:16:42.874', '2018-04-18 07:16:42.874'),
('24','18','发货','40', '2018-04-18 07:16:42.874', '2018-04-18 07:16:42.874'),
('25','19','发货','40', '2018-04-18 07:16:42.874', '2018-04-18 07:16:42.874'),
('26','20','装箱','40', '2018-04-18 07:16:42.874', '2018-04-18 07:16:42.874'),
('27','21','装箱','40', '2018-04-18 07:16:42.874', '2018-04-18 07:16:42.874'),
('28','22','装箱','40', '2018-04-18 07:16:42.874', '2018-04-18 07:16:42.874'),
('29','23','装箱','40', '2018-04-18 07:16:42.874', '2018-04-18 07:16:42.874'),
('30','20','发货','40', '2018-04-18 07:16:42.874', '2018-04-18 07:16:42.874'),
('31','21','发货','40', '2018-04-18 07:16:42.874', '2018-04-18 07:16:42.874'),
('32','22','发货','40', '2018-04-18 07:16:42.874', '2018-04-18 07:16:42.874'),
('33','23','发货','40', '2018-04-18 07:16:42.874', '2018-04-18 07:16:42.874'),
('34','20','收箱','24', '2018-04-18 07:16:42.874', '2018-04-18 07:16:42.874'),
('35','21','收箱','24', '2018-04-18 07:16:42.874', '2018-04-18 07:16:42.874'),
('36','22','收箱','24', '2018-04-18 07:16:42.874', '2018-04-18 07:16:42.874'),
('37','23','收箱','24', '2018-04-18 07:16:42.874', '2018-04-18 07:16:42.874'),
('38','24','装箱','40', '2018-04-18 07:16:42.874', '2018-04-18 07:16:42.874'),
('39','25','装箱','40', '2018-04-18 07:16:42.874', '2018-04-18 07:16:42.874'),
('40','24','发货','40', '2018-04-18 07:16:42.874', '2018-04-18 07:16:42.874'),
('41','25','发货','40', '2018-04-18 07:16:42.874', '2018-04-18 07:16:42.874'),
('42','24','收箱','24', '2018-04-18 07:16:42.874', '2018-04-18 07:16:42.874'),
('43','25','收箱','24', '2018-04-18 07:16:42.874', '2018-04-18 07:16:42.874'),
('44','24','收货','39', '2018-04-18 07:16:42.874', '2018-04-18 07:16:42.874'),
('45','25','收货','39', '2018-04-18 07:16:42.874', '2018-04-18 07:16:42.874'),
('46','26','装箱','40', '2018-04-18 07:16:42.874', '2018-04-18 07:16:42.874'),
('47','27','装箱','40', '2018-04-18 07:16:42.874', '2018-04-18 07:16:42.874'),
('48','28','装箱','40', '2018-04-18 07:16:42.874', '2018-04-18 07:16:42.874'),
('49','29','装箱','40', '2018-04-18 07:16:42.874', '2018-04-18 07:16:42.874'),
('50','30','装箱','40', '2018-04-18 07:16:42.874', '2018-04-18 07:16:42.874'),
('51','31','装箱','40', '2018-04-18 07:16:42.874', '2018-04-18 07:16:42.874'),
('52','32','装箱','40', '2018-04-18 07:16:42.874', '2018-04-18 07:16:42.874'),
('53','33','装箱','40', '2018-04-18 07:16:42.874', '2018-04-18 07:16:42.874'),
('54','34','装箱','40', '2018-04-18 07:16:42.874', '2018-04-18 07:16:42.874'),
('55','35','装箱','40', '2018-04-18 07:16:42.874', '2018-04-18 07:16:42.874'),
('56','36','装箱','40', '2018-04-18 07:16:42.874', '2018-04-18 07:16:42.874'),
('57','37','装箱','40', '2018-04-18 07:16:42.874', '2018-04-18 07:16:42.874'),
('58','38','装箱','40', '2018-04-18 07:16:42.874', '2018-04-18 07:16:42.874'),
('59','39','装箱','40', '2018-04-18 07:16:42.874', '2018-04-18 07:16:42.874'),
('60','26','发货','40', '2018-04-18 07:16:42.874', '2018-04-18 07:16:42.874'),
('61','27','发货','40', '2018-04-18 07:16:42.874', '2018-04-18 07:16:42.874'),
('62','28','发货','40', '2018-04-18 07:16:42.874', '2018-04-18 07:16:42.874'),
('63','29','发货','40', '2018-04-18 07:16:42.874', '2018-04-18 07:16:42.874'),
('64','30','发货','40', '2018-04-18 07:16:42.874', '2018-04-18 07:16:42.874'),
('65','31','发货','40', '2018-04-18 07:16:42.874', '2018-04-18 07:16:42.874'),
('66','32','发货','40', '2018-04-18 07:16:42.874', '2018-04-18 07:16:42.874'),
('67','33','发货','40', '2018-04-18 07:16:42.874', '2018-04-18 07:16:42.874'),
('68','34','发货','40', '2018-04-18 07:16:42.874', '2018-04-18 07:16:42.874'),
('69','35','发货','40', '2018-04-18 07:16:42.874', '2018-04-18 07:16:42.874'),
('70','36','发货','40', '2018-04-18 07:16:42.874', '2018-04-18 07:16:42.874'),
('71','37','发货','40', '2018-04-18 07:16:42.874', '2018-04-18 07:16:42.874'),
('72','38','发货','40', '2018-04-18 07:16:42.874', '2018-04-18 07:16:42.874'),
('73','39','发货','40', '2018-04-18 07:16:42.874', '2018-04-18 07:16:42.874'),
('74','26','收箱','25', '2018-04-18 07:16:42.874', '2018-04-18 07:16:42.874'),
('75','27','收箱','25', '2018-04-18 07:16:42.874', '2018-04-18 07:16:42.874'),
('76','28','收箱','25', '2018-04-18 07:16:42.874', '2018-04-18 07:16:42.874'),
('77','29','收箱','25', '2018-04-18 07:16:42.874', '2018-04-18 07:16:42.874'),
('78','30','收箱','25', '2018-04-18 07:16:42.874', '2018-04-18 07:16:42.874'),
('79','31','收箱','25', '2018-04-18 07:16:42.874', '2018-04-18 07:16:42.874'),
('80','32','收箱','25', '2018-04-18 07:16:42.874', '2018-04-18 07:16:42.874'),
('81','33','收箱','25', '2018-04-18 07:16:42.874', '2018-04-18 07:16:42.874'),
('82','34','收箱','25', '2018-04-18 07:16:42.874', '2018-04-18 07:16:42.874'),
('83','35','收箱','25', '2018-04-18 07:16:42.874', '2018-04-18 07:16:42.874'),
('84','36','收箱','25', '2018-04-18 07:16:42.874', '2018-04-18 07:16:42.874'),
('85','37','收箱','25', '2018-04-18 07:16:42.874', '2018-04-18 07:16:42.874'),
('86','38','收箱','25', '2018-04-18 07:16:42.874', '2018-04-18 07:16:42.874'),
('87','39','收箱','25', '2018-04-18 07:16:42.874', '2018-04-18 07:16:42.874'),
('88','26','收货','39', '2018-04-18 07:16:42.874', '2018-04-18 07:16:42.874'),
('89','27','收货','39', '2018-04-18 07:16:42.874', '2018-04-18 07:16:42.874'),
('90','28','收货','39', '2018-04-18 07:16:42.874', '2018-04-18 07:16:42.874'),
('91','29','收货','39', '2018-04-18 07:16:42.874', '2018-04-18 07:16:42.874'),
('92','30','收货','39', '2018-04-18 07:16:42.874', '2018-04-18 07:16:42.874'),
('93','31','收货','39', '2018-04-18 07:16:42.874', '2018-04-18 07:16:42.874'),
('94','32','收货','39', '2018-04-18 07:16:42.874', '2018-04-18 07:16:42.874'),
('95','33','收货','39', '2018-04-18 07:16:42.874', '2018-04-18 07:16:42.874'),
('96','34','收货','39', '2018-04-18 07:16:42.874', '2018-04-18 07:16:42.874'),
('97','35','收货','39', '2018-04-18 07:16:42.874', '2018-04-18 07:16:42.874'),
('98','36','收货','39', '2018-04-18 07:16:42.874', '2018-04-18 07:16:42.874'),
('99','37','收货','39', '2018-04-18 07:16:42.874', '2018-04-18 07:16:42.874'),
('100','38','收货','39', '2018-04-18 07:16:42.874', '2018-04-18 07:16:42.874'),
('101','39','收货','39', '2018-04-18 07:16:42.874', '2018-04-18 07:16:42.874'),
('102','26','反馈','39', '2018-04-18 07:16:42.874', '2018-04-18 07:16:42.874'),
('103','27','反馈','39', '2018-04-18 07:16:42.874', '2018-04-18 07:16:42.874'),
('104','28','反馈','39', '2018-04-18 07:16:42.874', '2018-04-18 07:16:42.874'),
('105','29','反馈','39', '2018-04-18 07:16:42.874', '2018-04-18 07:16:42.874'),
('106','30','反馈','39', '2018-04-18 07:16:42.874', '2018-04-18 07:16:42.874'),
('107','31','反馈','39', '2018-04-18 07:16:42.874', '2018-04-18 07:16:42.874'),
('108','32','反馈','39', '2018-04-18 07:16:42.874', '2018-04-18 07:16:42.874'),
('109','33','反馈','39', '2018-04-18 07:16:42.874', '2018-04-18 07:16:42.874'),
('110','34','反馈','39', '2018-04-18 07:16:42.874', '2018-04-18 07:16:42.874'),
('111','35','反馈','39', '2018-04-18 07:16:42.874', '2018-04-18 07:16:42.874'),
('112','36','反馈','39', '2018-04-18 07:16:42.874', '2018-04-18 07:16:42.874'),
('113','37','反馈','39', '2018-04-18 07:16:42.874', '2018-04-18 07:16:42.874'),
('114','38','反馈','39', '2018-04-18 07:16:42.874', '2018-04-18 07:16:42.874'),
('115','39','反馈','39', '2018-04-18 07:16:42.874', '2018-04-18 07:16:42.874'),
('116','26','反馈图','39', '2018-04-18 07:16:42.874', '2018-04-18 07:16:42.874'),
('117','27','反馈图','39', '2018-04-18 07:16:42.874', '2018-04-18 07:16:42.874'),
('118','28','反馈图','39', '2018-04-18 07:16:42.874', '2018-04-18 07:16:42.874'),
('119','29','反馈图','39', '2018-04-18 07:16:42.874', '2018-04-18 07:16:42.874'),
('120','30','反馈图','39', '2018-04-18 07:16:42.874', '2018-04-18 07:16:42.874'),
('121','31','反馈图','39', '2018-04-18 07:16:42.874', '2018-04-18 07:16:42.874'),
('122','32','反馈图','39', '2018-04-18 07:16:42.874', '2018-04-18 07:16:42.874'),
('123','33','反馈图','39', '2018-04-18 07:16:42.874', '2018-04-18 07:16:42.874'),
('124','34','反馈图','39', '2018-04-18 07:16:42.874', '2018-04-18 07:16:42.874'),
('125','35','反馈图','39', '2018-04-18 07:16:42.874', '2018-04-18 07:16:42.874'),
('126','36','反馈图','39', '2018-04-18 07:16:42.874', '2018-04-18 07:16:42.874'),
('127','37','反馈图','39', '2018-04-18 07:16:42.874', '2018-04-18 07:16:42.874'),
('128','38','反馈图','39', '2018-04-18 07:16:42.874', '2018-04-18 07:16:42.874'),
('129','39','反馈图','39', '2018-04-18 07:16:42.874', '2018-04-18 07:16:42.874'),
('130','40','入库','40', '2018-04-18 07:16:42.874', '2018-04-18 07:16:42.874'),
('131','41','入库','40', '2018-04-18 07:16:42.874', '2018-04-18 07:16:42.874'),
('132','40','装箱','40', '2018-04-18 07:16:42.874', '2018-04-18 07:16:42.874'),
('133','41','装箱','40', '2018-04-18 07:16:42.874', '2018-04-18 07:16:42.874'),
('134','40','发货','40', '2018-04-18 07:16:42.874', '2018-04-18 07:16:42.874'),
('135','41','发货','40', '2018-04-18 07:16:42.874', '2018-04-18 07:16:42.874'),
('136','40','收箱','41', '2018-04-18 07:16:42.874', '2018-04-18 07:16:42.874'),
('137','41','收箱','41', '2018-04-18 07:16:42.874', '2018-04-18 07:16:42.874'),
('138','40','收货','39', '2018-04-18 07:16:42.874', '2018-04-18 07:16:42.874'),
('139','41','收货','39', '2018-04-18 07:16:42.874', '2018-04-18 07:16:42.874'),
('140','40','反馈','39', '2018-04-18 07:16:42.874', '2018-04-18 07:16:42.874'),
('141','41','反馈','39', '2018-04-18 07:16:42.874', '2018-04-18 07:16:42.874');

INSERT INTO WYDP
(id,EWM,status,DPId,GYSId,DDDWDPId,KDXId, createdAt, updatedAt)
VALUES
('1','DP9','装箱','8','6','7','7', '2018-04-18 07:16:42.874', '2018-04-18 07:16:42.874'),
('2','DP8','发货','8','6','5','2', '2018-04-18 07:16:42.874', '2018-04-18 07:16:42.874'),
('3','DP10','收箱','10','6','7','8', '2018-04-18 07:16:42.874', '2018-04-18 07:16:42.874'),
('4','DP11','收货','11','6','8','9', '2018-04-18 07:16:42.874', '2018-04-18 07:16:42.874');

INSERT INTO WYDP
(id,EWM,status,DPId,GYSId,DDDWDPId,KDXId,AZFKType,imageUrl, createdAt, updatedAt)
VALUES
('5','DP12','反馈图','12','6','9','10','安装成功','UrlDP12', '2018-04-18 07:16:42.874', '2018-04-18 07:16:42.874'),
('6','DP13','反馈图','13','6','10','11','尺寸不对','UrlDP13', '2018-04-18 07:16:42.874', '2018-04-18 07:16:42.874');

INSERT INTO WYDP
(id,EWM,status,DPId,GYSId,DDDWDPId,KDXId,AZFKType, createdAt, updatedAt)
VALUES
('7','DP14','反馈','14','6','11','13','安装成功', '2018-04-18 07:16:42.874', '2018-04-18 07:16:42.874');

INSERT INTO WYDPCZ
(id,WYDPId,status,UserId, createdAt, updatedAt)
VALUES
('1','1','装箱','40', '2018-04-18 07:16:42.874', '2018-04-18 07:16:42.874'),
('2','2','装箱','40', '2018-04-18 07:16:42.874', '2018-04-18 07:16:42.874'),
('3','2','发货','40', '2018-04-18 07:16:42.874', '2018-04-18 07:16:42.874'),
('4','3','装箱','40', '2018-04-18 07:16:42.874', '2018-04-18 07:16:42.874'),
('5','3','发货','40', '2018-04-18 07:16:42.874', '2018-04-18 07:16:42.874'),
('6','3','收箱','23', '2018-04-18 07:16:42.874', '2018-04-18 07:16:42.874'),
('7','4','装箱','40', '2018-04-18 07:16:42.874', '2018-04-18 07:16:42.874'),
('8','4','发货','40', '2018-04-18 07:16:42.874', '2018-04-18 07:16:42.874'),
('9','4','收箱','24', '2018-04-18 07:16:42.874', '2018-04-18 07:16:42.874'),
('10','4','收货','39', '2018-04-18 07:16:42.874', '2018-04-18 07:16:42.874'),
('11','5','装箱','40', '2018-04-18 07:16:42.874', '2018-04-18 07:16:42.874'),
('12','6','装箱','40', '2018-04-18 07:16:42.874', '2018-04-18 07:16:42.874'),
('13','5','发货','40', '2018-04-18 07:16:42.874', '2018-04-18 07:16:42.874'),
('14','6','发货','40', '2018-04-18 07:16:42.874', '2018-04-18 07:16:42.874'),
('15','5','收箱','25', '2018-04-18 07:16:42.874', '2018-04-18 07:16:42.874'),
('16','6','收箱','25', '2018-04-18 07:16:42.874', '2018-04-18 07:16:42.874'),
('17','5','收货','39', '2018-04-18 07:16:42.874', '2018-04-18 07:16:42.874'),
('18','6','收货','39', '2018-04-18 07:16:42.874', '2018-04-18 07:16:42.874'),
('19','5','反馈','39', '2018-04-18 07:16:42.874', '2018-04-18 07:16:42.874'),
('20','6','反馈','39', '2018-04-18 07:16:42.874', '2018-04-18 07:16:42.874'),
('21','5','反馈图','39', '2018-04-18 07:16:42.874', '2018-04-18 07:16:42.874'),
('22','6','反馈图','39', '2018-04-18 07:16:42.874', '2018-04-18 07:16:42.874'),
('23','7','装箱','40', '2018-04-18 07:16:42.874', '2018-04-18 07:16:42.874'),
('24','7','发货','40', '2018-04-18 07:16:42.874', '2018-04-18 07:16:42.874'),
('25','7','收箱','41', '2018-04-18 07:16:42.874', '2018-04-18 07:16:42.874'),
('26','7','收货','39', '2018-04-18 07:16:42.874', '2018-04-18 07:16:42.874'),
('27','7','反馈','39', '2018-04-18 07:16:42.874', '2018-04-18 07:16:42.874');
