
INSERT INTO User
(Id,username,password,JS, createdAt, updatedAt)
VALUES
('1','ZHY1','$2a$08$is5T.xOLeaEyVwMapf/5fucleW9yiPs/PARogZM14MRrZnzjdYWj2','装货员', '2018-05-11 08:29:21.120', '2018-05-11 08:29:21.120'),
('2','AZG1','$2a$08$1XOHaen8NOmhDG6Jfzjy9.M0pc5t1hsJyHCV93OUc1cblgbBsoWUC','安装工', '2018-05-11 08:29:21.120', '2018-05-11 08:29:21.120'),
('100','GTBA1','$2a$08$NsFijVyfaoOpWmxo3zjS6.w./.IQbolATx/7qIR9aK4gceMyo1f3e','柜台BA', '2018-05-11 08:29:21.120', '2018-05-11 08:29:21.120');

INSERT INTO PP
(id,name, createdAt, updatedAt)
VALUES
('1','PP1', '2018-05-11 08:29:21.120', '2018-05-11 08:29:21.120');

INSERT INTO GT
(id,name,code,PPId,QY,GTBAUserId,CS, createdAt, updatedAt)
VALUES
('1','GT1','1','1','南区','100','上海', '2018-05-11 08:29:21.120', '2018-05-11 08:29:21.120');

INSERT INTO GYS
(id,Name,type, createdAt, updatedAt)
VALUES
('1','GYS1','生产', '2018-05-11 08:29:21.120', '2018-05-11 08:29:21.120');

INSERT INTO ZHY_GYS
(UserId,GYSId, createdAt, updatedAt)
VALUES
('1','1', '2018-05-11 08:29:21.120', '2018-05-11 08:29:21.120');

INSERT INTO AZGS
(id,name, createdAt, updatedAt)
VALUES
('1','AZGS1', '2018-05-11 08:29:21.120', '2018-05-11 08:29:21.120');

INSERT INTO AZG_AZGS
(UserId,AZGSId, createdAt, updatedAt)
VALUES
('2','1', '2018-05-11 08:29:21.120', '2018-05-11 08:29:21.120');

INSERT INTO WL
(id,name,code,level,PPId,GYSId,imageUrl, createdAt, updatedAt)
VALUES
('1','WL1_3_1','1_3_1','3','1','1','imageUrl1_3_1', '2018-05-11 08:29:21.120', '2018-05-11 08:29:21.120'),
('2','WL1_3_2','1_3_2','3','1','1','imageUrl1_3_2', '2018-05-11 08:29:21.120', '2018-05-11 08:29:21.120'),
('3','WL1_3_3','1_3_3','3','1','1','imageUrl1_3_3', '2018-05-11 08:29:21.120', '2018-05-11 08:29:21.120'),
('4','WL1_3_4','1_3_4','3','1','1','imageUrl1_3_4', '2018-05-11 08:29:21.120', '2018-05-11 08:29:21.120'),
('5','WL1_3_5','1_3_5','3','1','1','imageUrl1_3_5', '2018-05-11 08:29:21.120', '2018-05-11 08:29:21.120'),
('6','WL1_3_6','1_3_6','3','1','1','imageUrl1_3_6', '2018-05-11 08:29:21.120', '2018-05-11 08:29:21.120');

INSERT INTO DD
(id,name,status,PPId, createdAt, updatedAt)
VALUES
('1','DD1','已审批','1', '2018-05-11 08:29:21.120', '2018-05-11 08:29:21.120');

INSERT INTO DD_GT_WL
(id,DDId,GTId,WLId,number,GYSId,status,ZXNumber,AZGSId, createdAt, updatedAt)
VALUES
('1','1','1','1','10','1','已分配发货供应商','0','1', '2018-05-11 08:29:21.120', '2018-05-11 08:29:21.120'),
('2','1','1','2','2','1','已分配发货供应商','1','1', '2018-05-11 08:29:21.120', '2018-05-11 08:29:21.120'),
('3','1','1','3','3','1','装箱完成','3','1', '2018-05-11 08:29:21.120', '2018-05-11 08:29:21.120');

INSERT INTO DD_GT_WL
(id,DDId,GTId,WLId,number,GYSId,status,ZXNumber,AZGSId,AZGUserId, createdAt, updatedAt)
VALUES
('4','1','1','4','2','1','收货','2','1','2', '2018-05-11 08:29:21.120', '2018-05-11 08:29:21.120'),
('5','1','1','5','2','1','可拍全景图','2','1','2', '2018-05-11 08:29:21.120', '2018-05-11 08:29:21.120'),
('6','1','1','6','2','1','完成','2','1','2', '2018-05-11 08:29:21.120', '2018-05-11 08:29:21.120');

INSERT INTO KDD
(id,code,GTId, createdAt, updatedAt)
VALUES
('1','KDD1','1', '2018-05-11 08:29:21.120', '2018-05-11 08:29:21.120'),
('2','KDD2','1', '2018-05-11 08:29:21.120', '2018-05-11 08:29:21.120'),
('3','KDD3','1', '2018-05-11 08:29:21.120', '2018-05-11 08:29:21.120'),
('4','KDD4','1', '2018-05-11 08:29:21.120', '2018-05-11 08:29:21.120');

INSERT INTO KDX
(id,EWM,GTId,status,DDId,HWType,GYSId, createdAt, updatedAt)
VALUES
('1','{"type":"KDX","uuid":"KDX1"}','1','装箱','1','WL','1', '2018-05-11 08:29:21.120', '2018-05-11 08:29:21.120');

INSERT INTO KDX
(id,EWM,GTId,status,DDId,HWType,KDDId,GYSId, createdAt, updatedAt)
VALUES
('2','{"type":"KDX","uuid":"KDX2"}','1','发货','1','WL','1','1', '2018-05-11 08:29:21.120', '2018-05-11 08:29:21.120'),
('3','{"type":"KDX","uuid":"KDX3"}','1','收箱','1','WL','2','1', '2018-05-11 08:29:21.120', '2018-05-11 08:29:21.120');

INSERT INTO KDX
(id,EWM,GTId,status,DDId,HWType,YJZXTime,GYSId, createdAt, updatedAt)
VALUES
('4','{"type":"KDX","uuid":"KDX4"}','1','装箱','1','WL','2018-10-11','1', '2018-05-11 08:29:21.120', '2018-05-11 08:29:21.120');

INSERT INTO KDX
(id,EWM,GTId,status,DDId,HWType,YJZXTime,KDDId,GYSId, createdAt, updatedAt)
VALUES
('5','{"type":"KDX","uuid":"KDX5"}','1','发货','1','WL','2018-10-12','3','1', '2018-05-11 08:29:21.120', '2018-05-11 08:29:21.120'),
('6','{"type":"KDX","uuid":"KDX6"}','1','收箱','1','WL','2018-10-13','4','1', '2018-05-11 08:29:21.120', '2018-05-11 08:29:21.120');

INSERT INTO WYWL
(id,EWM,status,WLId,GYSId,DDGTWLId,KDXId, createdAt, updatedAt)
VALUES
('1','{"type":"WL","typeId":2,"uuid":"2_1"}','装箱','2','1','2','1', '2018-05-11 08:29:21.120', '2018-05-11 08:29:21.120'),
('2','{"type":"WL","typeId":3,"uuid":"3_1"}','装箱','3','1','3','1', '2018-05-11 08:29:21.120', '2018-05-11 08:29:21.120'),
('3','{"type":"WL","typeId":3,"uuid":"3_2"}','发货','3','1','3','2', '2018-05-11 08:29:21.120', '2018-05-11 08:29:21.120'),
('4','{"type":"WL","typeId":3,"uuid":"3_3"}','收箱','3','1','3','3', '2018-05-11 08:29:21.120', '2018-05-11 08:29:21.120'),
('5','{“type”:"WL","typeId":4,"uuid":"4_1"}','收货','4','1','4','3', '2018-05-11 08:29:21.120', '2018-05-11 08:29:21.120'),
('6','{“type”:"WL","typeId":4,"uuid":"4_2"}','收货','4','1','4','3', '2018-05-11 08:29:21.120', '2018-05-11 08:29:21.120'),
('7','{“type”:"WL","typeId":5,"uuid":"5_1"}','反馈','5','1','5','3', '2018-05-11 08:29:21.120', '2018-05-11 08:29:21.120'),
('8','{“type”:"WL","typeId":5,"uuid":"5_2"}','反馈','5','1','5','3', '2018-05-11 08:29:21.120', '2018-05-11 08:29:21.120');

INSERT INTO WLBH
(id,GTId,WLId,status,GYSId,ZXNumber,imageUrl,YJZXTime,AZGSId, createdAt, updatedAt)
VALUES
('1','1','1','已分配发货供应商','1','0','imagUrl','2018-10-10','1', '2018-05-11 08:29:21.120', '2018-05-11 08:29:21.120'),
('2','1','1','装箱完成','1','0','imagUrl','2018-10-11','1', '2018-05-11 08:29:21.120', '2018-05-11 08:29:21.120'),
('3','1','1','装箱完成','1','0','imagUrl','2018-10-12','1', '2018-05-11 08:29:21.120', '2018-05-11 08:29:21.120');

INSERT INTO WLBH
(id,GTId,WLId,status,GYSId,ZXNumber,imageUrl,YJZXTime,AZGSId,AZGUserId, createdAt, updatedAt)
VALUES
('4','1','1','收货','1','0','imagUrl','2018-10-13','1','2', '2018-05-11 08:29:21.120', '2018-05-11 08:29:21.120'),
('5','1','1','收货','1','0','imagUrl','2018-10-13','1','2', '2018-05-11 08:29:21.120', '2018-05-11 08:29:21.120'),
('6','1','1','完成','1','0','imagUrl','2018-10-13','1','2', '2018-05-11 08:29:21.120', '2018-05-11 08:29:21.120');

INSERT INTO WYWL
(id,EWM,status,WLId,GYSId,WLBHId,KDXId, createdAt, updatedAt)
VALUES
('9','{"type":"WL","typeId":1,"uuid":"1_1"}','装箱','1','1','2','4', '2018-05-11 08:29:21.120', '2018-05-11 08:29:21.120'),
('10','{"type":"WL","typeId":1,"uuid":"1_2"}','发货','1','1','3','5', '2018-05-11 08:29:21.120', '2018-05-11 08:29:21.120'),
('11','{"type":"WL","typeId":1,"uuid":"1_3"}','收货','1','1','4','6', '2018-05-11 08:29:21.120', '2018-05-11 08:29:21.120'),
('12','{"type":"WL","typeId":1,"uuid":"1_4"}','反馈','1','1','5','6', '2018-05-11 08:29:21.120', '2018-05-11 08:29:21.120'),
('13','{"type":"WL","typeId":1,"uuid":"1_5"}','完成','1','1','6','6', '2018-05-11 08:29:21.120', '2018-05-11 08:29:21.120');
