
INSERT INTO User
(Id,username,password,JS, createdAt, updatedAt)
VALUES
('1','admin','$2a$08$L1dycb4gdGqgKk3o4m6RjOkxzEVVbJNWNdcthXapISgzZSeGiRHSq','系统管理员', '2018-04-16 19:48:39.130', '2018-04-16 19:48:39.130'),
('2','PPJL1','$2a$08$9JdMw7/B.vE7ccXpc2vYieI/4pvTGo2fH8TVtm3T3fSLdXjqLmVmC','品牌经理', '2018-04-16 19:48:39.130', '2018-04-16 19:48:39.130'),
('3','PPJL2','$2a$08$GcoDlK6fu7Ruucf2PWEQ3OGE9O9Bl.ZZxVJ8TJSOWfST59vJrlyBG','品牌经理', '2018-04-16 19:48:39.130', '2018-04-16 19:48:39.130'),
('4','PPJL3','$2a$08$CTtH9ORGs49pRSBQU4vx4.0zXuzmvuFaUjALoIidVx2/tnCuZeYzO','品牌经理', '2018-04-16 19:48:39.130', '2018-04-16 19:48:39.130'),
('5','PPJL4','$2a$08$IQ1GL4R7E50SfilzaFQiAuXdFzK/YjY/PfjTCO6oDzg5CQa8gikJ.','品牌经理', '2018-04-16 19:48:39.130', '2018-04-16 19:48:39.130'),
('6','PPJL5','$2a$08$Gn6IeiLuQfjUOdI5PZvMLOdNcUosSLvqaYnd8OG.mLl33y9JS1bvm','品牌经理', '2018-04-16 19:48:39.130', '2018-04-16 19:48:39.130'),
('7','PPJL6','$2a$08$ScpfybSsqCRh9wY1vVXE4euPdvofPWYH5ULBPUqrZmDOfj.Eqh0/i','品牌经理', '2018-04-16 19:48:39.130', '2018-04-16 19:48:39.130'),
('8','KFJL1','$2a$08$UzG0bNNMk2TNvEybgxQwcO7QiSah9nmdJTpDcGl6q9pbabMGAC0hq','客服经理', '2018-04-16 19:48:39.130', '2018-04-16 19:48:39.130'),
('9','KFJL2','$2a$08$oZvFkTHJaAb.8Du6HYR46e/aDoUrlYjP9akbGVvOdKrGQG0UOoUK2','客服经理', '2018-04-16 19:48:39.130', '2018-04-16 19:48:39.130'),
('10','KFJL3','$2a$08$wPLPErEP95rNcwsGsJuZAuyRE5QEG5HAf8PGi17OBM5fnHClEn6w2','客服经理', '2018-04-16 19:48:39.130', '2018-04-16 19:48:39.130'),
('11','KFJL4','$2a$08$UMACexyEgXHD9Qrp1M334uG0TBGaYHX1ZuCDDJJWRVPkm9Hff9Suq','客服经理', '2018-04-16 19:48:39.130', '2018-04-16 19:48:39.130'),
('12','KFJL5','$2a$08$jtLps7LrxcGIhpO.gLTySOUpHAN9aseyXvo1KRPJoFn6nMedrS6qe','客服经理', '2018-04-16 19:48:39.130', '2018-04-16 19:48:39.130'),
('13','KFJL6','$2a$08$XH6N/8ot5l1f.zFIvYRG2eLoolADjbaRctja52ArMjlRE.XHEFrp.','客服经理', '2018-04-16 19:48:39.130', '2018-04-16 19:48:39.130'),
('14','GZ1','$2a$08$EM8qJhU9c6qD.hjIwBtJzOTteKy8avLUPrUuZYXvgT926Ry7pjZ/2','柜长', '2018-04-16 19:48:39.130', '2018-04-16 19:48:39.130'),
('15','GZ2','$2a$08$sAbI65T8mCelUgJMSFMCtePbpRY2OvAE7eDC0lf8GWNLkSnVrCXcm','柜长', '2018-04-16 19:48:39.130', '2018-04-16 19:48:39.130'),
('16','GZ3','$2a$08$GIF6RLszGlMuhI.zECjPJ.JiJd9YKC9irP/nibZmI1RXQCCN123pK','柜长', '2018-04-16 19:48:39.130', '2018-04-16 19:48:39.130'),
('17','GTBA1','$2a$08$iJfN2jFoiUvtbQI5VLB.MOxrDFHnrhr1gpUs4F37eRpefy7035gSa','柜台BA', '2018-04-16 19:48:39.130', '2018-04-16 19:48:39.130'),
('18','GTBA2','$2a$08$5ZMTiTOacRuOxez.s1vWv.itN/vUzB2wVGu13oVhC6wFgbcjct2.G','柜台BA', '2018-04-16 19:48:39.130', '2018-04-16 19:48:39.130'),
('19','GTBA3','$2a$08$xUdT6WSy/WExPQnMEmhP1O..dsV5VuAdaXD6nF3NWemDzsXVQxhb.','柜台BA', '2018-04-16 19:48:39.130', '2018-04-16 19:48:39.130'),
('20','GTBA4','$2a$08$PTqHyb0FawK0GgFTkkzWkuQuESrsqF4dHnYfhNvVgyzlFewjXTKdm','柜台BA', '2018-04-16 19:48:39.130', '2018-04-16 19:48:39.130'),
('21','GTBA5','$2a$08$NCCMMun6zPr2X5f9sNoIHOt4khaTamx1nrV5GnyWXxhEYvgbiRRNm','柜台BA', '2018-04-16 19:48:39.130', '2018-04-16 19:48:39.130'),
('22','GTBA6','$2a$08$.JcCCyiRh.6ictUhyTxTuOItjh2ACNi6gqMrurht6amQQTWQkRcFK','柜台BA', '2018-04-16 19:48:39.130', '2018-04-16 19:48:39.130'),
('23','GTBA7','$2a$08$auWremZOnooko.gIFwsNbujrDS7mapFlorkX4grzJw7A2brXtImRK','柜台BA', '2018-04-16 19:48:39.130', '2018-04-16 19:48:39.130'),
('24','GTBA8','$2a$08$ki7iuUd.il2UNEUP.lMli.HBZv7scOQ1qxLEE3WDfb7fKmYu3OZS6','柜台BA', '2018-04-16 19:48:39.130', '2018-04-16 19:48:39.130'),
('25','GTBA9','$2a$08$UgI.hjNN3L58jwTBWLkU1eFvvSwQ7A4BQjahX33vp8A.Y9o8PM0sS','柜台BA', '2018-04-16 19:48:39.130', '2018-04-16 19:48:39.130'),
('26','GYSGLY1','$2a$08$c1tLHCQnIe5KUVf799mYn.D/9W8pl/7f/WFY/OjbzvW/yWGQQYf1.','供应商管理员', '2018-04-16 19:48:39.130', '2018-04-16 19:48:39.130'),
('27','GYSGLY2','$2a$08$DwMbeH8aBWVPW7UFOlgOQePwCfrUXEzdDzjqwoC/yQnPUBXF.6FOa','供应商管理员', '2018-04-16 19:48:39.130', '2018-04-16 19:48:39.130'),
('28','GYSGLY3','$2a$08$tDq.HAsoLa.FCOWMBogwf.uw6TWRStOF11jXVC.etLZsyrhDCB5KS','供应商管理员', '2018-04-16 19:48:39.130', '2018-04-16 19:48:39.130'),
('29','ZHY1','$2a$08$kZhJPolI4jPAa8/tp1U1/.rhBgVZ9lNlc6OkGV.1a9CVN2cEwwdnK','装货员', '2018-04-16 19:48:39.130', '2018-04-16 19:48:39.130'),
('30','ZHY2','$2a$08$gAlGGcvNR0z9x4CGSkRG1.F/dDPWYKT4OTotKmfStwamIpEjhb/jC','装货员', '2018-04-16 19:48:39.130', '2018-04-16 19:48:39.130'),
('31','ZHY3','$2a$08$T7DQ7SRo6EdLJikQmeiYHeWoh./VNSMnbGN2lTTWof4u9GHW5mlXO','装货员', '2018-04-16 19:48:39.130', '2018-04-16 19:48:39.130'),
('32','AZGSGLY1','$2a$08$4E9uynqqSpmZHXOuCU8LUuRF2cZOV7L2NveTNqMs54hZLIjr32OTq','安装公司管理员', '2018-04-16 19:48:39.130', '2018-04-16 19:48:39.130'),
('33','AZGSGLY2','$2a$08$WZHFCRMu0cxqJX6ZeC1F7eSoAJ13r6b84Arg5DNee9eMOV.KHQBGW','安装公司管理员', '2018-04-16 19:48:39.130', '2018-04-16 19:48:39.130'),
('34','AZG1','$2a$08$aJOlkxCAQbIYSSDFl0807udvIsMRlHUYyyVclVTTpbqN.2YozpHrO','安装工', '2018-04-16 19:48:39.130', '2018-04-16 19:48:39.130'),
('35','AZG2','$2a$08$E5oK2T62Zb66xSQYVPbApu.FKY0N0KHph0N/7SuisbdWgoBBluWj.','安装工', '2018-04-16 19:48:39.130', '2018-04-16 19:48:39.130'),
('36','AZG3','$2a$08$Otx3JQhp.2KBUjI9t0r4ve3cJXKL3TTVyDu/oFyDDGBqlKW9oe4yW','安装工', '2018-04-16 19:48:39.130', '2018-04-16 19:48:39.130'),
('37','AZG4','$2a$08$O2SmD19pMchyqev7Lzlo4unkgLc64J2dKXQN39Oseh8O/XwanByJC','安装工', '2018-04-16 19:48:39.130', '2018-04-16 19:48:39.130'),
('38','AZG5','$2a$08$FoY7V2U60CR72HlGx/GH4eh1xaXgsq/O2X7UIdvemy64XOeVU10IO','安装工', '2018-04-16 19:48:39.130', '2018-04-16 19:48:39.130'),
('39','AZG6','$2a$08$Ho9krOtLlvpvgtXIE9fPuumMmi8xfDTC1hbfQ9TqGUnjX1do6z74a','安装工', '2018-04-16 19:48:39.130', '2018-04-16 19:48:39.130'),
('40','ZHY4','$2a$08$TCkX8ciNB17gyWZTECOJAePX8BnpDOjLv3G10EnijBNOv.okBtRw6','装货员', '2018-04-16 19:48:39.130', '2018-04-16 19:48:39.130'),
('41','GTBA10','$2a$08$V4MgBV4JUDfCWk7.0llUauxP4Zuk/oMLQW2S1uQPEv/aXxOGEyoEO','柜台BA', '2018-04-16 19:48:39.130', '2018-04-16 19:48:39.130'),
('42','GZ4','$2a$08$EtwWa1YVeDPHDD2EyjVjK.Ex58lLxjlv3DX9EvBm0GHhsGwOO86e6','柜长', '2018-04-16 19:48:39.130', '2018-04-16 19:48:39.130'),
('43','GTBA11','$2a$08$i0btE2r3RWtRe7sIgU99M.KTJhkc9vJF9r/SLklmf0mJJfumKGLe.','柜台BA', '2018-04-16 19:48:39.130', '2018-04-16 19:48:39.130');

INSERT INTO PP
(id,name, createdAt, updatedAt)
VALUES
('1','PP1', '2018-04-16 19:48:39.130', '2018-04-16 19:48:39.130'),
('2','PP2', '2018-04-16 19:48:39.130', '2018-04-16 19:48:39.130'),
('3','PP3', '2018-04-16 19:48:39.130', '2018-04-16 19:48:39.130'),
('4','PP4', '2018-04-16 19:48:39.130', '2018-04-16 19:48:39.130'),
('5','PP5', '2018-04-16 19:48:39.130', '2018-04-16 19:48:39.130'),
('6','PP6', '2018-04-16 19:48:39.130', '2018-04-16 19:48:39.130'),
('7','PP7', '2018-04-16 19:48:39.130', '2018-04-16 19:48:39.130');

INSERT INTO PPJL_PP
(UserId,PPId, createdAt, updatedAt)
VALUES
('2','1', '2018-04-16 19:48:39.130', '2018-04-16 19:48:39.130'),
('3','2', '2018-04-16 19:48:39.130', '2018-04-16 19:48:39.130'),
('5','4', '2018-04-16 19:48:39.130', '2018-04-16 19:48:39.130'),
('6','5', '2018-04-16 19:48:39.130', '2018-04-16 19:48:39.130'),
('7','6', '2018-04-16 19:48:39.130', '2018-04-16 19:48:39.130');

INSERT INTO KFJL_PP
(UserId,PPId, createdAt, updatedAt)
VALUES
('8','1', '2018-04-16 19:48:39.130', '2018-04-16 19:48:39.130'),
('9','2', '2018-04-16 19:48:39.130', '2018-04-16 19:48:39.130'),
('11','4', '2018-04-16 19:48:39.130', '2018-04-16 19:48:39.130'),
('12','5', '2018-04-16 19:48:39.130', '2018-04-16 19:48:39.130'),
('13','6', '2018-04-16 19:48:39.130', '2018-04-16 19:48:39.130');

INSERT INTO GZ_PP
(UserId,PPId, createdAt, updatedAt)
VALUES
('14','1', '2018-04-16 19:48:39.130', '2018-04-16 19:48:39.130'),
('15','1', '2018-04-16 19:48:39.130', '2018-04-16 19:48:39.130'),
('16','2', '2018-04-16 19:48:39.130', '2018-04-16 19:48:39.130'),
('42','7', '2018-04-16 19:48:39.130', '2018-04-16 19:48:39.130');

INSERT INTO GT
(id,name,code,PPId,QY,GTBAUserId,GZUserId,CS, createdAt, updatedAt)
VALUES
('1','GT1','1','1','东区','17','14','上海', '2018-04-16 19:48:39.130', '2018-04-16 19:48:39.130'),
('2','GT2','2','1','东区','18','14','上海', '2018-04-16 19:48:39.130', '2018-04-16 19:48:39.130'),
('3','GT3','3','1','北区','19','15','北京', '2018-04-16 19:48:39.130', '2018-04-16 19:48:39.130'),
('4','GT4','4','1','北区','20','15','北京', '2018-04-16 19:48:39.130', '2018-04-16 19:48:39.130'),
('5','GT5','5','2','东区','21','16','广州', '2018-04-16 19:48:39.130', '2018-04-16 19:48:39.130');

INSERT INTO GT
(id,name,code,PPId,QY,GTBAUserId,CS, createdAt, updatedAt)
VALUES
('6','GT6','6','3','东区','22','上海', '2018-04-16 19:48:39.130', '2018-04-16 19:48:39.130'),
('7','GT7','7','4','东区','23','上海', '2018-04-16 19:48:39.130', '2018-04-16 19:48:39.130'),
('8','GT8','8','5','东区','24','上海', '2018-04-16 19:48:39.130', '2018-04-16 19:48:39.130'),
('9','GT9','9','6','东区','25','上海', '2018-04-16 19:48:39.130', '2018-04-16 19:48:39.130'),
('10','GT10','10','7','东区','41','上海', '2018-04-16 19:48:39.130', '2018-04-16 19:48:39.130'),
('11','GT11','11','7','东区','43','上海', '2018-04-16 19:48:39.130', '2018-04-16 19:48:39.130');

INSERT INTO GYS
(id,Name,type, createdAt, updatedAt)
VALUES
('1','GYS1','生产', '2018-04-16 19:48:39.130', '2018-04-16 19:48:39.130'),
('2','GYS2','生产', '2018-04-16 19:48:39.130', '2018-04-16 19:48:39.130'),
('3','GYS3','生产', '2018-04-16 19:48:39.130', '2018-04-16 19:48:39.130'),
('4','GYS4','生产', '2018-04-16 19:48:39.130', '2018-04-16 19:48:39.130'),
('5','GYS5','中转', '2018-04-16 19:48:39.130', '2018-04-16 19:48:39.130'),
('6','GYS6','生产', '2018-04-16 19:48:39.130', '2018-04-16 19:48:39.130');

INSERT INTO GLY_GYS
(UserId,GYSId, createdAt, updatedAt)
VALUES
('26','1', '2018-04-16 19:48:39.130', '2018-04-16 19:48:39.130'),
('27','1', '2018-04-16 19:48:39.130', '2018-04-16 19:48:39.130'),
('28','2', '2018-04-16 19:48:39.130', '2018-04-16 19:48:39.130');

INSERT INTO ZHY_GYS
(UserId,GYSId, createdAt, updatedAt)
VALUES
('29','1', '2018-04-16 19:48:39.130', '2018-04-16 19:48:39.130'),
('30','2', '2018-04-16 19:48:39.130', '2018-04-16 19:48:39.130'),
('31','3', '2018-04-16 19:48:39.130', '2018-04-16 19:48:39.130'),
('40','6', '2018-04-16 19:48:39.130', '2018-04-16 19:48:39.130');

INSERT INTO AZGS
(id,name, createdAt, updatedAt)
VALUES
('1','AZGS1', '2018-04-16 19:48:39.130', '2018-04-16 19:48:39.130'),
('2','AZGS2', '2018-04-16 19:48:39.130', '2018-04-16 19:48:39.130'),
('3','AZGS3', '2018-04-16 19:48:39.130', '2018-04-16 19:48:39.130'),
('4','AZGS4', '2018-04-16 19:48:39.130', '2018-04-16 19:48:39.130'),
('5','AZGS5', '2018-04-16 19:48:39.130', '2018-04-16 19:48:39.130');

INSERT INTO GLY_AZGS
(UserId,AZGSId, createdAt, updatedAt)
VALUES
('32','1', '2018-04-16 19:48:39.130', '2018-04-16 19:48:39.130'),
('33','2', '2018-04-16 19:48:39.130', '2018-04-16 19:48:39.130');

INSERT INTO AZG_AZGS
(UserId,AZGSId, createdAt, updatedAt)
VALUES
('34','1', '2018-04-16 19:48:39.130', '2018-04-16 19:48:39.130'),
('35','1', '2018-04-16 19:48:39.130', '2018-04-16 19:48:39.130'),
('36','2', '2018-04-16 19:48:39.130', '2018-04-16 19:48:39.130'),
('37','3', '2018-04-16 19:48:39.130', '2018-04-16 19:48:39.130'),
('38','4', '2018-04-16 19:48:39.130', '2018-04-16 19:48:39.130'),
('39','5', '2018-04-16 19:48:39.130', '2018-04-16 19:48:39.130');

INSERT INTO DP
(id,name,PPId,GYSId, createdAt, updatedAt)
VALUES
('1','DP1','1','3', '2018-04-16 19:48:39.130', '2018-04-16 19:48:39.130'),
('2','DP2','1','4', '2018-04-16 19:48:39.130', '2018-04-16 19:48:39.130'),
('3','DP3','1','3', '2018-04-16 19:48:39.130', '2018-04-16 19:48:39.130'),
('4','DP4','2','3', '2018-04-16 19:48:39.130', '2018-04-16 19:48:39.130'),
('5','DP5','2','3', '2018-04-16 19:48:39.130', '2018-04-16 19:48:39.130'),
('6','DP6','3','3', '2018-04-16 19:48:39.130', '2018-04-16 19:48:39.130'),
('7','DP7','3','3', '2018-04-16 19:48:39.130', '2018-04-16 19:48:39.130'),
('8','DP8','4','6', '2018-04-16 19:48:39.130', '2018-04-16 19:48:39.130'),
('9','DP9','4','6', '2018-04-16 19:48:39.130', '2018-04-16 19:48:39.130'),
('10','DP10','5','6', '2018-04-16 19:48:39.130', '2018-04-16 19:48:39.130'),
('11','DP11','5','6', '2018-04-16 19:48:39.130', '2018-04-16 19:48:39.130'),
('12','DP12','6','6', '2018-04-16 19:48:39.130', '2018-04-16 19:48:39.130'),
('13','DP13','6','6', '2018-04-16 19:48:39.130', '2018-04-16 19:48:39.130'),
('14','DP14','7','6', '2018-04-16 19:48:39.130', '2018-04-16 19:48:39.130');

INSERT INTO DW
(id,name,GTId,DPId, createdAt, updatedAt)
VALUES
('1','DW1','1','1', '2018-04-16 19:48:39.130', '2018-04-16 19:48:39.130'),
('2','DW2','1','2', '2018-04-16 19:48:39.130', '2018-04-16 19:48:39.130'),
('3','DW3','1','2', '2018-04-16 19:48:39.130', '2018-04-16 19:48:39.130'),
('4','DW1','2','1', '2018-04-16 19:48:39.130', '2018-04-16 19:48:39.130'),
('5','DW2','2','2', '2018-04-16 19:48:39.130', '2018-04-16 19:48:39.130'),
('6','DW4','2','3', '2018-04-16 19:48:39.130', '2018-04-16 19:48:39.130'),
('9','DW1','6','6', '2018-04-16 19:48:39.130', '2018-04-16 19:48:39.130'),
('10','DW2','6','7', '2018-04-16 19:48:39.130', '2018-04-16 19:48:39.130'),
('11','DW1','7','8', '2018-04-16 19:48:39.130', '2018-04-16 19:48:39.130'),
('12','DW2','7','9', '2018-04-16 19:48:39.130', '2018-04-16 19:48:39.130'),
('13','DW1','8','10', '2018-04-16 19:48:39.130', '2018-04-16 19:48:39.130'),
('14','DW2','8','11', '2018-04-16 19:48:39.130', '2018-04-16 19:48:39.130'),
('15','DW1','9','12', '2018-04-16 19:48:39.130', '2018-04-16 19:48:39.130'),
('16','DW2','9','13', '2018-04-16 19:48:39.130', '2018-04-16 19:48:39.130'),
('17','DW1','10','14', '2018-04-16 19:48:39.130', '2018-04-16 19:48:39.130'),
('20','DW3','5','4', '2018-04-16 19:48:39.130', '2018-04-16 19:48:39.130'),
('21','DW4','5','5', '2018-04-16 19:48:39.130', '2018-04-16 19:48:39.130'),
('22','DW3','7','8', '2018-04-16 19:48:39.130', '2018-04-16 19:48:39.130');

INSERT INTO DW
(id,name,GTId, createdAt, updatedAt)
VALUES
('7','DW1','5', '2018-04-16 19:48:39.130', '2018-04-16 19:48:39.130'),
('8','DW2','5', '2018-04-16 19:48:39.130', '2018-04-16 19:48:39.130'),
('18','DW2','10', '2018-04-16 19:48:39.130', '2018-04-16 19:48:39.130'),
('19','DW1','11', '2018-04-16 19:48:39.130', '2018-04-16 19:48:39.130');

INSERT INTO FG
(id,name,PPId,note, createdAt, updatedAt)
VALUES
('1','FG1','1','NoteFG1', '2018-04-16 19:48:39.130', '2018-04-16 19:48:39.130'),
('2','FG2','1','NoteFG2', '2018-04-16 19:48:39.130', '2018-04-16 19:48:39.130'),
('3','FG3','1','NoteFG3', '2018-04-16 19:48:39.130', '2018-04-16 19:48:39.130');

INSERT INTO Tester
(id,name,PPId, createdAt, updatedAt)
VALUES
('1','Tester1','1', '2018-04-16 19:48:39.130', '2018-04-16 19:48:39.130'),
('2','Tester2','1', '2018-04-16 19:48:39.130', '2018-04-16 19:48:39.130'),
('3','Tester3','1', '2018-04-16 19:48:39.130', '2018-04-16 19:48:39.130');

INSERT INTO FG_Tester
(id,FGId,TesterId,PPId, createdAt, updatedAt)
VALUES
('1','1','1','1', '2018-04-16 19:48:39.130', '2018-04-16 19:48:39.130'),
('2','2','2','1', '2018-04-16 19:48:39.130', '2018-04-16 19:48:39.130'),
('3','2','3','1', '2018-04-16 19:48:39.130', '2018-04-16 19:48:39.130'),
('4','3','1','1', '2018-04-16 19:48:39.130', '2018-04-16 19:48:39.130');

INSERT INTO WL
(id,name,code,level,PPId,GYSId,imageUrl, createdAt, updatedAt)
VALUES
('1','WL3_1','1_3_1','3','1','1','UrlWL3_1', '2018-04-16 19:48:39.130', '2018-04-16 19:48:39.130'),
('2','WL3_2','1_3_2','3','1','1','UrlWL3_2', '2018-04-16 19:48:39.130', '2018-04-16 19:48:39.130'),
('3','WL3_3','1_3_3','3','1','2','UrlWL3_3', '2018-04-16 19:48:39.130', '2018-04-16 19:48:39.130'),
('4','WL3_4','1_3_4','3','1','2','UrlWL3_4', '2018-04-16 19:48:39.130', '2018-04-16 19:48:39.130'),
('5','WL2_1','1_2_1','2','1','1','UrlWL2_1', '2018-04-16 19:48:39.130', '2018-04-16 19:48:39.130'),
('6','WL2_2','1_2_2','2','1','1','UrlWL2_2', '2018-04-16 19:48:39.130', '2018-04-16 19:48:39.130'),
('7','WL2_3','1_2_3','2','1','1','UrlWL2_3', '2018-04-16 19:48:39.130', '2018-04-16 19:48:39.130'),
('8','WL2_4','1_2_4','2','1','2','UrlWL2_4', '2018-04-16 19:48:39.130', '2018-04-16 19:48:39.130'),
('9','WL2_5','1_2_5','2','1','2','UrlWL2_5', '2018-04-16 19:48:39.130', '2018-04-16 19:48:39.130'),
('10','WL2_6','1_2_6','2','1','2','UrlWL2_6', '2018-04-16 19:48:39.130', '2018-04-16 19:48:39.130'),
('11','WL1_1','1_1_1','1','1','1','UrlWL1_1', '2018-04-16 19:48:39.130', '2018-04-16 19:48:39.130'),
('12','WL1_2','1_1_2','1','1','1','UrlWL1_2', '2018-04-16 19:48:39.130', '2018-04-16 19:48:39.130'),
('13','WL1_3','1_1_3','1','1','1','UrlWL1_3', '2018-04-16 19:48:39.130', '2018-04-16 19:48:39.130'),
('14','WL1_4','1_1_4','1','1','2','UrlWL1_4', '2018-04-16 19:48:39.130', '2018-04-16 19:48:39.130'),
('15','WL1_5','1_1_5','1','1','2','UrlWL1_5', '2018-04-16 19:48:39.130', '2018-04-16 19:48:39.130'),
('16','WL1_6','1_1_6','1','1','2','UrlWL1_6', '2018-04-16 19:48:39.130', '2018-04-16 19:48:39.130'),
('17','WL3_1','2_3_1','3','2','1','UrlWL3_1', '2018-04-16 19:48:39.130', '2018-04-16 19:48:39.130'),
('18','WL2_1','2_2_1','2','2','1','UrlWL2_1', '2018-04-16 19:48:39.130', '2018-04-16 19:48:39.130'),
('19','WL1_1','2_1_1','1','2','1','UrlWL1_1', '2018-04-16 19:48:39.130', '2018-04-16 19:48:39.130'),
('20','WL3_1','3_3_1','3','3','6','UrlWL3_1', '2018-04-16 19:48:39.130', '2018-04-16 19:48:39.130'),
('21','WL2_1','3_2_1','2','3','6','UrlWL2_1', '2018-04-16 19:48:39.130', '2018-04-16 19:48:39.130'),
('22','WL1_1','3_1_1','1','3','6','UrlWL1_1', '2018-04-16 19:48:39.130', '2018-04-16 19:48:39.130'),
('23','WL3_1','4_3_1','3','4','6','UrlWL3_1', '2018-04-16 19:48:39.130', '2018-04-16 19:48:39.130'),
('24','WL2_1','4_2_1','2','4','6','UrlWL2_1', '2018-04-16 19:48:39.130', '2018-04-16 19:48:39.130'),
('25','WL1_1','4_1_1','1','4','6','UrlWL1_1', '2018-04-16 19:48:39.130', '2018-04-16 19:48:39.130'),
('26','WL3_1','5_3_1','3','5','6','UrlWL3_1', '2018-04-16 19:48:39.130', '2018-04-16 19:48:39.130'),
('27','WL2_1','5_2_1','2','5','6','UrlWL2_1', '2018-04-16 19:48:39.130', '2018-04-16 19:48:39.130'),
('28','WL1_1','5_1_1','1','5','6','UrlWL1_1', '2018-04-16 19:48:39.130', '2018-04-16 19:48:39.130'),
('29','WL3_1','6_3_1','3','6','6','UrlWL3_1', '2018-04-16 19:48:39.130', '2018-04-16 19:48:39.130'),
('30','WL2_1','6_2_1','2','6','6','UrlWL2_1', '2018-04-16 19:48:39.130', '2018-04-16 19:48:39.130'),
('31','WL1_1','6_1_1','1','6','6','UrlWL1_1', '2018-04-16 19:48:39.130', '2018-04-16 19:48:39.130'),
('32','WL1_1','7_1_1','1','7','6','UrlWL1_1', '2018-04-16 19:48:39.130', '2018-04-16 19:48:39.130');

INSERT INTO EJZH
(id,name,WLId,PPId,imageUrl, createdAt, updatedAt)
VALUES
('1','EJZH1','5','1','imageUrlEJZH1', '2018-04-16 19:48:39.130', '2018-04-16 19:48:39.130'),
('2','EJZH2','6','1','imageUrlEJZH2', '2018-04-16 19:48:39.130', '2018-04-16 19:48:39.130'),
('3','EJZH3','7','1','imageUrlEJZH3', '2018-04-16 19:48:39.130', '2018-04-16 19:48:39.130'),
('4','EJZH4','8','1','imageUrlEJZH4', '2018-04-16 19:48:39.130', '2018-04-16 19:48:39.130'),
('5','EJZH5','9','1','imageUrlEJZH5', '2018-04-16 19:48:39.130', '2018-04-16 19:48:39.130'),
('6','EJZH6','10','1','imageUrlEJZH6', '2018-04-16 19:48:39.130', '2018-04-16 19:48:39.130'),
('7','EJZH7','18','2','imageUrlEJZH7', '2018-04-16 19:48:39.130', '2018-04-16 19:48:39.130'),
('8','EJZH8','21','3','imageUrlEJZH8', '2018-04-16 19:48:39.130', '2018-04-16 19:48:39.130'),
('9','EJZH9','24','4','imageUrlEJZH9', '2018-04-16 19:48:39.130', '2018-04-16 19:48:39.130'),
('10','EJZH10','27','5','imageUrlEJZH10', '2018-04-16 19:48:39.130', '2018-04-16 19:48:39.130'),
('11','EJZH11','30','6','imageUrlEJZH11', '2018-04-16 19:48:39.130', '2018-04-16 19:48:39.130');

INSERT INTO EJZH_FGTester
(EJZHId,FGTesterId,number, createdAt, updatedAt)
VALUES
('1','1','2', '2018-04-16 19:48:39.130', '2018-04-16 19:48:39.130'),
('2','2','2', '2018-04-16 19:48:39.130', '2018-04-16 19:48:39.130'),
('2','3','2', '2018-04-16 19:48:39.130', '2018-04-16 19:48:39.130'),
('3','1','2', '2018-04-16 19:48:39.130', '2018-04-16 19:48:39.130');

INSERT INTO EJZH_SJWL
(EJZHId,WLId,number, createdAt, updatedAt)
VALUES
('2','1','2', '2018-04-16 19:48:39.130', '2018-04-16 19:48:39.130'),
('3','2','2', '2018-04-16 19:48:39.130', '2018-04-16 19:48:39.130'),
('3','3','2', '2018-04-16 19:48:39.130', '2018-04-16 19:48:39.130'),
('4','1','2', '2018-04-16 19:48:39.130', '2018-04-16 19:48:39.130'),
('5','4','2', '2018-04-16 19:48:39.130', '2018-04-16 19:48:39.130'),
('7','17','2', '2018-04-16 19:48:39.130', '2018-04-16 19:48:39.130'),
('8','20','2', '2018-04-16 19:48:39.130', '2018-04-16 19:48:39.130'),
('9','23','2', '2018-04-16 19:48:39.130', '2018-04-16 19:48:39.130'),
('10','26','2', '2018-04-16 19:48:39.130', '2018-04-16 19:48:39.130'),
('11','29','2', '2018-04-16 19:48:39.130', '2018-04-16 19:48:39.130');

INSERT INTO YJZH
(id,name,WLId,PPId,imageUrl, createdAt, updatedAt)
VALUES
('1','YJZH1','11','1','imageUrlYJZH1', '2018-04-16 19:48:39.130', '2018-04-16 19:48:39.130'),
('2','YJZH2','12','1','imageUrlYJZH2', '2018-04-16 19:48:39.130', '2018-04-16 19:48:39.130'),
('3','YJZH3','13','1','imageUrlYJZH3', '2018-04-16 19:48:39.130', '2018-04-16 19:48:39.130'),
('4','YJZH4','14','1','imageUrlYJZH4', '2018-04-16 19:48:39.130', '2018-04-16 19:48:39.130'),
('5','YJZH5','15','1','imageUrlYJZH5', '2018-04-16 19:48:39.130', '2018-04-16 19:48:39.130'),
('6','YJZH6','16','1','imageUrlYJZH6', '2018-04-16 19:48:39.130', '2018-04-16 19:48:39.130'),
('7','YJZH7','19','2','imageUrlYJZH7', '2018-04-16 19:48:39.130', '2018-04-16 19:48:39.130'),
('8','YJZH8','22','3','imageUrlYJZH8', '2018-04-16 19:48:39.130', '2018-04-16 19:48:39.130'),
('9','YJZH9','25','4','imageUrlYJZH9', '2018-04-16 19:48:39.130', '2018-04-16 19:48:39.130'),
('10','YJZH10','28','5','imageUrlYJZH10', '2018-04-16 19:48:39.130', '2018-04-16 19:48:39.130'),
('11','YJZH11','31','6','imageUrlYJZH11', '2018-04-16 19:48:39.130', '2018-04-16 19:48:39.130'),
('12','YJZH12','32','7','imageUrlYJZH12', '2018-04-16 19:48:39.130', '2018-04-16 19:48:39.130');

INSERT INTO YJZH_EJZH
(YJZHId,EJZHId,number, createdAt, updatedAt)
VALUES
('1','1','2', '2018-04-16 19:48:39.130', '2018-04-16 19:48:39.130'),
('2','2','2', '2018-04-16 19:48:39.130', '2018-04-16 19:48:39.130'),
('2','3','2', '2018-04-16 19:48:39.130', '2018-04-16 19:48:39.130'),
('3','1','2', '2018-04-16 19:48:39.130', '2018-04-16 19:48:39.130'),
('4','4','2', '2018-04-16 19:48:39.130', '2018-04-16 19:48:39.130'),
('5','6','2', '2018-04-16 19:48:39.130', '2018-04-16 19:48:39.130'),
('7','7','2', '2018-04-16 19:48:39.130', '2018-04-16 19:48:39.130'),
('8','8','2', '2018-04-16 19:48:39.130', '2018-04-16 19:48:39.130'),
('9','9','2', '2018-04-16 19:48:39.130', '2018-04-16 19:48:39.130'),
('10','10','2', '2018-04-16 19:48:39.130', '2018-04-16 19:48:39.130'),
('11','11','2', '2018-04-16 19:48:39.130', '2018-04-16 19:48:39.130');

INSERT INTO GT_YJZH
(GTId,YJZHId,number, createdAt, updatedAt)
VALUES
('1','1','2', '2018-04-16 19:48:39.130', '2018-04-16 19:48:39.130'),
('2','2','2', '2018-04-16 19:48:39.130', '2018-04-16 19:48:39.130'),
('2','3','2', '2018-04-16 19:48:39.130', '2018-04-16 19:48:39.130'),
('3','1','2', '2018-04-16 19:48:39.130', '2018-04-16 19:48:39.130'),
('4','4','2', '2018-04-16 19:48:39.130', '2018-04-16 19:48:39.130'),
('4','5','2', '2018-04-16 19:48:39.130', '2018-04-16 19:48:39.130'),
('4','6','2', '2018-04-16 19:48:39.130', '2018-04-16 19:48:39.130'),
('5','7','2', '2018-04-16 19:48:39.130', '2018-04-16 19:48:39.130'),
('6','8','2', '2018-04-16 19:48:39.130', '2018-04-16 19:48:39.130'),
('7','9','2', '2018-04-16 19:48:39.130', '2018-04-16 19:48:39.130'),
('8','10','2', '2018-04-16 19:48:39.130', '2018-04-16 19:48:39.130'),
('9','11','2', '2018-04-16 19:48:39.130', '2018-04-16 19:48:39.130'),
('10','12','2', '2018-04-16 19:48:39.130', '2018-04-16 19:48:39.130');

INSERT INTO YJZHXGT
(id,imageUrl,YJZHId, createdAt, updatedAt)
VALUES
('1','YJZH1Url1','1', '2018-04-16 19:48:39.130', '2018-04-16 19:48:39.130'),
('2','YJZH2Url1','2', '2018-04-16 19:48:39.130', '2018-04-16 19:48:39.130'),
('3','YJZH2Url2','2', '2018-04-16 19:48:39.130', '2018-04-16 19:48:39.130'),
('4','YJZH4Url1','4', '2018-04-16 19:48:39.130', '2018-04-16 19:48:39.130'),
('5','YJZH5Url1','5', '2018-04-16 19:48:39.130', '2018-04-16 19:48:39.130'),
('6','YJZH5Url2','5', '2018-04-16 19:48:39.130', '2018-04-16 19:48:39.130');

INSERT INTO EJZHXGT
(id,imageUrl,EJZHId, createdAt, updatedAt)
VALUES
('1','EJZH1Url1','1', '2018-04-16 19:48:39.130', '2018-04-16 19:48:39.130'),
('2','EJZH2Url1','2', '2018-04-16 19:48:39.130', '2018-04-16 19:48:39.130'),
('3','EJZH2Url2','2', '2018-04-16 19:48:39.130', '2018-04-16 19:48:39.130'),
('4','EJZH4Url1','4', '2018-04-16 19:48:39.130', '2018-04-16 19:48:39.130'),
('5','EJZH5Url1','5', '2018-04-16 19:48:39.130', '2018-04-16 19:48:39.130'),
('6','EJZH5Url2','5', '2018-04-16 19:48:39.130', '2018-04-16 19:48:39.130');

INSERT INTO DD
(id,name,status,PPId, createdAt, updatedAt)
VALUES
('1','DD_PP2','待审批','2', '2018-04-16 19:48:39.130', '2018-04-16 19:48:39.130'),
('2','DD_PP3','待审批','3', '2018-04-16 19:48:39.130', '2018-04-16 19:48:39.130'),
('3','DD_PP4','已审批','4', '2018-04-16 19:48:39.130', '2018-04-16 19:48:39.130'),
('4','DD_PP5','已审批','5', '2018-04-16 19:48:39.130', '2018-04-16 19:48:39.130'),
('5','DD_PP6','已审批','6', '2018-04-16 19:48:39.130', '2018-04-16 19:48:39.130'),
('6','DD_PP7','已审批','7', '2018-04-16 19:48:39.130', '2018-04-16 19:48:39.130');

INSERT INTO DD_GT_WL
(id,DDId,GTId,WLId,number,GYSId, createdAt, updatedAt)
VALUES
('1','1','5','17','8','1', '2018-04-16 19:48:39.130', '2018-04-16 19:48:39.130'),
('2','1','5','18','4','1', '2018-04-16 19:48:39.130', '2018-04-16 19:48:39.130'),
('3','1','5','19','2','1', '2018-04-16 19:48:39.130', '2018-04-16 19:48:39.130'),
('4','2','6','20','8','6', '2018-04-16 19:48:39.130', '2018-04-16 19:48:39.130'),
('5','2','6','21','4','6', '2018-04-16 19:48:39.130', '2018-04-16 19:48:39.130'),
('6','2','6','22','2','6', '2018-04-16 19:48:39.130', '2018-04-16 19:48:39.130');

INSERT INTO DD_GT_WLSnapshot
(id,DDId,GTId,WLId,number, createdAt, updatedAt)
VALUES
('1','1','5','17','8', '2018-04-16 19:48:39.130', '2018-04-16 19:48:39.130'),
('2','1','5','18','4', '2018-04-16 19:48:39.130', '2018-04-16 19:48:39.130'),
('3','1','5','19','2', '2018-04-16 19:48:39.130', '2018-04-16 19:48:39.130'),
('4','2','6','20','8', '2018-04-16 19:48:39.130', '2018-04-16 19:48:39.130'),
('5','2','6','21','4', '2018-04-16 19:48:39.130', '2018-04-16 19:48:39.130'),
('6','2','6','22','2', '2018-04-16 19:48:39.130', '2018-04-16 19:48:39.130'),
('7','3','7','23','8', '2018-04-16 19:48:39.130', '2018-04-16 19:48:39.130'),
('8','3','7','24','4', '2018-04-16 19:48:39.130', '2018-04-16 19:48:39.130'),
('9','3','7','25','2', '2018-04-16 19:48:39.130', '2018-04-16 19:48:39.130'),
('10','4','8','26','8', '2018-04-16 19:48:39.130', '2018-04-16 19:48:39.130'),
('11','4','8','27','4', '2018-04-16 19:48:39.130', '2018-04-16 19:48:39.130'),
('12','4','8','28','2', '2018-04-16 19:48:39.130', '2018-04-16 19:48:39.130'),
('13','5','9','29','8', '2018-04-16 19:48:39.130', '2018-04-16 19:48:39.130'),
('14','5','9','30','4', '2018-04-16 19:48:39.130', '2018-04-16 19:48:39.130'),
('15','5','9','31','2', '2018-04-16 19:48:39.130', '2018-04-16 19:48:39.130'),
('16','6','10','32','2', '2018-04-16 19:48:39.130', '2018-04-16 19:48:39.130');

INSERT INTO DD_GT_WL
(id,DDId,GTId,WLId,number,GYSId,ZXNumber,AZGSId, createdAt, updatedAt)
VALUES
('7','3','7','23','8','6','3','5', '2018-04-16 19:48:39.130', '2018-04-16 19:48:39.130'),
('8','3','7','24','4','6','2','5', '2018-04-16 19:48:39.130', '2018-04-16 19:48:39.130'),
('9','3','7','25','2','6','1','5', '2018-04-16 19:48:39.130', '2018-04-16 19:48:39.130');

INSERT INTO DD_GT_WL
(id,DDId,GTId,WLId,number,GYSId,ZXNumber,AZGSId,AZGUserId,YJRKDate,YJZXDate,YJAZDate, createdAt, updatedAt)
VALUES
('10','4','8','26','8','6','8','5','39','2018-06-01','2018-06-18','2018-06-25', '2018-04-16 19:48:39.130', '2018-04-16 19:48:39.130'),
('11','4','8','27','4','6','4','5','39','2018-06-01','2018-06-18','2018-06-25', '2018-04-16 19:48:39.130', '2018-04-16 19:48:39.130'),
('12','4','8','28','2','6','2','5','39','2018-06-01','2018-06-18','2018-06-25', '2018-04-16 19:48:39.130', '2018-04-16 19:48:39.130'),
('13','5','9','29','8','6','8','5','39','2018-06-01','2018-06-18','2018-06-25', '2018-04-16 19:48:39.130', '2018-04-16 19:48:39.130'),
('14','5','9','30','4','6','4','5','39','2018-06-01','2018-06-18','2018-06-25', '2018-04-16 19:48:39.130', '2018-04-16 19:48:39.130'),
('15','5','9','31','2','6','2','5','39','2018-06-01','2018-06-18','2018-06-25', '2018-04-16 19:48:39.130', '2018-04-16 19:48:39.130'),
('16','6','10','32','2','6','2','5','39','2018-06-01','2018-06-18','2018-06-25', '2018-04-16 19:48:39.130', '2018-04-16 19:48:39.130');

INSERT INTO DD_DW_DP
(id,DDId,DWId,DPId,GYSId, createdAt, updatedAt)
VALUES
('1','1','20','4','3', '2018-04-16 19:48:39.130', '2018-04-16 19:48:39.130'),
('2','1','21','5','3', '2018-04-16 19:48:39.130', '2018-04-16 19:48:39.130'),
('3','2','9','6','3', '2018-04-16 19:48:39.130', '2018-04-16 19:48:39.130'),
('4','2','10','7','3', '2018-04-16 19:48:39.130', '2018-04-16 19:48:39.130');

INSERT INTO DD_DW_DPSnapshot
(id,DDId,DWId,DPId, createdAt, updatedAt)
VALUES
('1','1','20','4', '2018-04-16 19:48:39.130', '2018-04-16 19:48:39.130'),
('2','1','21','5', '2018-04-16 19:48:39.130', '2018-04-16 19:48:39.130'),
('3','2','9','6', '2018-04-16 19:48:39.130', '2018-04-16 19:48:39.130'),
('4','2','10','7', '2018-04-16 19:48:39.130', '2018-04-16 19:48:39.130'),
('5','3','11','8', '2018-04-16 19:48:39.130', '2018-04-16 19:48:39.130'),
('6','3','12','9', '2018-04-16 19:48:39.130', '2018-04-16 19:48:39.130'),
('7','4','13','10', '2018-04-16 19:48:39.130', '2018-04-16 19:48:39.130'),
('8','4','14','11', '2018-04-16 19:48:39.130', '2018-04-16 19:48:39.130'),
('9','5','15','12', '2018-04-16 19:48:39.130', '2018-04-16 19:48:39.130'),
('10','5','16','13', '2018-04-16 19:48:39.130', '2018-04-16 19:48:39.130'),
('11','6','17','14', '2018-04-16 19:48:39.130', '2018-04-16 19:48:39.130');

INSERT INTO DD_DW_DP
(id,DDId,DWId,DPId,GYSId,ZXNumber,AZGSId, createdAt, updatedAt)
VALUES
('5','3','11','8','6','1','5', '2018-04-16 19:48:39.130', '2018-04-16 19:48:39.130'),
('6','3','12','9','6','0','5', '2018-04-16 19:48:39.130', '2018-04-16 19:48:39.130');

INSERT INTO DD_DW_DP
(id,DDId,DWId,DPId,GYSId,ZXNumber,AZGSId,AZGUserId,YJRKDate,YJZXDate,YJAZDate, createdAt, updatedAt)
VALUES
('7','3','22','8','6','1','5','39','2018-06-01','2018-06-18','2018-06-25', '2018-04-16 19:48:39.130', '2018-04-16 19:48:39.130'),
('8','4','13','10','6','1','5','39','2018-06-01','2018-06-18','2018-06-25', '2018-04-16 19:48:39.130', '2018-04-16 19:48:39.130'),
('9','4','14','11','6','1','5','39','2018-06-01','2018-06-18','2018-06-25', '2018-04-16 19:48:39.130', '2018-04-16 19:48:39.130'),
('10','5','15','12','6','1','5','39','2018-06-01','2018-06-18','2018-06-25', '2018-04-16 19:48:39.130', '2018-04-16 19:48:39.130'),
('11','5','16','13','6','1','5','39','2018-06-01','2018-06-18','2018-06-25', '2018-04-16 19:48:39.130', '2018-04-16 19:48:39.130'),
('12','6','17','14','6','1','5','39','2018-06-01','2018-06-18','2018-06-25', '2018-04-16 19:48:39.130', '2018-04-16 19:48:39.130');

INSERT INTO KDD
(id,code, createdAt, updatedAt)
VALUES
('1','KDD1', '2018-04-16 19:48:39.130', '2018-04-16 19:48:39.130'),
('2','KDD2', '2018-04-16 19:48:39.130', '2018-04-16 19:48:39.130'),
('3','KDD3', '2018-04-16 19:48:39.130', '2018-04-16 19:48:39.130'),
('4','KDD4', '2018-04-16 19:48:39.130', '2018-04-16 19:48:39.130'),
('5','KDD5', '2018-04-16 19:48:39.130', '2018-04-16 19:48:39.130'),
('6','KDD6', '2018-04-16 19:48:39.130', '2018-04-16 19:48:39.130'),
('7','KDD7', '2018-04-16 19:48:39.130', '2018-04-16 19:48:39.130'),
('8','KDD8', '2018-04-16 19:48:39.130', '2018-04-16 19:48:39.130'),
('9','KDD9', '2018-04-16 19:48:39.130', '2018-04-16 19:48:39.130');

INSERT INTO KDX
(id,EWM,GTId,KDDId,status, createdAt, updatedAt)
VALUES
('2','KDX2','7','1','发货', '2018-04-16 19:48:39.130', '2018-04-16 19:48:39.130'),
('3','KDX3','8','2','发货', '2018-04-16 19:48:39.130', '2018-04-16 19:48:39.130'),
('4','KDX4','8','3','收箱', '2018-04-16 19:48:39.130', '2018-04-16 19:48:39.130'),
('5','KDX5','9','4','收箱', '2018-04-16 19:48:39.130', '2018-04-16 19:48:39.130'),
('6','KDX6','9','4','收箱', '2018-04-16 19:48:39.130', '2018-04-16 19:48:39.130'),
('8','KDX8','8','5','发货', '2018-04-16 19:48:39.130', '2018-04-16 19:48:39.130'),
('9','KDX9','8','6','收箱', '2018-04-16 19:48:39.130', '2018-04-16 19:48:39.130'),
('10','KDX10','9','7','收箱', '2018-04-16 19:48:39.130', '2018-04-16 19:48:39.130'),
('11','KDX11','9','7','收箱', '2018-04-16 19:48:39.130', '2018-04-16 19:48:39.130'),
('12','KDX12','10','8','收箱', '2018-04-16 19:48:39.130', '2018-04-16 19:48:39.130'),
('13','KDX13','10','9','收箱', '2018-04-16 19:48:39.130', '2018-04-16 19:48:39.130');

INSERT INTO KDX
(id,EWM,GTId,status, createdAt, updatedAt)
VALUES
('1','KDX1','7','装箱', '2018-04-16 19:48:39.130', '2018-04-16 19:48:39.130'),
('7','KDX7','7','装箱', '2018-04-16 19:48:39.130', '2018-04-16 19:48:39.130'),
('14','KDX14','7','装箱', '2018-04-16 19:48:39.130', '2018-04-16 19:48:39.130');

INSERT INTO WYWL
(id,EWM,status,WLId,GYSId,DDGTWLId, createdAt, updatedAt)
VALUES
('1','WL23_1','入库','23','6','7', '2018-04-16 19:48:39.130', '2018-04-16 19:48:39.130'),
('2','WL23_2','入库','23','6','7', '2018-04-16 19:48:39.130', '2018-04-16 19:48:39.130');

INSERT INTO WYWL
(id,EWM,status,WLId,GYSId,DDGTWLId,KDXId, createdAt, updatedAt)
VALUES
('3','WL23_3','装箱','23','6','7','1', '2018-04-16 19:48:39.130', '2018-04-16 19:48:39.130'),
('4','WL23_4','装箱','23','6','7','1', '2018-04-16 19:48:39.130', '2018-04-16 19:48:39.130'),
('5','WL23_5','装箱','23','6','7','1', '2018-04-16 19:48:39.130', '2018-04-16 19:48:39.130'),
('6','WL24_1','装箱','24','6','8','1', '2018-04-16 19:48:39.130', '2018-04-16 19:48:39.130'),
('7','WL24_2','装箱','24','6','8','1', '2018-04-16 19:48:39.130', '2018-04-16 19:48:39.130'),
('10','WL25_1','发货','25','6','9','2', '2018-04-16 19:48:39.130', '2018-04-16 19:48:39.130'),
('12','WL26_1','发货','26','6','10','3', '2018-04-16 19:48:39.130', '2018-04-16 19:48:39.130'),
('13','WL26_2','发货','26','6','10','3', '2018-04-16 19:48:39.130', '2018-04-16 19:48:39.130'),
('14','WL26_3','发货','26','6','10','3', '2018-04-16 19:48:39.130', '2018-04-16 19:48:39.130'),
('15','WL26_4','发货','26','6','10','3', '2018-04-16 19:48:39.130', '2018-04-16 19:48:39.130'),
('16','WL26_5','发货','26','6','10','3', '2018-04-16 19:48:39.130', '2018-04-16 19:48:39.130'),
('17','WL26_6','发货','26','6','10','3', '2018-04-16 19:48:39.130', '2018-04-16 19:48:39.130'),
('18','WL26_7','发货','26','6','10','3', '2018-04-16 19:48:39.130', '2018-04-16 19:48:39.130'),
('19','WL26_8','发货','26','6','10','3', '2018-04-16 19:48:39.130', '2018-04-16 19:48:39.130'),
('20','WL27_1','收箱','27','6','11','4', '2018-04-16 19:48:39.130', '2018-04-16 19:48:39.130'),
('21','WL27_2','收箱','27','6','11','4', '2018-04-16 19:48:39.130', '2018-04-16 19:48:39.130'),
('22','WL27_3','收箱','27','6','11','4', '2018-04-16 19:48:39.130', '2018-04-16 19:48:39.130'),
('23','WL27_4','收箱','27','6','11','4', '2018-04-16 19:48:39.130', '2018-04-16 19:48:39.130'),
('24','WL28_1','收货','28','6','12','4', '2018-04-16 19:48:39.130', '2018-04-16 19:48:39.130'),
('25','WL28_2','收货','28','6','12','4', '2018-04-16 19:48:39.130', '2018-04-16 19:48:39.130');

INSERT INTO WYWL
(id,EWM,status,WLId,GYSId,DDGTWLId,KDXId,AZFKType,imageUrl, createdAt, updatedAt)
VALUES
('26','WL29_1','反馈图','29','6','13','5','安装成功','UrlWL29_1', '2018-04-16 19:48:39.130', '2018-04-16 19:48:39.130'),
('27','WL29_2','反馈图','29','6','13','5','安装成功','UrlWL29_2', '2018-04-16 19:48:39.130', '2018-04-16 19:48:39.130'),
('28','WL29_3','反馈图','29','6','13','5','安装成功','UrlWL29_3', '2018-04-16 19:48:39.130', '2018-04-16 19:48:39.130'),
('29','WL29_4','反馈图','29','6','13','5','安装成功','UrlWL29_4', '2018-04-16 19:48:39.130', '2018-04-16 19:48:39.130'),
('30','WL29_5','反馈图','29','6','13','5','安装成功','UrlWL29_5', '2018-04-16 19:48:39.130', '2018-04-16 19:48:39.130'),
('31','WL29_6','反馈图','29','6','13','5','安装成功','UrlWL29_6', '2018-04-16 19:48:39.130', '2018-04-16 19:48:39.130'),
('32','WL29_7','反馈图','29','6','13','5','安装成功','UrlWL29_7', '2018-04-16 19:48:39.130', '2018-04-16 19:48:39.130'),
('33','WL29_8','反馈图','29','6','13','5','安装成功','UrlWL29_8', '2018-04-16 19:48:39.130', '2018-04-16 19:48:39.130'),
('34','WL30_1','反馈图','30','6','14','6','安装成功','UrlWL30_1', '2018-04-16 19:48:39.130', '2018-04-16 19:48:39.130'),
('35','WL30_2','反馈图','30','6','14','6','安装成功','UrlWL30_2', '2018-04-16 19:48:39.130', '2018-04-16 19:48:39.130'),
('36','WL30_3','反馈图','30','6','14','6','安装成功','UrlWL30_3', '2018-04-16 19:48:39.130', '2018-04-16 19:48:39.130'),
('37','WL30_4','反馈图','30','6','14','6','安装成功','UrlWL30_4', '2018-04-16 19:48:39.130', '2018-04-16 19:48:39.130'),
('38','WL31_1','反馈图','31','6','15','6','丢失','UrlWL31_1', '2018-04-16 19:48:39.130', '2018-04-16 19:48:39.130'),
('39','WL31_2','反馈图','31','6','15','6','丢失','UrlWL31_2', '2018-04-16 19:48:39.130', '2018-04-16 19:48:39.130');

INSERT INTO WYWL
(id,EWM,status,WLId,GYSId,DDGTWLId,KDXId,AZFKType, createdAt, updatedAt)
VALUES
('40','WL32_1','反馈','32','6','16','12','安装成功', '2018-04-16 19:48:39.130', '2018-04-16 19:48:39.130'),
('41','WL32_2','反馈','32','6','16','12','安装成功', '2018-04-16 19:48:39.130', '2018-04-16 19:48:39.130');

INSERT INTO WYWLCZ
(id,WYWLId,status,UserId, createdAt, updatedAt)
VALUES
('1','1','入库','40', '2018-04-16 19:48:39.130', '2018-04-16 19:48:39.130'),
('2','2','入库','40', '2018-04-16 19:48:39.130', '2018-04-16 19:48:39.130'),
('3','3','装箱','40', '2018-04-16 19:48:39.130', '2018-04-16 19:48:39.130'),
('4','4','装箱','40', '2018-04-16 19:48:39.130', '2018-04-16 19:48:39.130'),
('5','5','装箱','40', '2018-04-16 19:48:39.130', '2018-04-16 19:48:39.130'),
('6','6','装箱','40', '2018-04-16 19:48:39.130', '2018-04-16 19:48:39.130'),
('7','7','装箱','40', '2018-04-16 19:48:39.130', '2018-04-16 19:48:39.130'),
('8','10','装箱','40', '2018-04-16 19:48:39.130', '2018-04-16 19:48:39.130'),
('9','10','发货','40', '2018-04-16 19:48:39.130', '2018-04-16 19:48:39.130'),
('10','12','装箱','40', '2018-04-16 19:48:39.130', '2018-04-16 19:48:39.130'),
('11','13','装箱','40', '2018-04-16 19:48:39.130', '2018-04-16 19:48:39.130'),
('12','14','装箱','40', '2018-04-16 19:48:39.130', '2018-04-16 19:48:39.130'),
('13','15','装箱','40', '2018-04-16 19:48:39.130', '2018-04-16 19:48:39.130'),
('14','16','装箱','40', '2018-04-16 19:48:39.130', '2018-04-16 19:48:39.130'),
('15','17','装箱','40', '2018-04-16 19:48:39.130', '2018-04-16 19:48:39.130'),
('16','18','装箱','40', '2018-04-16 19:48:39.130', '2018-04-16 19:48:39.130'),
('17','19','装箱','40', '2018-04-16 19:48:39.130', '2018-04-16 19:48:39.130'),
('18','12','发货','40', '2018-04-16 19:48:39.130', '2018-04-16 19:48:39.130'),
('19','13','发货','40', '2018-04-16 19:48:39.130', '2018-04-16 19:48:39.130'),
('20','14','发货','40', '2018-04-16 19:48:39.130', '2018-04-16 19:48:39.130'),
('21','15','发货','40', '2018-04-16 19:48:39.130', '2018-04-16 19:48:39.130'),
('22','16','发货','40', '2018-04-16 19:48:39.130', '2018-04-16 19:48:39.130'),
('23','17','发货','40', '2018-04-16 19:48:39.130', '2018-04-16 19:48:39.130'),
('24','18','发货','40', '2018-04-16 19:48:39.130', '2018-04-16 19:48:39.130'),
('25','19','发货','40', '2018-04-16 19:48:39.130', '2018-04-16 19:48:39.130'),
('26','20','装箱','40', '2018-04-16 19:48:39.130', '2018-04-16 19:48:39.130'),
('27','21','装箱','40', '2018-04-16 19:48:39.130', '2018-04-16 19:48:39.130'),
('28','22','装箱','40', '2018-04-16 19:48:39.130', '2018-04-16 19:48:39.130'),
('29','23','装箱','40', '2018-04-16 19:48:39.130', '2018-04-16 19:48:39.130'),
('30','20','发货','40', '2018-04-16 19:48:39.130', '2018-04-16 19:48:39.130'),
('31','21','发货','40', '2018-04-16 19:48:39.130', '2018-04-16 19:48:39.130'),
('32','22','发货','40', '2018-04-16 19:48:39.130', '2018-04-16 19:48:39.130'),
('33','23','发货','40', '2018-04-16 19:48:39.130', '2018-04-16 19:48:39.130'),
('34','20','收箱','24', '2018-04-16 19:48:39.130', '2018-04-16 19:48:39.130'),
('35','21','收箱','24', '2018-04-16 19:48:39.130', '2018-04-16 19:48:39.130'),
('36','22','收箱','24', '2018-04-16 19:48:39.130', '2018-04-16 19:48:39.130'),
('37','23','收箱','24', '2018-04-16 19:48:39.130', '2018-04-16 19:48:39.130'),
('38','24','装箱','40', '2018-04-16 19:48:39.130', '2018-04-16 19:48:39.130'),
('39','25','装箱','40', '2018-04-16 19:48:39.130', '2018-04-16 19:48:39.130'),
('40','24','发货','40', '2018-04-16 19:48:39.130', '2018-04-16 19:48:39.130'),
('41','25','发货','40', '2018-04-16 19:48:39.130', '2018-04-16 19:48:39.130'),
('42','24','收箱','24', '2018-04-16 19:48:39.130', '2018-04-16 19:48:39.130'),
('43','25','收箱','24', '2018-04-16 19:48:39.130', '2018-04-16 19:48:39.130'),
('44','24','收货','39', '2018-04-16 19:48:39.130', '2018-04-16 19:48:39.130'),
('45','25','收货','39', '2018-04-16 19:48:39.130', '2018-04-16 19:48:39.130'),
('46','26','装箱','40', '2018-04-16 19:48:39.130', '2018-04-16 19:48:39.130'),
('47','27','装箱','40', '2018-04-16 19:48:39.130', '2018-04-16 19:48:39.130'),
('48','28','装箱','40', '2018-04-16 19:48:39.130', '2018-04-16 19:48:39.130'),
('49','29','装箱','40', '2018-04-16 19:48:39.130', '2018-04-16 19:48:39.130'),
('50','30','装箱','40', '2018-04-16 19:48:39.130', '2018-04-16 19:48:39.130'),
('51','31','装箱','40', '2018-04-16 19:48:39.130', '2018-04-16 19:48:39.130'),
('52','32','装箱','40', '2018-04-16 19:48:39.130', '2018-04-16 19:48:39.130'),
('53','33','装箱','40', '2018-04-16 19:48:39.130', '2018-04-16 19:48:39.130'),
('54','34','装箱','40', '2018-04-16 19:48:39.130', '2018-04-16 19:48:39.130'),
('55','35','装箱','40', '2018-04-16 19:48:39.130', '2018-04-16 19:48:39.130'),
('56','36','装箱','40', '2018-04-16 19:48:39.130', '2018-04-16 19:48:39.130'),
('57','37','装箱','40', '2018-04-16 19:48:39.130', '2018-04-16 19:48:39.130'),
('58','38','装箱','40', '2018-04-16 19:48:39.130', '2018-04-16 19:48:39.130'),
('59','39','装箱','40', '2018-04-16 19:48:39.130', '2018-04-16 19:48:39.130'),
('60','26','发货','40', '2018-04-16 19:48:39.130', '2018-04-16 19:48:39.130'),
('61','27','发货','40', '2018-04-16 19:48:39.130', '2018-04-16 19:48:39.130'),
('62','28','发货','40', '2018-04-16 19:48:39.130', '2018-04-16 19:48:39.130'),
('63','29','发货','40', '2018-04-16 19:48:39.130', '2018-04-16 19:48:39.130'),
('64','30','发货','40', '2018-04-16 19:48:39.130', '2018-04-16 19:48:39.130'),
('65','31','发货','40', '2018-04-16 19:48:39.130', '2018-04-16 19:48:39.130'),
('66','32','发货','40', '2018-04-16 19:48:39.130', '2018-04-16 19:48:39.130'),
('67','33','发货','40', '2018-04-16 19:48:39.130', '2018-04-16 19:48:39.130'),
('68','34','发货','40', '2018-04-16 19:48:39.130', '2018-04-16 19:48:39.130'),
('69','35','发货','40', '2018-04-16 19:48:39.130', '2018-04-16 19:48:39.130'),
('70','36','发货','40', '2018-04-16 19:48:39.130', '2018-04-16 19:48:39.130'),
('71','37','发货','40', '2018-04-16 19:48:39.130', '2018-04-16 19:48:39.130'),
('72','38','发货','40', '2018-04-16 19:48:39.130', '2018-04-16 19:48:39.130'),
('73','39','发货','40', '2018-04-16 19:48:39.130', '2018-04-16 19:48:39.130'),
('74','26','收箱','25', '2018-04-16 19:48:39.130', '2018-04-16 19:48:39.130'),
('75','27','收箱','25', '2018-04-16 19:48:39.130', '2018-04-16 19:48:39.130'),
('76','28','收箱','25', '2018-04-16 19:48:39.130', '2018-04-16 19:48:39.130'),
('77','29','收箱','25', '2018-04-16 19:48:39.130', '2018-04-16 19:48:39.130'),
('78','30','收箱','25', '2018-04-16 19:48:39.130', '2018-04-16 19:48:39.130'),
('79','31','收箱','25', '2018-04-16 19:48:39.130', '2018-04-16 19:48:39.130'),
('80','32','收箱','25', '2018-04-16 19:48:39.130', '2018-04-16 19:48:39.130'),
('81','33','收箱','25', '2018-04-16 19:48:39.130', '2018-04-16 19:48:39.130'),
('82','34','收箱','25', '2018-04-16 19:48:39.130', '2018-04-16 19:48:39.130'),
('83','35','收箱','25', '2018-04-16 19:48:39.130', '2018-04-16 19:48:39.130'),
('84','36','收箱','25', '2018-04-16 19:48:39.130', '2018-04-16 19:48:39.130'),
('85','37','收箱','25', '2018-04-16 19:48:39.130', '2018-04-16 19:48:39.130'),
('86','38','收箱','25', '2018-04-16 19:48:39.130', '2018-04-16 19:48:39.130'),
('87','39','收箱','25', '2018-04-16 19:48:39.130', '2018-04-16 19:48:39.130'),
('88','26','收货','39', '2018-04-16 19:48:39.130', '2018-04-16 19:48:39.130'),
('89','27','收货','39', '2018-04-16 19:48:39.130', '2018-04-16 19:48:39.130'),
('90','28','收货','39', '2018-04-16 19:48:39.130', '2018-04-16 19:48:39.130'),
('91','29','收货','39', '2018-04-16 19:48:39.130', '2018-04-16 19:48:39.130'),
('92','30','收货','39', '2018-04-16 19:48:39.130', '2018-04-16 19:48:39.130'),
('93','31','收货','39', '2018-04-16 19:48:39.130', '2018-04-16 19:48:39.130'),
('94','32','收货','39', '2018-04-16 19:48:39.130', '2018-04-16 19:48:39.130'),
('95','33','收货','39', '2018-04-16 19:48:39.130', '2018-04-16 19:48:39.130'),
('96','34','收货','39', '2018-04-16 19:48:39.130', '2018-04-16 19:48:39.130'),
('97','35','收货','39', '2018-04-16 19:48:39.130', '2018-04-16 19:48:39.130'),
('98','36','收货','39', '2018-04-16 19:48:39.130', '2018-04-16 19:48:39.130'),
('99','37','收货','39', '2018-04-16 19:48:39.130', '2018-04-16 19:48:39.130'),
('100','38','收货','39', '2018-04-16 19:48:39.130', '2018-04-16 19:48:39.130'),
('101','39','收货','39', '2018-04-16 19:48:39.130', '2018-04-16 19:48:39.130'),
('102','26','反馈','39', '2018-04-16 19:48:39.130', '2018-04-16 19:48:39.130'),
('103','27','反馈','39', '2018-04-16 19:48:39.130', '2018-04-16 19:48:39.130'),
('104','28','反馈','39', '2018-04-16 19:48:39.130', '2018-04-16 19:48:39.130'),
('105','29','反馈','39', '2018-04-16 19:48:39.130', '2018-04-16 19:48:39.130'),
('106','30','反馈','39', '2018-04-16 19:48:39.130', '2018-04-16 19:48:39.130'),
('107','31','反馈','39', '2018-04-16 19:48:39.130', '2018-04-16 19:48:39.130'),
('108','32','反馈','39', '2018-04-16 19:48:39.130', '2018-04-16 19:48:39.130'),
('109','33','反馈','39', '2018-04-16 19:48:39.130', '2018-04-16 19:48:39.130'),
('110','34','反馈','39', '2018-04-16 19:48:39.130', '2018-04-16 19:48:39.130'),
('111','35','反馈','39', '2018-04-16 19:48:39.130', '2018-04-16 19:48:39.130'),
('112','36','反馈','39', '2018-04-16 19:48:39.130', '2018-04-16 19:48:39.130'),
('113','37','反馈','39', '2018-04-16 19:48:39.130', '2018-04-16 19:48:39.130'),
('114','38','反馈','39', '2018-04-16 19:48:39.130', '2018-04-16 19:48:39.130'),
('115','39','反馈','39', '2018-04-16 19:48:39.130', '2018-04-16 19:48:39.130'),
('116','26','反馈图','39', '2018-04-16 19:48:39.130', '2018-04-16 19:48:39.130'),
('117','27','反馈图','39', '2018-04-16 19:48:39.130', '2018-04-16 19:48:39.130'),
('118','28','反馈图','39', '2018-04-16 19:48:39.130', '2018-04-16 19:48:39.130'),
('119','29','反馈图','39', '2018-04-16 19:48:39.130', '2018-04-16 19:48:39.130'),
('120','30','反馈图','39', '2018-04-16 19:48:39.130', '2018-04-16 19:48:39.130'),
('121','31','反馈图','39', '2018-04-16 19:48:39.130', '2018-04-16 19:48:39.130'),
('122','32','反馈图','39', '2018-04-16 19:48:39.130', '2018-04-16 19:48:39.130'),
('123','33','反馈图','39', '2018-04-16 19:48:39.130', '2018-04-16 19:48:39.130'),
('124','34','反馈图','39', '2018-04-16 19:48:39.130', '2018-04-16 19:48:39.130'),
('125','35','反馈图','39', '2018-04-16 19:48:39.130', '2018-04-16 19:48:39.130'),
('126','36','反馈图','39', '2018-04-16 19:48:39.130', '2018-04-16 19:48:39.130'),
('127','37','反馈图','39', '2018-04-16 19:48:39.130', '2018-04-16 19:48:39.130'),
('128','38','反馈图','39', '2018-04-16 19:48:39.130', '2018-04-16 19:48:39.130'),
('129','39','反馈图','39', '2018-04-16 19:48:39.130', '2018-04-16 19:48:39.130'),
('130','40','入库','40', '2018-04-16 19:48:39.130', '2018-04-16 19:48:39.130'),
('131','41','入库','40', '2018-04-16 19:48:39.130', '2018-04-16 19:48:39.130'),
('132','40','装箱','40', '2018-04-16 19:48:39.130', '2018-04-16 19:48:39.130'),
('133','41','装箱','40', '2018-04-16 19:48:39.130', '2018-04-16 19:48:39.130'),
('134','40','发货','40', '2018-04-16 19:48:39.130', '2018-04-16 19:48:39.130'),
('135','41','发货','40', '2018-04-16 19:48:39.130', '2018-04-16 19:48:39.130'),
('136','40','收箱','41', '2018-04-16 19:48:39.130', '2018-04-16 19:48:39.130'),
('137','41','收箱','41', '2018-04-16 19:48:39.130', '2018-04-16 19:48:39.130'),
('138','40','收货','39', '2018-04-16 19:48:39.130', '2018-04-16 19:48:39.130'),
('139','41','收货','39', '2018-04-16 19:48:39.130', '2018-04-16 19:48:39.130'),
('140','40','反馈','39', '2018-04-16 19:48:39.130', '2018-04-16 19:48:39.130'),
('141','41','反馈','39', '2018-04-16 19:48:39.130', '2018-04-16 19:48:39.130');

INSERT INTO WYDP
(id,EWM,status,DPId,GYSId,DDDWDPId,KDXId, createdAt, updatedAt)
VALUES
('1','DP9','装箱','8','6','7','14', '2018-04-16 19:48:39.130', '2018-04-16 19:48:39.130'),
('2','DP8','发货','8','6','5','7', '2018-04-16 19:48:39.130', '2018-04-16 19:48:39.130'),
('3','DP10','收箱','10','6','7','8', '2018-04-16 19:48:39.130', '2018-04-16 19:48:39.130'),
('4','DP11','收货','11','6','8','9', '2018-04-16 19:48:39.130', '2018-04-16 19:48:39.130');

INSERT INTO WYDP
(id,EWM,status,DPId,GYSId,DDDWDPId,KDXId,AZFKType,imageUrl, createdAt, updatedAt)
VALUES
('5','DP12','反馈图','12','6','9','10','安装成功','UrlDP12', '2018-04-16 19:48:39.130', '2018-04-16 19:48:39.130'),
('6','DP13','反馈图','13','6','10','11','尺寸不对','UrlDP13', '2018-04-16 19:48:39.130', '2018-04-16 19:48:39.130');

INSERT INTO WYDP
(id,EWM,status,DPId,GYSId,DDDWDPId,KDXId,AZFKType, createdAt, updatedAt)
VALUES
('7','DP14','反馈','14','6','11','13','安装成功', '2018-04-16 19:48:39.130', '2018-04-16 19:48:39.130');

INSERT INTO WYDPCZ
(id,WYDPId,status,UserId, createdAt, updatedAt)
VALUES
('1','1','装箱','40', '2018-04-16 19:48:39.130', '2018-04-16 19:48:39.130'),
('2','2','装箱','40', '2018-04-16 19:48:39.130', '2018-04-16 19:48:39.130'),
('3','2','发货','40', '2018-04-16 19:48:39.130', '2018-04-16 19:48:39.130'),
('4','3','装箱','40', '2018-04-16 19:48:39.130', '2018-04-16 19:48:39.130'),
('5','3','发货','40', '2018-04-16 19:48:39.130', '2018-04-16 19:48:39.130'),
('6','3','收箱','23', '2018-04-16 19:48:39.130', '2018-04-16 19:48:39.130'),
('7','4','装箱','40', '2018-04-16 19:48:39.130', '2018-04-16 19:48:39.130'),
('8','4','发货','40', '2018-04-16 19:48:39.130', '2018-04-16 19:48:39.130'),
('9','4','收箱','24', '2018-04-16 19:48:39.130', '2018-04-16 19:48:39.130'),
('10','4','收货','39', '2018-04-16 19:48:39.130', '2018-04-16 19:48:39.130'),
('11','5','装箱','40', '2018-04-16 19:48:39.130', '2018-04-16 19:48:39.130'),
('12','6','装箱','40', '2018-04-16 19:48:39.130', '2018-04-16 19:48:39.130'),
('13','5','发货','40', '2018-04-16 19:48:39.130', '2018-04-16 19:48:39.130'),
('14','6','发货','40', '2018-04-16 19:48:39.130', '2018-04-16 19:48:39.130'),
('15','5','收箱','25', '2018-04-16 19:48:39.130', '2018-04-16 19:48:39.130'),
('16','6','收箱','25', '2018-04-16 19:48:39.130', '2018-04-16 19:48:39.130'),
('17','5','收货','39', '2018-04-16 19:48:39.130', '2018-04-16 19:48:39.130'),
('18','6','收货','39', '2018-04-16 19:48:39.130', '2018-04-16 19:48:39.130'),
('19','5','反馈','39', '2018-04-16 19:48:39.130', '2018-04-16 19:48:39.130'),
('20','6','反馈','39', '2018-04-16 19:48:39.130', '2018-04-16 19:48:39.130'),
('21','5','反馈图','39', '2018-04-16 19:48:39.130', '2018-04-16 19:48:39.130'),
('22','6','反馈图','39', '2018-04-16 19:48:39.130', '2018-04-16 19:48:39.130'),
('23','7','装箱','40', '2018-04-16 19:48:39.130', '2018-04-16 19:48:39.130'),
('24','7','发货','40', '2018-04-16 19:48:39.130', '2018-04-16 19:48:39.130'),
('25','7','收箱','41', '2018-04-16 19:48:39.130', '2018-04-16 19:48:39.130'),
('26','7','收货','39', '2018-04-16 19:48:39.130', '2018-04-16 19:48:39.130'),
('27','7','反馈','39', '2018-04-16 19:48:39.130', '2018-04-16 19:48:39.130');
