
INSERT INTO User
(Id,username,password,JS, createdAt, updatedAt)
VALUES
('1','admin','$2a$08$ZxzogROBL2LQ8q6Pu.oiT.Yd7hVkdnoxJfDPRLWpMF4tt46xiVvJ.','系统管理员', '2018-04-26 20:15:49.445', '2018-04-26 20:15:49.445'),
('2','PPJL1','$2a$08$7hsOnaCz4dZP4ZWR82HCZud7mGoCupB7xyDbNDE5Cxp8I.aSW164K','品牌经理', '2018-04-26 20:15:49.445', '2018-04-26 20:15:49.445'),
('3','PPJL2','$2a$08$fc4Tc7NSzO7yAM8Em.NuYOo27y8UUOLQZA8SnR3flsLcTAVwRhDZC','品牌经理', '2018-04-26 20:15:49.445', '2018-04-26 20:15:49.445'),
('4','PPJL3','$2a$08$X8kbaZ2lWIEzUSBdZ3Zq9OCKYniY1GY5Dx0XNT.dNXU6HxEum8uCu','品牌经理', '2018-04-26 20:15:49.445', '2018-04-26 20:15:49.445'),
('5','PPJL4','$2a$08$42VAXVJtByNGJ.ZlYtgvUeK8bMFiloVsnDazEDnWsxbO2smhvB6Ha','品牌经理', '2018-04-26 20:15:49.445', '2018-04-26 20:15:49.445'),
('6','PPJL5','$2a$08$rx/ns7xywGEk1kpowe3g8.5kAhJfoMWwfb/EEC6PFB/RYUT7XMxpK','品牌经理', '2018-04-26 20:15:49.445', '2018-04-26 20:15:49.445'),
('7','PPJL6','$2a$08$GLB7OWATJv1q1z012fHpXOuYfAWvAF689Lsy4XJjBWt0GmPTlcsFW','品牌经理', '2018-04-26 20:15:49.445', '2018-04-26 20:15:49.445'),
('8','KFJL1','$2a$08$hss6HQC0QsO2u9gRCeHeouWoYs8uefwMsm8SOW2s6k6E0IFJTCHbC','客服经理', '2018-04-26 20:15:49.445', '2018-04-26 20:15:49.445'),
('9','KFJL2','$2a$08$QVG9wWcJMfaxnFlJUxb3yeUYVMesBukIyVh0YFAJ2aW8L84AUNP5W','客服经理', '2018-04-26 20:15:49.445', '2018-04-26 20:15:49.445'),
('10','KFJL3','$2a$08$/RdvSLp/Wd2BVhD4arOl6.FAv6NLnXgciWeG3HuPvM4BSboftJVzK','客服经理', '2018-04-26 20:15:49.445', '2018-04-26 20:15:49.445'),
('11','KFJL4','$2a$08$.W1/9U3TOPiBMnqeX/2oIOrIglA.SXkxplsK7DTHeHSfUiuwVixji','品牌经理', '2018-04-26 20:15:49.445', '2018-04-26 20:15:49.445'),
('12','KFJL5','$2a$08$3Qjv6EmS/6xjhp0aHO7Vse3yTIB40jB.kPoJh8/ks3anNzj59YJyO','客服经理', '2018-04-26 20:15:49.445', '2018-04-26 20:15:49.445'),
('13','KFJL6','$2a$08$O0ZShEg2q.DuDSnLMHQOeu.VoqHKGLiNrlkdQxNM.kXx5bNFp8yo6','客服经理', '2018-04-26 20:15:49.445', '2018-04-26 20:15:49.445'),
('14','GZ1','$2a$08$.xuX5uc9GbzJNnscbC4Z2Odh0/S2rM/fqONIStEDFPrfrUeDxzJfG','柜长', '2018-04-26 20:15:49.445', '2018-04-26 20:15:49.445'),
('15','GZ2','$2a$08$1Slcydw4UCOJOTo4r/hQQ.KUe2ImdRhzNqb./WnG58nTx.08mXsV6','柜长', '2018-04-26 20:15:49.445', '2018-04-26 20:15:49.445'),
('16','GZ3','$2a$08$T379bO4w8oFdlT70fTPiQuPPlI6LqkzFFfNxANRmpRlZWmV0oNqzC','柜长', '2018-04-26 20:15:49.445', '2018-04-26 20:15:49.445'),
('17','GTBA1','$2a$08$SBN.0aNgfk/EIMVS2Hx2Tecz/yBYg6jXN7lvLD7pWID7ddWnbEKvi','柜台BA', '2018-04-26 20:15:49.445', '2018-04-26 20:15:49.445'),
('18','GTBA2','$2a$08$xGR5tlPoQFxZBypdyZ1mH.gB9iR5Z0DFd6SQ.CtkL21BmGbYkOQYm','柜台BA', '2018-04-26 20:15:49.445', '2018-04-26 20:15:49.445'),
('19','GTBA3','$2a$08$0aHp1rTLlDnZ0oQz2ggw9.RtXdXZKm38eKWJC9uHTOAJyerCrswdy','柜台BA', '2018-04-26 20:15:49.445', '2018-04-26 20:15:49.445'),
('20','GTBA4','$2a$08$ishdZXsIe/Slwa7O4iQRfOZl8IXSy62Q2k2BbHN.gxzkzsPbAlpl6','柜台BA', '2018-04-26 20:15:49.445', '2018-04-26 20:15:49.445'),
('21','GTBA5','$2a$08$WNrVPLfhFy/HRiagKoDe1ODeetd6a3CZQ1KjR8VwFlDCetmdQNzBq','柜台BA', '2018-04-26 20:15:49.445', '2018-04-26 20:15:49.445'),
('22','GTBA6','$2a$08$/HveGQ1cMFK5ImEifXeJQe3dDroyRowuF/nvFrQUcWkCo5jlg1p06','柜台BA', '2018-04-26 20:15:49.445', '2018-04-26 20:15:49.445'),
('23','GTBA7','$2a$08$LYdHx..nqBup.6YMfVHKveiLEhkKqQAL87MygbIl9zYl8xihfxMmi','柜台BA', '2018-04-26 20:15:49.445', '2018-04-26 20:15:49.445'),
('24','GTBA8','$2a$08$31AmewNyWLh7VnLCOol5iOhnjzRHlL/J3cAkQjymPgWo2VUQzgtie','柜台BA', '2018-04-26 20:15:49.445', '2018-04-26 20:15:49.445'),
('25','GTBA9','$2a$08$M93cU2NCb3qrWcmAdukB3ecm1pkVs/Qpu6KZge2Uiob.cbdmKqAfm','柜台BA', '2018-04-26 20:15:49.445', '2018-04-26 20:15:49.445'),
('26','GTBA10','$2a$08$o..S44StcoD8f2wvMxa9Jem/7fHM6t/5gNiARj5/d6vVrgGFxLv5e','柜台BA', '2018-04-26 20:15:49.445', '2018-04-26 20:15:49.445'),
('27','GYSGLY1','$2a$08$b8Q.n5Q1WmOfH9DfY48c/.PysntSG7YZLClCYYzlQ3.ZiS0xyGfua','供应商管理员', '2018-04-26 20:15:49.445', '2018-04-26 20:15:49.445'),
('28','GYSGLY2','$2a$08$/2hH0cwn/QGeFk7jCg.erOiBysCysyaI43lX7rXwvU9uwXneWvPpK','供应商管理员', '2018-04-26 20:15:49.445', '2018-04-26 20:15:49.445'),
('29','GYSGLY3','$2a$08$ktaSQQiQ2Ig3cbisQQ6Q2ezye/yloKOrPoD/9xn4RtZqbN6y2cdpG','供应商管理员', '2018-04-26 20:15:49.445', '2018-04-26 20:15:49.445'),
('30','ZHY1','$2a$08$kQIYOnrEjM/NLRF0WWjtE.n4GCoFRcdKXO9hiVJRgxGsUj/tIU6jm','装货员', '2018-04-26 20:15:49.445', '2018-04-26 20:15:49.445'),
('31','ZHY2','$2a$08$wRSlPZRz2rZW/3FXFB/FNe5c3LAaILluLgzvW2sZVwXR.zZ0Eyke.','装货员', '2018-04-26 20:15:49.445', '2018-04-26 20:15:49.445'),
('32','ZHY3','$2a$08$v7IX0qrZxrRQqquJ/PJRGuPl9o5KKgz/QQBUjYPSjuNoDcJuFR3pu','装货员', '2018-04-26 20:15:49.445', '2018-04-26 20:15:49.445'),
('33','ZHY4','$2a$08$7AYa.pqdG.2L18lr9klzQuJZOAcmhH6Gu.wMDwn/45OItpLgM1IWe','装货员', '2018-04-26 20:15:49.445', '2018-04-26 20:15:49.445'),
('34','AZGSGLY1','$2a$08$UCUzja/3WaDsxauqh/jOLeZdFI5UoRx4zSyUZsxMkCoMJxJ25F9xy','安装公司管理员', '2018-04-26 20:15:49.445', '2018-04-26 20:15:49.445'),
('35','AZGSGLY2','$2a$08$ION0d/.il0gTNA/ecN2gxe8LXim4Gq4QlebSaZ364cgjiNnAU9Vle','安装公司管理员', '2018-04-26 20:15:49.445', '2018-04-26 20:15:49.445'),
('36','AZG1','$2a$08$8/F06bfC7ETMCbJITWWWIeTQ6Up/8pqQsFfHfg35sa/MWwwAGueQO','安装工', '2018-04-26 20:15:49.445', '2018-04-26 20:15:49.445'),
('37','AZG2','$2a$08$6zOaprrJ90fJ3W6cD6MwPuhmK2VJrNtEcrrNK5/NltDj9xo2cF.vG','安装工', '2018-04-26 20:15:49.445', '2018-04-26 20:15:49.445'),
('38','AZG3','$2a$08$fc0PQKczVUk38qBQFo2ww.iAV6JccDxNgQj737ManST/8tmZ37ah2','安装工', '2018-04-26 20:15:49.445', '2018-04-26 20:15:49.445'),
('39','GTBA11','$2a$08$xPfCIuU5P6X04dylPmYbJe4HZQT5X4sCrOJmojNt9IvAIXS8vLjKe','柜台BA', '2018-04-26 20:15:49.445', '2018-04-26 20:15:49.445');

INSERT INTO PP
(id,name, createdAt, updatedAt)
VALUES
('1','PP1', '2018-04-26 20:15:49.445', '2018-04-26 20:15:49.445'),
('2','PP2', '2018-04-26 20:15:49.445', '2018-04-26 20:15:49.445'),
('3','PP3', '2018-04-26 20:15:49.445', '2018-04-26 20:15:49.445'),
('4','PP4', '2018-04-26 20:15:49.445', '2018-04-26 20:15:49.445'),
('5','PP5', '2018-04-26 20:15:49.445', '2018-04-26 20:15:49.445'),
('6','PP6', '2018-04-26 20:15:49.445', '2018-04-26 20:15:49.445'),
('7','PP7', '2018-04-26 20:15:49.445', '2018-04-26 20:15:49.445');

INSERT INTO PPJL_PP
(UserId,PPId, createdAt, updatedAt)
VALUES
('2','1', '2018-04-26 20:15:49.445', '2018-04-26 20:15:49.445'),
('3','2', '2018-04-26 20:15:49.445', '2018-04-26 20:15:49.445'),
('4','3', '2018-04-26 20:15:49.445', '2018-04-26 20:15:49.445'),
('5','4', '2018-04-26 20:15:49.445', '2018-04-26 20:15:49.445'),
('6','5', '2018-04-26 20:15:49.445', '2018-04-26 20:15:49.445'),
('7','6', '2018-04-26 20:15:49.445', '2018-04-26 20:15:49.445');

INSERT INTO KFJL_PP
(UserId,PPId, createdAt, updatedAt)
VALUES
('8','1', '2018-04-26 20:15:49.445', '2018-04-26 20:15:49.445'),
('9','2', '2018-04-26 20:15:49.445', '2018-04-26 20:15:49.445'),
('10','3', '2018-04-26 20:15:49.445', '2018-04-26 20:15:49.445'),
('11','4', '2018-04-26 20:15:49.445', '2018-04-26 20:15:49.445'),
('12','5', '2018-04-26 20:15:49.445', '2018-04-26 20:15:49.445'),
('13','6', '2018-04-26 20:15:49.445', '2018-04-26 20:15:49.445');

INSERT INTO GZ_PP
(UserId,PPId, createdAt, updatedAt)
VALUES
('14','1', '2018-04-26 20:15:49.445', '2018-04-26 20:15:49.445'),
('15','1', '2018-04-26 20:15:49.445', '2018-04-26 20:15:49.445'),
('16','2', '2018-04-26 20:15:49.445', '2018-04-26 20:15:49.445');

INSERT INTO GT
(id,name,code,PPId,QY,GTBAUserId,GZUserId,CS, createdAt, updatedAt)
VALUES
('1','GT1','1','1','南区','17','14','上海', '2018-04-26 20:15:49.445', '2018-04-26 20:15:49.445'),
('2','GT2','2','1','南区','18','14','北京', '2018-04-26 20:15:49.445', '2018-04-26 20:15:49.445'),
('3','GT3','3','1','东区','19','15','广州', '2018-04-26 20:15:49.445', '2018-04-26 20:15:49.445'),
('4','GT4','4','1','东区','20','15','广州', '2018-04-26 20:15:49.445', '2018-04-26 20:15:49.445');

INSERT INTO GT
(id,name,code,PPId,QY,GTBAUserId,CS, createdAt, updatedAt)
VALUES
('5','GT5','5','1','东区','21','广州', '2018-04-26 20:15:49.445', '2018-04-26 20:15:49.445'),
('6','GT6','6','2','东区','22','广州', '2018-04-26 20:15:49.445', '2018-04-26 20:15:49.445'),
('7','GT7','7','3','东区','23','广州', '2018-04-26 20:15:49.445', '2018-04-26 20:15:49.445'),
('8','GT8','8','4','东区','24','广州', '2018-04-26 20:15:49.445', '2018-04-26 20:15:49.445'),
('9','GT9','9','5','东区','25','广州', '2018-04-26 20:15:49.445', '2018-04-26 20:15:49.445'),
('10','GT10','10','6','东区','26','广州', '2018-04-26 20:15:49.445', '2018-04-26 20:15:49.445'),
('11','GT11','11','4','东区','39','广州', '2018-04-26 20:15:49.445', '2018-04-26 20:15:49.445');

INSERT INTO GYS
(id,Name,type, createdAt, updatedAt)
VALUES
('1','GYS1','生产', '2018-04-26 20:15:49.445', '2018-04-26 20:15:49.445'),
('2','GYS2','生产', '2018-04-26 20:15:49.445', '2018-04-26 20:15:49.445'),
('3','GYS3','中转', '2018-04-26 20:15:49.445', '2018-04-26 20:15:49.445');

INSERT INTO GLY_GYS
(UserId,GYSId, createdAt, updatedAt)
VALUES
('27','1', '2018-04-26 20:15:49.445', '2018-04-26 20:15:49.445'),
('28','2', '2018-04-26 20:15:49.445', '2018-04-26 20:15:49.445'),
('29','3', '2018-04-26 20:15:49.445', '2018-04-26 20:15:49.445');

INSERT INTO ZHY_GYS
(UserId,GYSId, createdAt, updatedAt)
VALUES
('30','1', '2018-04-26 20:15:49.445', '2018-04-26 20:15:49.445'),
('31','1', '2018-04-26 20:15:49.445', '2018-04-26 20:15:49.445'),
('32','2', '2018-04-26 20:15:49.445', '2018-04-26 20:15:49.445'),
('33','3', '2018-04-26 20:15:49.445', '2018-04-26 20:15:49.445');

INSERT INTO AZGS
(id,name, createdAt, updatedAt)
VALUES
('1','AZGS1', '2018-04-26 20:15:49.445', '2018-04-26 20:15:49.445'),
('2','AZGS2', '2018-04-26 20:15:49.445', '2018-04-26 20:15:49.445');

INSERT INTO GLY_AZGS
(UserId,AZGSId, createdAt, updatedAt)
VALUES
('34','1', '2018-04-26 20:15:49.445', '2018-04-26 20:15:49.445'),
('35','1', '2018-04-26 20:15:49.445', '2018-04-26 20:15:49.445');

INSERT INTO AZG_AZGS
(UserId,AZGSId, createdAt, updatedAt)
VALUES
('36','1', '2018-04-26 20:15:49.445', '2018-04-26 20:15:49.445'),
('37','1', '2018-04-26 20:15:49.445', '2018-04-26 20:15:49.445'),
('38','2', '2018-04-26 20:15:49.445', '2018-04-26 20:15:49.445');

INSERT INTO DP
(id,name,PPId,GYSId, createdAt, updatedAt)
VALUES
('1','DP1','1','1', '2018-04-26 20:15:49.445', '2018-04-26 20:15:49.445'),
('2','DP2','1','1', '2018-04-26 20:15:49.445', '2018-04-26 20:15:49.445'),
('3','DP3','1','1', '2018-04-26 20:15:49.445', '2018-04-26 20:15:49.445'),
('4','DP4','1','2', '2018-04-26 20:15:49.445', '2018-04-26 20:15:49.445'),
('5','DP5','2','1', '2018-04-26 20:15:49.445', '2018-04-26 20:15:49.445'),
('6','DP6','2','1', '2018-04-26 20:15:49.445', '2018-04-26 20:15:49.445'),
('7','DP7','2','2', '2018-04-26 20:15:49.445', '2018-04-26 20:15:49.445'),
('8','DP8','3','1', '2018-04-26 20:15:49.445', '2018-04-26 20:15:49.445'),
('9','DP9','3','1', '2018-04-26 20:15:49.445', '2018-04-26 20:15:49.445'),
('10','DP10','3','2', '2018-04-26 20:15:49.445', '2018-04-26 20:15:49.445'),
('11','DP11','3','2', '2018-04-26 20:15:49.445', '2018-04-26 20:15:49.445'),
('12','DP12','4','1', '2018-04-26 20:15:49.445', '2018-04-26 20:15:49.445'),
('13','DP13','4','1', '2018-04-26 20:15:49.445', '2018-04-26 20:15:49.445'),
('14','DP14','4','2', '2018-04-26 20:15:49.445', '2018-04-26 20:15:49.445'),
('15','DP15','4','2', '2018-04-26 20:15:49.445', '2018-04-26 20:15:49.445'),
('16','DP16','4','2', '2018-04-26 20:15:49.445', '2018-04-26 20:15:49.445'),
('17','DP17','4','2', '2018-04-26 20:15:49.445', '2018-04-26 20:15:49.445'),
('18','DP18','4','2', '2018-04-26 20:15:49.445', '2018-04-26 20:15:49.445'),
('19','DP19','4','2', '2018-04-26 20:15:49.445', '2018-04-26 20:15:49.445'),
('20','DP20','4','2', '2018-04-26 20:15:49.445', '2018-04-26 20:15:49.445'),
('21','DP21','4','2', '2018-04-26 20:15:49.445', '2018-04-26 20:15:49.445'),
('22','DP22','4','2', '2018-04-26 20:15:49.445', '2018-04-26 20:15:49.445'),
('23','DP23','4','2', '2018-04-26 20:15:49.445', '2018-04-26 20:15:49.445'),
('24','DP24','4','2', '2018-04-26 20:15:49.445', '2018-04-26 20:15:49.445'),
('25','DP25','4','2', '2018-04-26 20:15:49.445', '2018-04-26 20:15:49.445'),
('26','DP26','4','2', '2018-04-26 20:15:49.445', '2018-04-26 20:15:49.445'),
('27','DP27','4','2', '2018-04-26 20:15:49.445', '2018-04-26 20:15:49.445'),
('28','DP28','4','2', '2018-04-26 20:15:49.445', '2018-04-26 20:15:49.445'),
('29','DP29','5','1', '2018-04-26 20:15:49.445', '2018-04-26 20:15:49.445'),
('30','DP30','5','1', '2018-04-26 20:15:49.445', '2018-04-26 20:15:49.445'),
('31','DP31','5','2', '2018-04-26 20:15:49.445', '2018-04-26 20:15:49.445'),
('32','DP32','6','1', '2018-04-26 20:15:49.445', '2018-04-26 20:15:49.445'),
('33','DP33','6','1', '2018-04-26 20:15:49.445', '2018-04-26 20:15:49.445'),
('34','DP34','6','2', '2018-04-26 20:15:49.445', '2018-04-26 20:15:49.445'),
('35','DP35','6','2', '2018-04-26 20:15:49.445', '2018-04-26 20:15:49.445'),
('36','DP36','6','2', '2018-04-26 20:15:49.445', '2018-04-26 20:15:49.445'),
('37','DP37','6','2', '2018-04-26 20:15:49.445', '2018-04-26 20:15:49.445'),
('38','DP38','6','2', '2018-04-26 20:15:49.445', '2018-04-26 20:15:49.445'),
('39','DP39','6','2', '2018-04-26 20:15:49.445', '2018-04-26 20:15:49.445'),
('40','DP40','6','2', '2018-04-26 20:15:49.445', '2018-04-26 20:15:49.445'),
('41','DP41','4','2', '2018-04-26 20:15:49.445', '2018-04-26 20:15:49.445');

INSERT INTO DW
(id,name,GTId,DPId, createdAt, updatedAt)
VALUES
('1','DW1','1','1', '2018-04-26 20:15:49.445', '2018-04-26 20:15:49.445'),
('2','DW2','1','1', '2018-04-26 20:15:49.445', '2018-04-26 20:15:49.445'),
('3','DW3','1','4', '2018-04-26 20:15:49.445', '2018-04-26 20:15:49.445'),
('4','DW1','2','1', '2018-04-26 20:15:49.445', '2018-04-26 20:15:49.445'),
('5','DW2','2','2', '2018-04-26 20:15:49.445', '2018-04-26 20:15:49.445'),
('6','DW1','3','3', '2018-04-26 20:15:49.445', '2018-04-26 20:15:49.445'),
('8','DW1','6','5', '2018-04-26 20:15:49.445', '2018-04-26 20:15:49.445'),
('9','DW2','6','6', '2018-04-26 20:15:49.445', '2018-04-26 20:15:49.445'),
('10','DW3','6','7', '2018-04-26 20:15:49.445', '2018-04-26 20:15:49.445'),
('11','DW1','7','8', '2018-04-26 20:15:49.445', '2018-04-26 20:15:49.445'),
('12','DW2','7','9', '2018-04-26 20:15:49.445', '2018-04-26 20:15:49.445'),
('13','DW3','7','10', '2018-04-26 20:15:49.445', '2018-04-26 20:15:49.445'),
('14','DW4','7','11', '2018-04-26 20:15:49.445', '2018-04-26 20:15:49.445'),
('15','DW1','8','12', '2018-04-26 20:15:49.445', '2018-04-26 20:15:49.445'),
('16','DW2','8','13', '2018-04-26 20:15:49.445', '2018-04-26 20:15:49.445'),
('17','DW3','8','14', '2018-04-26 20:15:49.445', '2018-04-26 20:15:49.445'),
('18','DW4','8','15', '2018-04-26 20:15:49.445', '2018-04-26 20:15:49.445'),
('19','DW5','8','16', '2018-04-26 20:15:49.445', '2018-04-26 20:15:49.445'),
('20','DW6','8','17', '2018-04-26 20:15:49.445', '2018-04-26 20:15:49.445'),
('21','DW7','8','18', '2018-04-26 20:15:49.445', '2018-04-26 20:15:49.445'),
('22','DW8','8','19', '2018-04-26 20:15:49.445', '2018-04-26 20:15:49.445'),
('23','DW9','8','20', '2018-04-26 20:15:49.445', '2018-04-26 20:15:49.445'),
('24','DW10','8','21', '2018-04-26 20:15:49.445', '2018-04-26 20:15:49.445'),
('25','DW11','8','22', '2018-04-26 20:15:49.445', '2018-04-26 20:15:49.445'),
('26','DW12','8','23', '2018-04-26 20:15:49.445', '2018-04-26 20:15:49.445'),
('27','DW13','8','24', '2018-04-26 20:15:49.445', '2018-04-26 20:15:49.445'),
('28','DW14','8','25', '2018-04-26 20:15:49.445', '2018-04-26 20:15:49.445'),
('29','DW15','8','26', '2018-04-26 20:15:49.445', '2018-04-26 20:15:49.445'),
('30','DW16','8','27', '2018-04-26 20:15:49.445', '2018-04-26 20:15:49.445'),
('31','DW17','8','28', '2018-04-26 20:15:49.445', '2018-04-26 20:15:49.445'),
('32','DW1','9','29', '2018-04-26 20:15:49.445', '2018-04-26 20:15:49.445'),
('33','DW2','9','30', '2018-04-26 20:15:49.445', '2018-04-26 20:15:49.445'),
('34','DW3','9','31', '2018-04-26 20:15:49.445', '2018-04-26 20:15:49.445'),
('35','DW1','10','32', '2018-04-26 20:15:49.445', '2018-04-26 20:15:49.445'),
('36','DW2','10','33', '2018-04-26 20:15:49.445', '2018-04-26 20:15:49.445'),
('37','DW3','10','34', '2018-04-26 20:15:49.445', '2018-04-26 20:15:49.445'),
('38','DW4','10','35', '2018-04-26 20:15:49.445', '2018-04-26 20:15:49.445'),
('39','DW5','10','36', '2018-04-26 20:15:49.445', '2018-04-26 20:15:49.445'),
('40','DW6','10','37', '2018-04-26 20:15:49.445', '2018-04-26 20:15:49.445'),
('41','DW7','10','38', '2018-04-26 20:15:49.445', '2018-04-26 20:15:49.445'),
('42','DW8','10','39', '2018-04-26 20:15:49.445', '2018-04-26 20:15:49.445'),
('43','DW9','10','40', '2018-04-26 20:15:49.445', '2018-04-26 20:15:49.445'),
('44','DW1','11','12', '2018-04-26 20:15:49.445', '2018-04-26 20:15:49.445'),
('45','DW2','11','41', '2018-04-26 20:15:49.445', '2018-04-26 20:15:49.445');

INSERT INTO DW
(id,name,GTId, createdAt, updatedAt)
VALUES
('7','DW1','4', '2018-04-26 20:15:49.445', '2018-04-26 20:15:49.445');

INSERT INTO FG
(id,name,PPId,note, createdAt, updatedAt)
VALUES
('1','FG1','1','Note1', '2018-04-26 20:15:49.445', '2018-04-26 20:15:49.445'),
('2','FG2','1','Note2', '2018-04-26 20:15:49.445', '2018-04-26 20:15:49.445');

INSERT INTO Tester
(id,name,PPId, createdAt, updatedAt)
VALUES
('1','Tester1','1', '2018-04-26 20:15:49.445', '2018-04-26 20:15:49.445'),
('2','Tester2','1', '2018-04-26 20:15:49.445', '2018-04-26 20:15:49.445');

INSERT INTO FG_Tester
(id,FGId,TesterId,PPId, createdAt, updatedAt)
VALUES
('1','1','1','1', '2018-04-26 20:15:49.445', '2018-04-26 20:15:49.445'),
('2','1','2','1', '2018-04-26 20:15:49.445', '2018-04-26 20:15:49.445'),
('3','2','1','1', '2018-04-26 20:15:49.445', '2018-04-26 20:15:49.445');

INSERT INTO WL
(id,name,code,level,PPId,GYSId,imageUrl, createdAt, updatedAt)
VALUES
('1','WL1_3_1','1_3_1','3','1','1','imageUrl1_3_1', '2018-04-26 20:15:49.445', '2018-04-26 20:15:49.445'),
('2','WL1_3_2','1_3_2','3','1','1','imageUrl1_3_2', '2018-04-26 20:15:49.445', '2018-04-26 20:15:49.445'),
('3','WL1_2_1','1_2_1','2','1','1','imageUrl1_2_1', '2018-04-26 20:15:49.445', '2018-04-26 20:15:49.445'),
('4','WL1_2_2','1_2_2','2','1','1','imageUrl1_2_2', '2018-04-26 20:15:49.445', '2018-04-26 20:15:49.445'),
('5','WL1_1_1','1_1_1','1','1','2','imageUrl1_1_1', '2018-04-26 20:15:49.445', '2018-04-26 20:15:49.445'),
('6','WL1_1_2','1_1_2','1','1','2','imageUrl1_1_2', '2018-04-26 20:15:49.445', '2018-04-26 20:15:49.445'),
('7','WL2_3_1','2_3_1','3','2','1','imageUrl2_3_1', '2018-04-26 20:15:49.445', '2018-04-26 20:15:49.445'),
('8','WL2_2_1','2_2_1','2','2','1','imageUrl2_2_1', '2018-04-26 20:15:49.445', '2018-04-26 20:15:49.445'),
('9','WL2_1_1','2_1_1','1','2','2','imageUrl2_1_1', '2018-04-26 20:15:49.445', '2018-04-26 20:15:49.445'),
('10','WL3_3_1','3_3_1','3','3','1','imageUrl3_3_1', '2018-04-26 20:15:49.445', '2018-04-26 20:15:49.445'),
('11','WL3_2_1','3_2_1','2','3','1','imageUrl3_2_1', '2018-04-26 20:15:49.445', '2018-04-26 20:15:49.445'),
('12','WL3_1_1','3_1_1','1','3','2','imageUrl3_1_1', '2018-04-26 20:15:49.445', '2018-04-26 20:15:49.445'),
('13','WL3_1_2','3_1_2','1','3','2','imageUrl3_1_2', '2018-04-26 20:15:49.445', '2018-04-26 20:15:49.445'),
('14','WL4_3_1','4_3_1','3','4','1','imageUrl4_3_1', '2018-04-26 20:15:49.445', '2018-04-26 20:15:49.445'),
('15','WL4_2_1','4_2_1','2','4','1','imageUrl4_2_1', '2018-04-26 20:15:49.445', '2018-04-26 20:15:49.445'),
('16','WL4_1_1','4_1_1','1','4','2','imageUrl4_1_1', '2018-04-26 20:15:49.445', '2018-04-26 20:15:49.445'),
('17','WL4_1_2','4_1_2','1','4','2','imageUrl4_1_2', '2018-04-26 20:15:49.445', '2018-04-26 20:15:49.445'),
('18','WL4_1_3','4_1_3','1','4','2','imageUrl4_1_3', '2018-04-26 20:15:49.445', '2018-04-26 20:15:49.445'),
('19','WL4_1_4','4_1_4','1','4','2','imageUrl4_1_4', '2018-04-26 20:15:49.445', '2018-04-26 20:15:49.445'),
('20','WL4_1_5','4_1_5','1','4','2','imageUrl4_1_5', '2018-04-26 20:15:49.445', '2018-04-26 20:15:49.445'),
('21','WL4_1_6','4_1_6','1','4','2','imageUrl4_1_6', '2018-04-26 20:15:49.445', '2018-04-26 20:15:49.445'),
('22','WL4_1_7','4_1_7','1','4','2','imageUrl4_1_7', '2018-04-26 20:15:49.445', '2018-04-26 20:15:49.445'),
('23','WL5_3_1','5_3_1','3','5','1','imageUrl5_3_1', '2018-04-26 20:15:49.445', '2018-04-26 20:15:49.445'),
('24','WL5_2_1','5_2_1','2','5','1','imageUrl5_2_1', '2018-04-26 20:15:49.445', '2018-04-26 20:15:49.445'),
('25','WL5_1_1','5_1_1','1','5','1','imageUrl5_1_1', '2018-04-26 20:15:49.445', '2018-04-26 20:15:49.445'),
('26','WL6_3_1','6_3_1','3','6','1','imageUrl6_3_1', '2018-04-26 20:15:49.445', '2018-04-26 20:15:49.445'),
('27','WL6_2_1','6_2_1','2','6','1','imageUrl6_2_1', '2018-04-26 20:15:49.445', '2018-04-26 20:15:49.445'),
('28','WL6_1_1','6_1_1','1','6','2','imageUrl6_1_1', '2018-04-26 20:15:49.445', '2018-04-26 20:15:49.445'),
('29','WL4_1_8','4_1_8','1','4','2','imageUrl4_1_8', '2018-04-26 20:15:49.445', '2018-04-26 20:15:49.445');

INSERT INTO EJZH
(id,name,WLId,PPId,imageUrl, createdAt, updatedAt)
VALUES
('1','EJZH1','3','1','imageUrlEJZH1', '2018-04-26 20:15:49.445', '2018-04-26 20:15:49.445'),
('2','EJZH2','3','1','imageUrlEJZH2', '2018-04-26 20:15:49.445', '2018-04-26 20:15:49.445'),
('3','EJZH3','3','1','imageUrlEJZH3', '2018-04-26 20:15:49.445', '2018-04-26 20:15:49.445'),
('4','EJZH4','4','1','imageUrlEJZH4', '2018-04-26 20:15:49.445', '2018-04-26 20:15:49.445'),
('5','EJZH5','8','2','imageUrlEJZH5', '2018-04-26 20:15:49.445', '2018-04-26 20:15:49.445'),
('6','EJZH6','11','3','imageUrlEJZH6', '2018-04-26 20:15:49.445', '2018-04-26 20:15:49.445'),
('7','EJZH7','15','4','imageUrlEJZH7', '2018-04-26 20:15:49.445', '2018-04-26 20:15:49.445'),
('8','EJZH8','24','5','imageUrlEJZH8', '2018-04-26 20:15:49.445', '2018-04-26 20:15:49.445'),
('9','EJZH9','27','5','imageUrlEJZH9', '2018-04-26 20:15:49.445', '2018-04-26 20:15:49.445');

INSERT INTO EJZH_FGTester
(EJZHId,FGTesterId,number, createdAt, updatedAt)
VALUES
('2','1','2', '2018-04-26 20:15:49.445', '2018-04-26 20:15:49.445'),
('3','1','2', '2018-04-26 20:15:49.445', '2018-04-26 20:15:49.445');

INSERT INTO EJZH_SJWL
(EJZHId,WLId,number, createdAt, updatedAt)
VALUES
('3','1','2', '2018-04-26 20:15:49.445', '2018-04-26 20:15:49.445'),
('4','1','2', '2018-04-26 20:15:49.445', '2018-04-26 20:15:49.445'),
('4','2','2', '2018-04-26 20:15:49.445', '2018-04-26 20:15:49.445'),
('5','7','2', '2018-04-26 20:15:49.445', '2018-04-26 20:15:49.445'),
('6','10','1', '2018-04-26 20:15:49.445', '2018-04-26 20:15:49.445'),
('7','14','1', '2018-04-26 20:15:49.445', '2018-04-26 20:15:49.445'),
('8','23','1', '2018-04-26 20:15:49.445', '2018-04-26 20:15:49.445'),
('9','26','1', '2018-04-26 20:15:49.445', '2018-04-26 20:15:49.445');

INSERT INTO YJZH
(id,name,WLId,PPId,imageUrl, createdAt, updatedAt)
VALUES
('1','YJZH1','5','1','imageUrlYJZH1', '2018-04-26 20:15:49.445', '2018-04-26 20:15:49.445'),
('2','YJZH2','5','1','imageUrlYJZH2', '2018-04-26 20:15:49.445', '2018-04-26 20:15:49.445'),
('3','YJZH3','5','1','imageUrlYJZH3', '2018-04-26 20:15:49.445', '2018-04-26 20:15:49.445'),
('4','YJZH4','9','2','imageUrlYJZH4', '2018-04-26 20:15:49.445', '2018-04-26 20:15:49.445'),
('5','YJZH5','12','3','imageUrlYJZH5', '2018-04-26 20:15:49.445', '2018-04-26 20:15:49.445'),
('6','YJZH6','13','3','imageUrlYJZH6', '2018-04-26 20:15:49.445', '2018-04-26 20:15:49.445'),
('7','YJZH7','16','4','imageUrlYJZH7', '2018-04-26 20:15:49.445', '2018-04-26 20:15:49.445'),
('8','YJZH8','17','4','imageUrlYJZH8', '2018-04-26 20:15:49.445', '2018-04-26 20:15:49.445'),
('9','YJZH9','18','4','imageUrlYJZH9', '2018-04-26 20:15:49.445', '2018-04-26 20:15:49.445'),
('10','YJZH10','19','4','imageUrlYJZH10', '2018-04-26 20:15:49.445', '2018-04-26 20:15:49.445'),
('11','YJZH11','20','4','imageUrlYJZH11', '2018-04-26 20:15:49.445', '2018-04-26 20:15:49.445'),
('12','YJZH12','21','4','imageUrlYJZH12', '2018-04-26 20:15:49.445', '2018-04-26 20:15:49.445'),
('13','YJZH13','22','4','imageUrlYJZH13', '2018-04-26 20:15:49.445', '2018-04-26 20:15:49.445'),
('14','YJZH14','25','5','imageUrlYJZH14', '2018-04-26 20:15:49.445', '2018-04-26 20:15:49.445'),
('15','YJZH15','28','6','imageUrlYJZH15', '2018-04-26 20:15:49.445', '2018-04-26 20:15:49.445'),
('16','YJZH16','29','4','imageUrlYJZH16', '2018-04-26 20:15:49.445', '2018-04-26 20:15:49.445');

INSERT INTO YJZH_EJZH
(YJZHId,EJZHId,number, createdAt, updatedAt)
VALUES
('2','1','2', '2018-04-26 20:15:49.445', '2018-04-26 20:15:49.445'),
('2','2','2', '2018-04-26 20:15:49.445', '2018-04-26 20:15:49.445'),
('3','2','2', '2018-04-26 20:15:49.445', '2018-04-26 20:15:49.445'),
('4','5','2', '2018-04-26 20:15:49.445', '2018-04-26 20:15:49.445'),
('5','6','1', '2018-04-26 20:15:49.445', '2018-04-26 20:15:49.445'),
('7','7','1', '2018-04-26 20:15:49.445', '2018-04-26 20:15:49.445'),
('14','8','1', '2018-04-26 20:15:49.445', '2018-04-26 20:15:49.445'),
('15','9','1', '2018-04-26 20:15:49.445', '2018-04-26 20:15:49.445');

INSERT INTO GT_YJZH
(GTId,YJZHId,number, createdAt, updatedAt)
VALUES
('1','1','2', '2018-04-26 20:15:49.445', '2018-04-26 20:15:49.445'),
('1','2','2', '2018-04-26 20:15:49.445', '2018-04-26 20:15:49.445'),
('2','1','2', '2018-04-26 20:15:49.445', '2018-04-26 20:15:49.445'),
('6','4','2', '2018-04-26 20:15:49.445', '2018-04-26 20:15:49.445'),
('7','5','2', '2018-04-26 20:15:49.445', '2018-04-26 20:15:49.445'),
('7','6','2', '2018-04-26 20:15:49.445', '2018-04-26 20:15:49.445'),
('8','7','4', '2018-04-26 20:15:49.445', '2018-04-26 20:15:49.445'),
('8','8','4', '2018-04-26 20:15:49.445', '2018-04-26 20:15:49.445'),
('8','9','4', '2018-04-26 20:15:49.445', '2018-04-26 20:15:49.445'),
('8','10','4', '2018-04-26 20:15:49.445', '2018-04-26 20:15:49.445'),
('8','11','4', '2018-04-26 20:15:49.445', '2018-04-26 20:15:49.445'),
('8','12','4', '2018-04-26 20:15:49.445', '2018-04-26 20:15:49.445'),
('8','13','4', '2018-04-26 20:15:49.445', '2018-04-26 20:15:49.445'),
('9','14','1', '2018-04-26 20:15:49.445', '2018-04-26 20:15:49.445'),
('10','15','2', '2018-04-26 20:15:49.445', '2018-04-26 20:15:49.445'),
('11','7','4', '2018-04-26 20:15:49.445', '2018-04-26 20:15:49.445'),
('11','16','4', '2018-04-26 20:15:49.445', '2018-04-26 20:15:49.445');

INSERT INTO YJZHXGT
(id,imageUrl,YJZHId, createdAt, updatedAt)
VALUES
('1','imageUrlYJZH1','1', '2018-04-26 20:15:49.445', '2018-04-26 20:15:49.445'),
('2','imageUrlYJZH2','2', '2018-04-26 20:15:49.445', '2018-04-26 20:15:49.445');

INSERT INTO EJZHXGT
(id,imageUrl,EJZHId, createdAt, updatedAt)
VALUES
('1','imageUrlEJZH1','1', '2018-04-26 20:15:49.445', '2018-04-26 20:15:49.445'),
('2','imageUrlEJZH2','2', '2018-04-26 20:15:49.445', '2018-04-26 20:15:49.445');

INSERT INTO DD
(id,name,status,PPId, createdAt, updatedAt)
VALUES
('1','DD_GT6','初始','2', '2018-04-26 20:15:49.445', '2018-04-26 20:15:49.445'),
('2','DD_GT7','已审批','3', '2018-04-26 20:15:49.445', '2018-04-26 20:15:49.445'),
('3','DD_GT8','已审批','4', '2018-04-26 20:15:49.445', '2018-04-26 20:15:49.445'),
('4','DD_GT9','已审批','5', '2018-04-26 20:15:49.445', '2018-04-26 20:15:49.445'),
('5','DD_GT10','已审批','6', '2018-04-26 20:15:49.445', '2018-04-26 20:15:49.445');

INSERT INTO DD_GT_WLSnapshot
(id,DDId,GTId,WLId,number, createdAt, updatedAt)
VALUES
('1','1','6','7','8', '2018-04-26 20:15:49.445', '2018-04-26 20:15:49.445'),
('2','1','6','8','4', '2018-04-26 20:15:49.445', '2018-04-26 20:15:49.445'),
('3','1','6','9','2', '2018-04-26 20:15:49.445', '2018-04-26 20:15:49.445'),
('4','2','7','10','2', '2018-04-26 20:15:49.445', '2018-04-26 20:15:49.445'),
('5','2','7','11','2', '2018-04-26 20:15:49.445', '2018-04-26 20:15:49.445'),
('6','2','7','12','2', '2018-04-26 20:15:49.445', '2018-04-26 20:15:49.445'),
('7','2','7','13','2', '2018-04-26 20:15:49.445', '2018-04-26 20:15:49.445'),
('20','5','10','26','2', '2018-04-26 20:15:49.445', '2018-04-26 20:15:49.445'),
('21','5','10','27','2', '2018-04-26 20:15:49.445', '2018-04-26 20:15:49.445'),
('22','5','10','28','2', '2018-04-26 20:15:49.445', '2018-04-26 20:15:49.445'),
('8','3','8','14','4', '2018-04-26 20:15:49.445', '2018-04-26 20:15:49.445'),
('9','3','8','15','4', '2018-04-26 20:15:49.445', '2018-04-26 20:15:49.445'),
('10','3','8','16','4', '2018-04-26 20:15:49.445', '2018-04-26 20:15:49.445'),
('11','3','8','17','4', '2018-04-26 20:15:49.445', '2018-04-26 20:15:49.445'),
('12','3','8','18','4', '2018-04-26 20:15:49.445', '2018-04-26 20:15:49.445'),
('13','3','8','19','4', '2018-04-26 20:15:49.445', '2018-04-26 20:15:49.445'),
('14','3','8','20','4', '2018-04-26 20:15:49.445', '2018-04-26 20:15:49.445'),
('15','3','8','21','4', '2018-04-26 20:15:49.445', '2018-04-26 20:15:49.445'),
('16','3','8','22','4', '2018-04-26 20:15:49.445', '2018-04-26 20:15:49.445'),
('17','4','9','23','1', '2018-04-26 20:15:49.445', '2018-04-26 20:15:49.445'),
('18','4','9','24','1', '2018-04-26 20:15:49.445', '2018-04-26 20:15:49.445'),
('19','4','9','25','1', '2018-04-26 20:15:49.445', '2018-04-26 20:15:49.445'),
('23','3','11','14','4', '2018-04-26 20:15:49.445', '2018-04-26 20:15:49.445'),
('24','3','11','15','4', '2018-04-26 20:15:49.445', '2018-04-26 20:15:49.445'),
('25','3','11','16','4', '2018-04-26 20:15:49.445', '2018-04-26 20:15:49.445'),
('26','3','11','29','4', '2018-04-26 20:15:49.445', '2018-04-26 20:15:49.445');

INSERT INTO DD_GT_WL
(id,DDId,GTId,WLId,number,GYSId,status,ZXNumber, createdAt, updatedAt)
VALUES
('1','1','6','7','8','1','初始','0', '2018-04-26 20:15:49.445', '2018-04-26 20:15:49.445'),
('2','1','6','8','4','1','初始','0', '2018-04-26 20:15:49.445', '2018-04-26 20:15:49.445'),
('3','1','6','9','2','2','初始','0', '2018-04-26 20:15:49.445', '2018-04-26 20:15:49.445');

INSERT INTO DD_GT_WL
(id,DDId,GTId,WLId,number,GYSId,status,ZXNumber,AZGSId, createdAt, updatedAt)
VALUES
('4','2','7','10','2','1','初始','0','1', '2018-04-26 20:15:49.445', '2018-04-26 20:15:49.445'),
('5','2','7','11','2','1','初始','0','1', '2018-04-26 20:15:49.445', '2018-04-26 20:15:49.445'),
('6','2','7','12','2','2','初始','0','2', '2018-04-26 20:15:49.445', '2018-04-26 20:15:49.445'),
('7','2','7','13','2','2','已分配发货供应商','0','2', '2018-04-26 20:15:49.445', '2018-04-26 20:15:49.445');

INSERT INTO DD_GT_WL
(id,DDId,GTId,WLId,number,GYSId,status,ZXNumber, createdAt, updatedAt)
VALUES
('20','5','10','26','2','1','装箱完成','2', '2018-04-26 20:15:49.445', '2018-04-26 20:15:49.445'),
('21','5','10','27','2','1','收货','2', '2018-04-26 20:15:49.445', '2018-04-26 20:15:49.445'),
('22','5','10','28','2','2','可拍全景图','2', '2018-04-26 20:15:49.445', '2018-04-26 20:15:49.445');

INSERT INTO DD_GT_WL
(id,DDId,GTId,WLId,number,GYSId,status,ZXNumber,AZGSId,AZGUserId,YJRKDate,YJZXDate,YJAZDate, createdAt, updatedAt)
VALUES
('8','3','8','14','4','1','已分配发货供应商','1','1','36','2018-2-2','2018-2-2','2018-2-2', '2018-04-26 20:15:49.445', '2018-04-26 20:15:49.445'),
('9','3','8','15','4','3','已分配发货供应商','1','1','37','2018-2-2','2018-2-2','2018-2-2', '2018-04-26 20:15:49.445', '2018-04-26 20:15:49.445'),
('10','3','8','16','4','2','装箱完成','4','1','36','2018-2-2','2018-2-2','2018-2-2', '2018-04-26 20:15:49.445', '2018-04-26 20:15:49.445'),
('11','3','8','17','4','2','装箱完成','4','1','37','2018-2-2','2018-2-2','2018-2-2', '2018-04-26 20:15:49.445', '2018-04-26 20:15:49.445'),
('12','3','8','18','4','2','装箱完成','4','2','38','2018-2-2','2018-2-2','2018-2-2', '2018-04-26 20:15:49.445', '2018-04-26 20:15:49.445'),
('13','3','8','19','4','2','收货','4','1','36','2018-2-2','2018-2-2','2018-2-2', '2018-04-26 20:15:49.445', '2018-04-26 20:15:49.445'),
('14','3','8','20','4','2','收货','4','2','38','2018-2-2','2018-2-2','2018-2-2', '2018-04-26 20:15:49.445', '2018-04-26 20:15:49.445'),
('15','3','8','21','4','2','可拍全景图','4','2','38','2018-2-2','2018-2-2','2018-2-2', '2018-04-26 20:15:49.445', '2018-04-26 20:15:49.445'),
('16','3','8','22','4','2','完成','4','2','38','2018-2-2','2018-2-2','2018-2-2', '2018-04-26 20:15:49.445', '2018-04-26 20:15:49.445'),
('17','4','9','23','1','3','完成','1','2','38','2018-2-2','2018-2-2','2018-2-2', '2018-04-26 20:15:49.445', '2018-04-26 20:15:49.445'),
('18','4','9','24','1','3','完成','1','2','38','2018-2-2','2018-2-2','2018-2-2', '2018-04-26 20:15:49.445', '2018-04-26 20:15:49.445'),
('19','4','9','25','1','3','完成','1','2','38','2018-2-2','2018-2-2','2018-2-2', '2018-04-26 20:15:49.445', '2018-04-26 20:15:49.445'),
('23','3','11','14','4','1','已分配发货供应商','0','2','38','2018-2-2','2018-2-2','2018-2-2', '2018-04-26 20:15:49.445', '2018-04-26 20:15:49.445'),
('24','3','11','15','4','3','已分配发货供应商','0','2','38','2018-2-2','2018-2-2','2018-2-2', '2018-04-26 20:15:49.445', '2018-04-26 20:15:49.445'),
('25','3','11','16','4','2','已分配发货供应商','0','2','38','2018-2-2','2018-2-2','2018-2-2', '2018-04-26 20:15:49.445', '2018-04-26 20:15:49.445'),
('26','3','11','29','4','3','已分配发货供应商','0','2','38','2018-2-2','2018-2-2','2018-2-2', '2018-04-26 20:15:49.445', '2018-04-26 20:15:49.445');

INSERT INTO WLQJFKT
(id,imageUrl,DDId,GTId,UserId, createdAt, updatedAt)
VALUES
('1','GT8_AZG3_QJT1','3','8','38', '2018-04-26 20:15:49.445', '2018-04-26 20:15:49.445'),
('2','GT8_AZG3_QJT2','3','8','38', '2018-04-26 20:15:49.445', '2018-04-26 20:15:49.445'),
('3','GT9_AZG3_QJT1','4','9','38', '2018-04-26 20:15:49.445', '2018-04-26 20:15:49.445'),
('4','GT9_AZG3_QJT2','4','9','38', '2018-04-26 20:15:49.445', '2018-04-26 20:15:49.445'),
('5','GT9_AZG3_QJT3','4','9','38', '2018-04-26 20:15:49.445', '2018-04-26 20:15:49.445');

INSERT INTO KDD
(id,code,GTId, createdAt, updatedAt)
VALUES
('1','KDD1','8', '2018-04-26 20:15:49.445', '2018-04-26 20:15:49.445'),
('2','KDD2','8', '2018-04-26 20:15:49.445', '2018-04-26 20:15:49.445'),
('3','KDD3','8', '2018-04-26 20:15:49.445', '2018-04-26 20:15:49.445'),
('4','KDD4','8', '2018-04-26 20:15:49.445', '2018-04-26 20:15:49.445'),
('5','KDD5','9', '2018-04-26 20:15:49.445', '2018-04-26 20:15:49.445'),
('6','KDD6','8', '2018-04-26 20:15:49.445', '2018-04-26 20:15:49.445'),
('7','KDD7','8', '2018-04-26 20:15:49.445', '2018-04-26 20:15:49.445'),
('8','KDD8','8', '2018-04-26 20:15:49.445', '2018-04-26 20:15:49.445'),
('9','KDD9','8', '2018-04-26 20:15:49.445', '2018-04-26 20:15:49.445'),
('10','KDD10','8', '2018-04-26 20:15:49.445', '2018-04-26 20:15:49.445'),
('11','KDD11','9', '2018-04-26 20:15:49.445', '2018-04-26 20:15:49.445'),
('12','KDD12','10', '2018-04-26 20:15:49.445', '2018-04-26 20:15:49.445'),
('13','KDD13','10', '2018-04-26 20:15:49.445', '2018-04-26 20:15:49.445'),
('14','KDD14','10', '2018-04-26 20:15:49.445', '2018-04-26 20:15:49.445'),
('15','KDD15','10', '2018-04-26 20:15:49.445', '2018-04-26 20:15:49.445'),
('16','KDD16','10', '2018-04-26 20:15:49.445', '2018-04-26 20:15:49.445'),
('17','KDD17','1', '2018-04-26 20:15:49.445', '2018-04-26 20:15:49.445'),
('18','KDD18','1', '2018-04-26 20:15:49.445', '2018-04-26 20:15:49.445'),
('19','KDD19','7', '2018-04-26 20:15:49.445', '2018-04-26 20:15:49.445'),
('20','KDD20','7', '2018-04-26 20:15:49.445', '2018-04-26 20:15:49.445'),
('21','KDD21','7', '2018-04-26 20:15:49.445', '2018-04-26 20:15:49.445'),
('22','KDD22','7', '2018-04-26 20:15:49.445', '2018-04-26 20:15:49.445'),
('23','KDD23','8', '2018-04-26 20:15:49.445', '2018-04-26 20:15:49.445'),
('24','KDD24','8', '2018-04-26 20:15:49.445', '2018-04-26 20:15:49.445'),
('25','KDD25','8', '2018-04-26 20:15:49.445', '2018-04-26 20:15:49.445'),
('26','KDD26','8', '2018-04-26 20:15:49.445', '2018-04-26 20:15:49.445'),
('27','KDD27','1', '2018-04-26 20:15:49.445', '2018-04-26 20:15:49.445'),
('28','KDD28','1', '2018-04-26 20:15:49.445', '2018-04-26 20:15:49.445'),
('29','KDD29','7', '2018-04-26 20:15:49.445', '2018-04-26 20:15:49.445'),
('30','KDD30','7', '2018-04-26 20:15:49.445', '2018-04-26 20:15:49.445'),
('31','KDD31','7', '2018-04-26 20:15:49.445', '2018-04-26 20:15:49.445'),
('32','KDD32','7', '2018-04-26 20:15:49.445', '2018-04-26 20:15:49.445'),
('33','KDD33','8', '2018-04-26 20:15:49.445', '2018-04-26 20:15:49.445'),
('34','KDD34','8', '2018-04-26 20:15:49.445', '2018-04-26 20:15:49.445'),
('35','KDD35','8', '2018-04-26 20:15:49.445', '2018-04-26 20:15:49.445'),
('36','KDD36','8', '2018-04-26 20:15:49.445', '2018-04-26 20:15:49.445');

INSERT INTO KDX
(id,EWM,GTId,KDDId,status,DDId,HWType, createdAt, updatedAt)
VALUES
('3','{"type":"KDX","uuid":"KDX3"}','8','1','发货','3','WL', '2018-04-26 20:15:49.445', '2018-04-26 20:15:49.445'),
('4','{"type":"KDX","uuid":"KDX4"}','8','2','收箱','3','WL', '2018-04-26 20:15:49.445', '2018-04-26 20:15:49.445'),
('5','{"type":"KDX","uuid":"KDX5"}','8','2','收箱','3','WL', '2018-04-26 20:15:49.445', '2018-04-26 20:15:49.445'),
('6','{"type":"KDX","uuid":"KDX6"}','8','3','收箱','3','WL', '2018-04-26 20:15:49.445', '2018-04-26 20:15:49.445'),
('7','{"type":"KDX","uuid":"KDX7"}','8','4','收箱','3','WL', '2018-04-26 20:15:49.445', '2018-04-26 20:15:49.445'),
('8','{"type":"KDX","uuid":"KDX8"}','9','5','收箱','4','WL', '2018-04-26 20:15:49.445', '2018-04-26 20:15:49.445'),
('10','{"type":"KDX","uuid":"KDX10"}','8','6','发货','4','DP', '2018-04-26 20:15:49.445', '2018-04-26 20:15:49.445'),
('11','{"type":"KDX","uuid":"KDX11"}','8','7','收箱','4','DP', '2018-04-26 20:15:49.445', '2018-04-26 20:15:49.445'),
('12','{"type":"KDX","uuid":"KDX12"}','8','8','收箱','4','DP', '2018-04-26 20:15:49.445', '2018-04-26 20:15:49.445'),
('13','{"type":"KDX","uuid":"KDX13"}','8','9','收箱','4','DP', '2018-04-26 20:15:49.445', '2018-04-26 20:15:49.445'),
('14','{"type":"KDX","uuid":"KDX14"}','8','10','收箱','4','DP', '2018-04-26 20:15:49.445', '2018-04-26 20:15:49.445'),
('15','{"type":"KDX","uuid":"KDX15"}','9','11','收箱','5','DP', '2018-04-26 20:15:49.445', '2018-04-26 20:15:49.445'),
('16','{"type":"KDX","uuid":"KDX16"}','10','12','收箱','5','WL', '2018-04-26 20:15:49.445', '2018-04-26 20:15:49.445'),
('17','{"type":"KDX","uuid":"KDX17"}','10','13','收箱','4','WL', '2018-04-26 20:15:49.445', '2018-04-26 20:15:49.445'),
('18','{"type":"KDX","uuid":"KDX18"}','10','14','收箱','3','DP', '2018-04-26 20:15:49.445', '2018-04-26 20:15:49.445'),
('19','{"type":"KDX","uuid":"KDX19"}','10','15','收箱','3','DP', '2018-04-26 20:15:49.445', '2018-04-26 20:15:49.445'),
('21','{"type":"KDX","uuid":"KDX21"}','10','16','收箱','5','DP', '2018-04-26 20:15:49.445', '2018-04-26 20:15:49.445');

INSERT INTO KDX
(id,EWM,GTId,KDDId,status,HWType, createdAt, updatedAt)
VALUES
('23','{"type":"KDX","uuid":"KDX23"}','1','17','发货','WL', '2018-04-26 20:15:49.445', '2018-04-26 20:15:49.445'),
('24','{"type":"KDX","uuid":"KDX24"}','1','18','收箱','WL', '2018-04-26 20:15:49.445', '2018-04-26 20:15:49.445'),
('26','{"type":"KDX","uuid":"KDX26"}','7','19','发货','WL', '2018-04-26 20:15:49.445', '2018-04-26 20:15:49.445'),
('27','{"type":"KDX","uuid":"KDX27"}','7','20','收箱','WL', '2018-04-26 20:15:49.445', '2018-04-26 20:15:49.445'),
('29','{"type":"KDX","uuid":"KDX29"}','7','21','发货','WL', '2018-04-26 20:15:49.445', '2018-04-26 20:15:49.445'),
('30','{"type":"KDX","uuid":"KDX30"}','7','22','收箱','WL', '2018-04-26 20:15:49.445', '2018-04-26 20:15:49.445'),
('32','{"type":"KDX","uuid":"KDX32"}','8','23','发货','WL', '2018-04-26 20:15:49.445', '2018-04-26 20:15:49.445'),
('33','{"type":"KDX","uuid":"KDX33"}','8','24','收箱','WL', '2018-04-26 20:15:49.445', '2018-04-26 20:15:49.445'),
('35','{"type":"KDX","uuid":"KDX35"}','8','25','发货','WL', '2018-04-26 20:15:49.445', '2018-04-26 20:15:49.445'),
('36','{"type":"KDX","uuid":"KDX36"}','8','26','收箱','WL', '2018-04-26 20:15:49.445', '2018-04-26 20:15:49.445'),
('38','{"type":"KDX","uuid":"KDX38"}','1','27','发货','DP', '2018-04-26 20:15:49.445', '2018-04-26 20:15:49.445'),
('39','{"type":"KDX","uuid":"KDX39"}','1','28','收箱','DP', '2018-04-26 20:15:49.445', '2018-04-26 20:15:49.445'),
('41','{"type":"KDX","uuid":"KDX41"}','7','29','发货','DP', '2018-04-26 20:15:49.445', '2018-04-26 20:15:49.445'),
('42','{"type":"KDX","uuid":"KDX42"}','7','30','收箱','DP', '2018-04-26 20:15:49.445', '2018-04-26 20:15:49.445'),
('44','{"type":"KDX","uuid":"KDX44"}','7','31','发货','DP', '2018-04-26 20:15:49.445', '2018-04-26 20:15:49.445'),
('45','{"type":"KDX","uuid":"KDX45"}','7','32','收箱','DP', '2018-04-26 20:15:49.445', '2018-04-26 20:15:49.445'),
('47','{"type":"KDX","uuid":"KDX47"}','8','33','发货','DP', '2018-04-26 20:15:49.445', '2018-04-26 20:15:49.445'),
('48','{"type":"KDX","uuid":"KDX48"}','8','34','收箱','DP', '2018-04-26 20:15:49.445', '2018-04-26 20:15:49.445'),
('50','{"type":"KDX","uuid":"KDX50"}','8','35','发货','DP', '2018-04-26 20:15:49.445', '2018-04-26 20:15:49.445'),
('51','{"type":"KDX","uuid":"KDX51"}','8','36','收箱','DP', '2018-04-26 20:15:49.445', '2018-04-26 20:15:49.445');

INSERT INTO KDX
(id,EWM,GTId,status,DDId,HWType, createdAt, updatedAt)
VALUES
('1','{"type":"KDX","uuid":"KDX1"}','8','装箱','3','WL', '2018-04-26 20:15:49.445', '2018-04-26 20:15:49.445'),
('2','{"type":"KDX","uuid":"KDX2"}','8','装箱','3','WL', '2018-04-26 20:15:49.445', '2018-04-26 20:15:49.445'),
('9','{"type":"KDX","uuid":"KDX9"}','8','装箱','3','DP', '2018-04-26 20:15:49.445', '2018-04-26 20:15:49.445'),
('20','{"type":"KDX","uuid":"KDX20"}','8','装箱','3','WL', '2018-04-26 20:15:49.445', '2018-04-26 20:15:49.445');

INSERT INTO KDX
(id,EWM,GTId,status,HWType, createdAt, updatedAt)
VALUES
('22','{"type":"KDX","uuid":"KDX22"}','1','装箱','WL', '2018-04-26 20:15:49.445', '2018-04-26 20:15:49.445'),
('25','{"type":"KDX","uuid":"KDX25"}','7','装箱','WL', '2018-04-26 20:15:49.445', '2018-04-26 20:15:49.445'),
('28','{"type":"KDX","uuid":"KDX28"}','7','装箱','WL', '2018-04-26 20:15:49.445', '2018-04-26 20:15:49.445'),
('31','{"type":"KDX","uuid":"KDX31"}','8','装箱','WL', '2018-04-26 20:15:49.445', '2018-04-26 20:15:49.445'),
('34','{"type":"KDX","uuid":"KDX34"}','8','装箱','WL', '2018-04-26 20:15:49.445', '2018-04-26 20:15:49.445'),
('37','{"type":"KDX","uuid":"KDX37"}','1','装箱','DP', '2018-04-26 20:15:49.445', '2018-04-26 20:15:49.445'),
('40','{"type":"KDX","uuid":"KDX40"}','7','装箱','DP', '2018-04-26 20:15:49.445', '2018-04-26 20:15:49.445'),
('43','{"type":"KDX","uuid":"KDX43"}','7','装箱','DP', '2018-04-26 20:15:49.445', '2018-04-26 20:15:49.445'),
('46','{"type":"KDX","uuid":"KDX46"}','8','装箱','DP', '2018-04-26 20:15:49.445', '2018-04-26 20:15:49.445'),
('49','{"type":"KDX","uuid":"KDX49"}','8','装箱','DP', '2018-04-26 20:15:49.445', '2018-04-26 20:15:49.445');

INSERT INTO KDXCZ
(id,KDXId,status,UserId, createdAt, updatedAt)
VALUES
('1','1','装箱','30', '2018-04-26 20:15:49.445', '2018-04-26 20:15:49.445'),
('2','2','装箱','32', '2018-04-26 20:15:49.445', '2018-04-26 20:15:49.445'),
('3','3','装箱','32', '2018-04-26 20:15:49.445', '2018-04-26 20:15:49.445'),
('4','3','发货','32', '2018-04-26 20:15:49.445', '2018-04-26 20:15:49.445'),
('5','4','装箱','32', '2018-04-26 20:15:49.445', '2018-04-26 20:15:49.445'),
('6','4','发货','32', '2018-04-26 20:15:49.445', '2018-04-26 20:15:49.445'),
('7','4','收箱','24', '2018-04-26 20:15:49.445', '2018-04-26 20:15:49.445'),
('8','5','装箱','32', '2018-04-26 20:15:49.445', '2018-04-26 20:15:49.445'),
('9','5','发货','32', '2018-04-26 20:15:49.445', '2018-04-26 20:15:49.445'),
('10','5','收箱','24', '2018-04-26 20:15:49.445', '2018-04-26 20:15:49.445'),
('11','6','装箱','32', '2018-04-26 20:15:49.445', '2018-04-26 20:15:49.445'),
('12','7','装箱','32', '2018-04-26 20:15:49.445', '2018-04-26 20:15:49.445'),
('13','6','发货','32', '2018-04-26 20:15:49.445', '2018-04-26 20:15:49.445'),
('14','7','发货','32', '2018-04-26 20:15:49.445', '2018-04-26 20:15:49.445'),
('15','6','收箱','24', '2018-04-26 20:15:49.445', '2018-04-26 20:15:49.445'),
('16','7','收箱','24', '2018-04-26 20:15:49.445', '2018-04-26 20:15:49.445'),
('17','8','装箱','33', '2018-04-26 20:15:49.445', '2018-04-26 20:15:49.445'),
('18','8','发货','33', '2018-04-26 20:15:49.445', '2018-04-26 20:15:49.445'),
('19','8','收箱','25', '2018-04-26 20:15:49.445', '2018-04-26 20:15:49.445'),
('20','9','装箱','32', '2018-04-26 20:15:49.445', '2018-04-26 20:15:49.445'),
('21','10','装箱','32', '2018-04-26 20:15:49.445', '2018-04-26 20:15:49.445'),
('22','10','发货','32', '2018-04-26 20:15:49.445', '2018-04-26 20:15:49.445'),
('23','11','装箱','32', '2018-04-26 20:15:49.445', '2018-04-26 20:15:49.445'),
('24','12','装箱','32', '2018-04-26 20:15:49.445', '2018-04-26 20:15:49.445'),
('25','11','发货','32', '2018-04-26 20:15:49.445', '2018-04-26 20:15:49.445'),
('26','12','发货','32', '2018-04-26 20:15:49.445', '2018-04-26 20:15:49.445'),
('27','11','收箱','24', '2018-04-26 20:15:49.445', '2018-04-26 20:15:49.445'),
('28','12','收箱','24', '2018-04-26 20:15:49.445', '2018-04-26 20:15:49.445'),
('29','13','装箱','32', '2018-04-26 20:15:49.445', '2018-04-26 20:15:49.445'),
('30','14','装箱','32', '2018-04-26 20:15:49.445', '2018-04-26 20:15:49.445'),
('31','13','发货','32', '2018-04-26 20:15:49.445', '2018-04-26 20:15:49.445'),
('32','14','发货','32', '2018-04-26 20:15:49.445', '2018-04-26 20:15:49.445'),
('33','13','收箱','24', '2018-04-26 20:15:49.445', '2018-04-26 20:15:49.445'),
('34','14','收箱','24', '2018-04-26 20:15:49.445', '2018-04-26 20:15:49.445'),
('35','15','装箱','33', '2018-04-26 20:15:49.445', '2018-04-26 20:15:49.445'),
('36','15','发货','33', '2018-04-26 20:15:49.445', '2018-04-26 20:15:49.445'),
('37','15','收箱','25', '2018-04-26 20:15:49.445', '2018-04-26 20:15:49.445'),
('38','16','装箱','30', '2018-04-26 20:15:49.445', '2018-04-26 20:15:49.445'),
('39','16','发货','30', '2018-04-26 20:15:49.445', '2018-04-26 20:15:49.445'),
('40','16','收箱','26', '2018-04-26 20:15:49.445', '2018-04-26 20:15:49.445'),
('41','17','装箱','32', '2018-04-26 20:15:49.445', '2018-04-26 20:15:49.445'),
('42','17','发货','32', '2018-04-26 20:15:49.445', '2018-04-26 20:15:49.445'),
('43','17','收箱','26', '2018-04-26 20:15:49.445', '2018-04-26 20:15:49.445'),
('44','18','装箱','32', '2018-04-26 20:15:49.445', '2018-04-26 20:15:49.445'),
('45','19','装箱','32', '2018-04-26 20:15:49.445', '2018-04-26 20:15:49.445'),
('46','18','发货','32', '2018-04-26 20:15:49.445', '2018-04-26 20:15:49.445'),
('47','19','发货','32', '2018-04-26 20:15:49.445', '2018-04-26 20:15:49.445'),
('48','18','收箱','26', '2018-04-26 20:15:49.445', '2018-04-26 20:15:49.445'),
('49','19','收箱','26', '2018-04-26 20:15:49.445', '2018-04-26 20:15:49.445'),
('50','20','装箱','33', '2018-04-26 20:15:49.445', '2018-04-26 20:15:49.445'),
('51','21','装箱','30', '2018-04-26 20:15:49.445', '2018-04-26 20:15:49.445'),
('52','21','发货','30', '2018-04-26 20:15:49.445', '2018-04-26 20:15:49.445'),
('53','21','收箱','26', '2018-04-26 20:15:49.445', '2018-04-26 20:15:49.445');

INSERT INTO WYWL
(id,EWM,status,WLId,GYSId, createdAt, updatedAt)
VALUES
('1','{"type":"WL","typeId":8,"uuid":"8_1"}','入库','8','3', '2018-04-26 20:15:49.445', '2018-04-26 20:15:49.445'),
('2','{"type":"WL","typeId":8,"uuid":"8_2"}','入库','8','3', '2018-04-26 20:15:49.445', '2018-04-26 20:15:49.445'),
('3','{"type":"WL","typeId":8,"uuid":"8_3"}','入库','8','3', '2018-04-26 20:15:49.445', '2018-04-26 20:15:49.445'),
('4','{"type":"WL","typeId":8,"uuid":"8_4"}','入库','8','3', '2018-04-26 20:15:49.445', '2018-04-26 20:15:49.445'),
('5','{"type":"WL","typeId": 11,"uuid":"11_1"}','入库','11','3', '2018-04-26 20:15:49.445', '2018-04-26 20:15:49.445'),
('6','{"type":"WL","typeId":11,"uuid":"11_2"}','入库','11','3', '2018-04-26 20:15:49.445', '2018-04-26 20:15:49.445'),
('7','{"type":"WL","typeId":12,"uuid":"12_X1"}','入库','12','2', '2018-04-26 20:15:49.445', '2018-04-26 20:15:49.445'),
('8','{"type":"WL","typeId":12,"uuid":"12_X2"}','出库','12','2', '2018-04-26 20:15:49.445', '2018-04-26 20:15:49.445'),
('9','{"type":"WL","typeId":12,"uuid":"12_X3"}','消库','12','2', '2018-04-26 20:15:49.445', '2018-04-26 20:15:49.445'),
('10','{"type":"WL","typeId":12,"uuid":"12_X4"}','消库','12','1', '2018-04-26 20:15:49.445', '2018-04-26 20:15:49.445'),
('11','{"type":"WL","typeId":15,"uuid":"15_2"}','入库','15','3', '2018-04-26 20:15:49.445', '2018-04-26 20:15:49.445'),
('12','{"type":"WL","typeId":15,"uuid":"15_3"}','入库','15','3', '2018-04-26 20:15:49.445', '2018-04-26 20:15:49.445'),
('13','{"type":"WL","typeId":15,"uuid":"15_4"}','入库','15','3', '2018-04-26 20:15:49.445', '2018-04-26 20:15:49.445');

INSERT INTO WYWL
(id,EWM,status,WLId,GYSId,DDGTWLId,KDXId, createdAt, updatedAt)
VALUES
('14','{"type":"WL","typeId":14,"uuid":"14_1"}','装箱','14','1','8','1', '2018-04-26 20:15:49.445', '2018-04-26 20:15:49.445'),
('15','{"type":"WL","typeId":15,"uuid":"15_1"}','装箱','15','3','9','20', '2018-04-26 20:15:49.445', '2018-04-26 20:15:49.445'),
('16','{"type":"WL","typeId":16,"uuid":"16_1"}','装箱','16','2','10','2', '2018-04-26 20:15:49.445', '2018-04-26 20:15:49.445'),
('17','{"type":"WL","typeId":16,"uuid":"16_2"}','装箱','16','2','10','2', '2018-04-26 20:15:49.445', '2018-04-26 20:15:49.445'),
('18','{"type":"WL","typeId":16,"uuid":"16_3"}','装箱','16','2','10','2', '2018-04-26 20:15:49.445', '2018-04-26 20:15:49.445'),
('19','{"type":"WL","typeId":16,"uuid":"16_4"}','装箱','16','2','10','2', '2018-04-26 20:15:49.445', '2018-04-26 20:15:49.445'),
('20','{"type":"WL","typeId":17,"uuid":"17_1"}','发货','17','2','11','3', '2018-04-26 20:15:49.445', '2018-04-26 20:15:49.445'),
('21','{"type":"WL","typeId":17,"uuid":"17_2"}','发货','17','2','11','3', '2018-04-26 20:15:49.445', '2018-04-26 20:15:49.445'),
('22','{"type":"WL","typeId":17,"uuid":"17_3"}','发货','17','2','11','3', '2018-04-26 20:15:49.445', '2018-04-26 20:15:49.445'),
('23','{"type":"WL","typeId":17,"uuid":"17_4"}','发货','17','2','11','3', '2018-04-26 20:15:49.445', '2018-04-26 20:15:49.445'),
('24','{"type":"WL","typeId":18,"uuid":"18_1"}','收箱','18','2','12','4', '2018-04-26 20:15:49.445', '2018-04-26 20:15:49.445'),
('25','{"type":"WL","typeId":18,"uuid":"18_2"}','收箱','18','2','12','4', '2018-04-26 20:15:49.445', '2018-04-26 20:15:49.445'),
('26','{"type":"WL","typeId":18,"uuid":"18_3"}','收箱','18','2','12','4', '2018-04-26 20:15:49.445', '2018-04-26 20:15:49.445'),
('27','{"type":"WL","typeId":18,"uuid":"18_4"}','收箱','18','2','12','4', '2018-04-26 20:15:49.445', '2018-04-26 20:15:49.445'),
('28','{"type":"WL","typeId":19,"uuid":"19_1"}','收箱','19','2','13','4', '2018-04-26 20:15:49.445', '2018-04-26 20:15:49.445'),
('29','{"type":"WL","typeId":19,"uuid":"19_2"}','收箱','19','2','13','4', '2018-04-26 20:15:49.445', '2018-04-26 20:15:49.445'),
('30','{"type":"WL","typeId":20,"uuid":"20_1"}','收箱','20','2','14','4', '2018-04-26 20:15:49.445', '2018-04-26 20:15:49.445'),
('31','{"type":"WL","typeId":20,"uuid":"20_2"}','收箱','20','2','14','4', '2018-04-26 20:15:49.445', '2018-04-26 20:15:49.445'),
('32','{"type":"WL","typeId":19,"uuid":"19_3"}','收货','19','2','13','5', '2018-04-26 20:15:49.445', '2018-04-26 20:15:49.445'),
('33','{"type":"WL","typeId":19,"uuid":"19_4"}','收货','19','2','13','5', '2018-04-26 20:15:49.445', '2018-04-26 20:15:49.445'),
('34','{"type":"WL","typeId":20,"uuid":"20_3"}','收货','20','2','14','5', '2018-04-26 20:15:49.445', '2018-04-26 20:15:49.445'),
('35','{"type":"WL","typeId":20,"uuid":"20_4"}','收货','20','2','14','5', '2018-04-26 20:15:49.445', '2018-04-26 20:15:49.445'),
('47','{"type":"WL","typeId":26,"uuid":"26_1"}','收箱','26','1','20','16', '2018-04-26 20:15:49.445', '2018-04-26 20:15:49.445'),
('48','{"type":"WL","typeId":26,"uuid":"26_2"}','收箱','26','1','20','16', '2018-04-26 20:15:49.445', '2018-04-26 20:15:49.445'),
('49','{"type":"WL","typeId":27,"uuid":"27_1"}','收箱','27','1','21','16', '2018-04-26 20:15:49.445', '2018-04-26 20:15:49.445'),
('50','{"type":"WL","typeId":27,"uuid":"27_2"}','收货','27','1','21','16', '2018-04-26 20:15:49.445', '2018-04-26 20:15:49.445');

INSERT INTO WYWL
(id,EWM,status,WLId,GYSId,DDGTWLId,KDXId,AZFKType,imageUrl, createdAt, updatedAt)
VALUES
('36','{"type":"WL","typeId":21,"uuid":"21_1"}','反馈','21','2','15','6','安装成功','imageUrlWL21_1', '2018-04-26 20:15:49.445', '2018-04-26 20:15:49.445'),
('37','{"type":"WL","typeId":21,"uuid":"21_2"}','反馈','21','2','15','6','安装成功','imageUrlWL21_2', '2018-04-26 20:15:49.445', '2018-04-26 20:15:49.445'),
('38','{"type":"WL","typeId":21,"uuid":"21_3"}','反馈','21','2','15','6','安装成功','imageUrlWL21_3', '2018-04-26 20:15:49.445', '2018-04-26 20:15:49.445'),
('39','{"type":"WL","typeId":21,"uuid":"21_4"}','反馈','21','2','15','6','安装成功','imageUrlWL21_4', '2018-04-26 20:15:49.445', '2018-04-26 20:15:49.445'),
('40','{"type":"WL","typeId":22,"uuid":"22_1"}','反馈','22','2','16','7','安装成功','imageUrlWL22_1', '2018-04-26 20:15:49.445', '2018-04-26 20:15:49.445'),
('41','{"type":"WL","typeId":22,"uuid":"22_2"}','反馈','22','2','16','7','安装成功','imageUrlWL22_2', '2018-04-26 20:15:49.445', '2018-04-26 20:15:49.445'),
('42','{"type":"WL","typeId":22,"uuid":"22_3"}','反馈','22','2','16','7','丢失','imageUrlWL22_3', '2018-04-26 20:15:49.445', '2018-04-26 20:15:49.445'),
('43','{"type":"WL","typeId":22,"uuid":"22_4"}','反馈','22','2','16','7','丢失','imageUrlWL22_4', '2018-04-26 20:15:49.445', '2018-04-26 20:15:49.445'),
('44','{"type":"WL","typeId":23,"uuid":"23_1"}','反馈','23','3','17','8','丢失','imageUrlWL23_1', '2018-04-26 20:15:49.445', '2018-04-26 20:15:49.445'),
('45','{"type":"WL","typeId":24,"uuid":"24_1"}','反馈','24','3','18','8','丢失','imageUrlWL24_1', '2018-04-26 20:15:49.445', '2018-04-26 20:15:49.445'),
('46','{"type":"WL","typeId":25,"uuid":"25_1"}','反馈','25','3','19','8','丢失','imageUrlWL25_1', '2018-04-26 20:15:49.445', '2018-04-26 20:15:49.445'),
('51','{"type":"WL","typeId":28,"uuid":"28_1"}','反馈','28','2','22','17','安装成功','imageUrlWL28_1', '2018-04-26 20:15:49.445', '2018-04-26 20:15:49.445'),
('52','{"type":"WL","typeId":28,"uuid":"28_2"}','反馈','28','2','22','17','安装成功','imageUrlWL28_2', '2018-04-26 20:15:49.445', '2018-04-26 20:15:49.445');

INSERT INTO WYWLCZ
(id,WYWLId,status,UserId, createdAt, updatedAt)
VALUES
('1','1','入库','33', '2018-04-26 20:15:49.445', '2018-04-26 20:15:49.445'),
('2','2','入库','33', '2018-04-26 20:15:49.445', '2018-04-26 20:15:49.445'),
('3','3','入库','33', '2018-04-26 20:15:49.445', '2018-04-26 20:15:49.445'),
('4','4','入库','33', '2018-04-26 20:15:49.445', '2018-04-26 20:15:49.445'),
('5','5','入库','33', '2018-04-26 20:15:49.445', '2018-04-26 20:15:49.445'),
('6','6','入库','33', '2018-04-26 20:15:49.445', '2018-04-26 20:15:49.445'),
('7','7','入库','32', '2018-04-26 20:15:49.445', '2018-04-26 20:15:49.445'),
('8','8','入库','32', '2018-04-26 20:15:49.445', '2018-04-26 20:15:49.445'),
('9','8','出库','32', '2018-04-26 20:15:49.445', '2018-04-26 20:15:49.445'),
('10','9','入库','32', '2018-04-26 20:15:49.445', '2018-04-26 20:15:49.445'),
('11','9','消库','32', '2018-04-26 20:15:49.445', '2018-04-26 20:15:49.445'),
('12','10','入库','30', '2018-04-26 20:15:49.445', '2018-04-26 20:15:49.445'),
('13','10','消库','30', '2018-04-26 20:15:49.445', '2018-04-26 20:15:49.445'),
('14','11','入库','33', '2018-04-26 20:15:49.445', '2018-04-26 20:15:49.445'),
('15','12','入库','33', '2018-04-26 20:15:49.445', '2018-04-26 20:15:49.445'),
('16','13','入库','33', '2018-04-26 20:15:49.445', '2018-04-26 20:15:49.445'),
('17','14','装箱','30', '2018-04-26 20:15:49.445', '2018-04-26 20:15:49.445'),
('18','15','装箱','33', '2018-04-26 20:15:49.445', '2018-04-26 20:15:49.445'),
('19','16','装箱','32', '2018-04-26 20:15:49.445', '2018-04-26 20:15:49.445'),
('20','17','装箱','32', '2018-04-26 20:15:49.445', '2018-04-26 20:15:49.445'),
('21','18','装箱','32', '2018-04-26 20:15:49.445', '2018-04-26 20:15:49.445'),
('22','19','装箱','32', '2018-04-26 20:15:49.445', '2018-04-26 20:15:49.445'),
('23','20','装箱','32', '2018-04-26 20:15:49.445', '2018-04-26 20:15:49.445'),
('24','21','装箱','32', '2018-04-26 20:15:49.445', '2018-04-26 20:15:49.445'),
('25','22','装箱','32', '2018-04-26 20:15:49.445', '2018-04-26 20:15:49.445'),
('26','23','装箱','32', '2018-04-26 20:15:49.445', '2018-04-26 20:15:49.445'),
('27','20','发货','32', '2018-04-26 20:15:49.445', '2018-04-26 20:15:49.445'),
('28','21','发货','32', '2018-04-26 20:15:49.445', '2018-04-26 20:15:49.445'),
('29','22','发货','32', '2018-04-26 20:15:49.445', '2018-04-26 20:15:49.445'),
('30','23','发货','32', '2018-04-26 20:15:49.445', '2018-04-26 20:15:49.445'),
('31','24','装箱','32', '2018-04-26 20:15:49.445', '2018-04-26 20:15:49.445'),
('32','25','装箱','32', '2018-04-26 20:15:49.445', '2018-04-26 20:15:49.445'),
('33','26','装箱','32', '2018-04-26 20:15:49.445', '2018-04-26 20:15:49.445'),
('34','27','装箱','32', '2018-04-26 20:15:49.445', '2018-04-26 20:15:49.445'),
('35','28','装箱','32', '2018-04-26 20:15:49.445', '2018-04-26 20:15:49.445'),
('36','29','装箱','32', '2018-04-26 20:15:49.445', '2018-04-26 20:15:49.445'),
('37','30','装箱','32', '2018-04-26 20:15:49.445', '2018-04-26 20:15:49.445'),
('38','31','装箱','32', '2018-04-26 20:15:49.445', '2018-04-26 20:15:49.445'),
('39','24','发货','32', '2018-04-26 20:15:49.445', '2018-04-26 20:15:49.445'),
('40','25','发货','32', '2018-04-26 20:15:49.445', '2018-04-26 20:15:49.445'),
('41','26','发货','32', '2018-04-26 20:15:49.445', '2018-04-26 20:15:49.445'),
('42','27','发货','32', '2018-04-26 20:15:49.445', '2018-04-26 20:15:49.445'),
('43','28','发货','32', '2018-04-26 20:15:49.445', '2018-04-26 20:15:49.445'),
('44','29','发货','32', '2018-04-26 20:15:49.445', '2018-04-26 20:15:49.445'),
('45','30','发货','32', '2018-04-26 20:15:49.445', '2018-04-26 20:15:49.445'),
('46','31','发货','32', '2018-04-26 20:15:49.445', '2018-04-26 20:15:49.445'),
('47','24','收箱','24', '2018-04-26 20:15:49.445', '2018-04-26 20:15:49.445'),
('48','25','收箱','24', '2018-04-26 20:15:49.445', '2018-04-26 20:15:49.445'),
('49','26','收箱','24', '2018-04-26 20:15:49.445', '2018-04-26 20:15:49.445'),
('50','27','收箱','24', '2018-04-26 20:15:49.445', '2018-04-26 20:15:49.445'),
('51','28','收箱','24', '2018-04-26 20:15:49.445', '2018-04-26 20:15:49.445'),
('52','29','收箱','24', '2018-04-26 20:15:49.445', '2018-04-26 20:15:49.445'),
('53','30','收箱','24', '2018-04-26 20:15:49.445', '2018-04-26 20:15:49.445'),
('54','31','收箱','24', '2018-04-26 20:15:49.445', '2018-04-26 20:15:49.445'),
('55','32','装箱','32', '2018-04-26 20:15:49.445', '2018-04-26 20:15:49.445'),
('56','33','装箱','32', '2018-04-26 20:15:49.445', '2018-04-26 20:15:49.445'),
('57','34','装箱','32', '2018-04-26 20:15:49.445', '2018-04-26 20:15:49.445'),
('58','35','装箱','32', '2018-04-26 20:15:49.445', '2018-04-26 20:15:49.445'),
('59','32','发货','32', '2018-04-26 20:15:49.445', '2018-04-26 20:15:49.445'),
('60','33','发货','32', '2018-04-26 20:15:49.445', '2018-04-26 20:15:49.445'),
('61','34','发货','32', '2018-04-26 20:15:49.445', '2018-04-26 20:15:49.445'),
('62','35','发货','32', '2018-04-26 20:15:49.445', '2018-04-26 20:15:49.445'),
('63','32','收箱','24', '2018-04-26 20:15:49.445', '2018-04-26 20:15:49.445'),
('64','33','收箱','24', '2018-04-26 20:15:49.445', '2018-04-26 20:15:49.445'),
('65','34','收箱','24', '2018-04-26 20:15:49.445', '2018-04-26 20:15:49.445'),
('66','35','收箱','24', '2018-04-26 20:15:49.445', '2018-04-26 20:15:49.445'),
('67','32','收货','36', '2018-04-26 20:15:49.445', '2018-04-26 20:15:49.445'),
('68','33','收货','36', '2018-04-26 20:15:49.445', '2018-04-26 20:15:49.445'),
('69','34','收货','38', '2018-04-26 20:15:49.445', '2018-04-26 20:15:49.445'),
('70','35','收货','38', '2018-04-26 20:15:49.445', '2018-04-26 20:15:49.445'),
('71','36','装箱','32', '2018-04-26 20:15:49.445', '2018-04-26 20:15:49.445'),
('72','37','装箱','32', '2018-04-26 20:15:49.445', '2018-04-26 20:15:49.445'),
('73','38','装箱','32', '2018-04-26 20:15:49.445', '2018-04-26 20:15:49.445'),
('74','39','装箱','32', '2018-04-26 20:15:49.445', '2018-04-26 20:15:49.445'),
('75','36','发货','32', '2018-04-26 20:15:49.445', '2018-04-26 20:15:49.445'),
('76','37','发货','32', '2018-04-26 20:15:49.445', '2018-04-26 20:15:49.445'),
('77','38','发货','32', '2018-04-26 20:15:49.445', '2018-04-26 20:15:49.445'),
('78','39','发货','32', '2018-04-26 20:15:49.445', '2018-04-26 20:15:49.445'),
('79','36','收箱','24', '2018-04-26 20:15:49.445', '2018-04-26 20:15:49.445'),
('80','37','收箱','24', '2018-04-26 20:15:49.445', '2018-04-26 20:15:49.445'),
('81','38','收箱','24', '2018-04-26 20:15:49.445', '2018-04-26 20:15:49.445'),
('82','39','收箱','24', '2018-04-26 20:15:49.445', '2018-04-26 20:15:49.445'),
('83','36','收货','38', '2018-04-26 20:15:49.445', '2018-04-26 20:15:49.445'),
('84','37','收货','38', '2018-04-26 20:15:49.445', '2018-04-26 20:15:49.445'),
('85','38','收货','38', '2018-04-26 20:15:49.445', '2018-04-26 20:15:49.445'),
('86','39','收货','38', '2018-04-26 20:15:49.445', '2018-04-26 20:15:49.445'),
('87','36','反馈','38', '2018-04-26 20:15:49.445', '2018-04-26 20:15:49.445'),
('88','37','反馈','38', '2018-04-26 20:15:49.445', '2018-04-26 20:15:49.445'),
('89','38','反馈','38', '2018-04-26 20:15:49.445', '2018-04-26 20:15:49.445'),
('90','39','反馈','38', '2018-04-26 20:15:49.445', '2018-04-26 20:15:49.445'),
('91','40','发货','32', '2018-04-26 20:15:49.445', '2018-04-26 20:15:49.445'),
('92','41','发货','32', '2018-04-26 20:15:49.445', '2018-04-26 20:15:49.445'),
('93','42','发货','32', '2018-04-26 20:15:49.445', '2018-04-26 20:15:49.445'),
('94','43','发货','32', '2018-04-26 20:15:49.445', '2018-04-26 20:15:49.445'),
('95','40','收箱','24', '2018-04-26 20:15:49.445', '2018-04-26 20:15:49.445'),
('96','41','收箱','24', '2018-04-26 20:15:49.445', '2018-04-26 20:15:49.445'),
('97','42','收箱','24', '2018-04-26 20:15:49.445', '2018-04-26 20:15:49.445'),
('98','43','收箱','24', '2018-04-26 20:15:49.445', '2018-04-26 20:15:49.445'),
('99','40','收货','38', '2018-04-26 20:15:49.445', '2018-04-26 20:15:49.445'),
('100','41','收货','38', '2018-04-26 20:15:49.445', '2018-04-26 20:15:49.445'),
('101','42','收货','38', '2018-04-26 20:15:49.445', '2018-04-26 20:15:49.445'),
('102','43','收货','38', '2018-04-26 20:15:49.445', '2018-04-26 20:15:49.445'),
('103','40','反馈','38', '2018-04-26 20:15:49.445', '2018-04-26 20:15:49.445'),
('104','41','反馈','38', '2018-04-26 20:15:49.445', '2018-04-26 20:15:49.445'),
('105','42','反馈','38', '2018-04-26 20:15:49.445', '2018-04-26 20:15:49.445'),
('106','43','反馈','38', '2018-04-26 20:15:49.445', '2018-04-26 20:15:49.445'),
('107','44','装箱','33', '2018-04-26 20:15:49.445', '2018-04-26 20:15:49.445'),
('108','45','装箱','33', '2018-04-26 20:15:49.445', '2018-04-26 20:15:49.445'),
('109','46','装箱','33', '2018-04-26 20:15:49.445', '2018-04-26 20:15:49.445'),
('110','44','发货','33', '2018-04-26 20:15:49.445', '2018-04-26 20:15:49.445'),
('111','45','发货','33', '2018-04-26 20:15:49.445', '2018-04-26 20:15:49.445'),
('112','46','发货','33', '2018-04-26 20:15:49.445', '2018-04-26 20:15:49.445'),
('113','44','收箱','25', '2018-04-26 20:15:49.445', '2018-04-26 20:15:49.445'),
('114','45','收箱','25', '2018-04-26 20:15:49.445', '2018-04-26 20:15:49.445'),
('115','46','收箱','25', '2018-04-26 20:15:49.445', '2018-04-26 20:15:49.445'),
('116','44','收货','38', '2018-04-26 20:15:49.445', '2018-04-26 20:15:49.445'),
('117','45','收货','38', '2018-04-26 20:15:49.445', '2018-04-26 20:15:49.445'),
('118','46','收货','38', '2018-04-26 20:15:49.445', '2018-04-26 20:15:49.445'),
('119','44','反馈','38', '2018-04-26 20:15:49.445', '2018-04-26 20:15:49.445'),
('120','45','反馈','38', '2018-04-26 20:15:49.445', '2018-04-26 20:15:49.445'),
('121','46','反馈','38', '2018-04-26 20:15:49.445', '2018-04-26 20:15:49.445'),
('122','47','装箱','30', '2018-04-26 20:15:49.445', '2018-04-26 20:15:49.445'),
('123','48','装箱','30', '2018-04-26 20:15:49.445', '2018-04-26 20:15:49.445'),
('124','49','装箱','30', '2018-04-26 20:15:49.445', '2018-04-26 20:15:49.445'),
('125','47','发货','30', '2018-04-26 20:15:49.445', '2018-04-26 20:15:49.445'),
('126','48','发货','30', '2018-04-26 20:15:49.445', '2018-04-26 20:15:49.445'),
('127','49','发货','30', '2018-04-26 20:15:49.445', '2018-04-26 20:15:49.445'),
('128','47','收箱','26', '2018-04-26 20:15:49.445', '2018-04-26 20:15:49.445'),
('129','48','收箱','26', '2018-04-26 20:15:49.445', '2018-04-26 20:15:49.445'),
('130','49','收箱','26', '2018-04-26 20:15:49.445', '2018-04-26 20:15:49.445'),
('131','50','装箱','30', '2018-04-26 20:15:49.445', '2018-04-26 20:15:49.445'),
('132','50','发货','30', '2018-04-26 20:15:49.445', '2018-04-26 20:15:49.445'),
('133','50','收箱','26', '2018-04-26 20:15:49.445', '2018-04-26 20:15:49.445'),
('134','50','收货','26', '2018-04-26 20:15:49.445', '2018-04-26 20:15:49.445'),
('135','51','装箱','32', '2018-04-26 20:15:49.445', '2018-04-26 20:15:49.445'),
('136','52','装箱','32', '2018-04-26 20:15:49.445', '2018-04-26 20:15:49.445'),
('137','51','发货','32', '2018-04-26 20:15:49.445', '2018-04-26 20:15:49.445'),
('138','52','发货','32', '2018-04-26 20:15:49.445', '2018-04-26 20:15:49.445'),
('139','51','收箱','26', '2018-04-26 20:15:49.445', '2018-04-26 20:15:49.445'),
('140','52','收箱','26', '2018-04-26 20:15:49.445', '2018-04-26 20:15:49.445'),
('141','51','收货','26', '2018-04-26 20:15:49.445', '2018-04-26 20:15:49.445'),
('142','52','收货','26', '2018-04-26 20:15:49.445', '2018-04-26 20:15:49.445'),
('143','51','反馈','26', '2018-04-26 20:15:49.445', '2018-04-26 20:15:49.445'),
('144','52','反馈','26', '2018-04-26 20:15:49.445', '2018-04-26 20:15:49.445');

INSERT INTO DD_DW_DPSnapshot
(id,DDId,DWId,DPId, createdAt, updatedAt)
VALUES
('1','1','8','5', '2018-04-26 20:15:49.445', '2018-04-26 20:15:49.445'),
('2','1','9','6', '2018-04-26 20:15:49.445', '2018-04-26 20:15:49.445'),
('3','1','10','7', '2018-04-26 20:15:49.445', '2018-04-26 20:15:49.445'),
('4','2','11','8', '2018-04-26 20:15:49.445', '2018-04-26 20:15:49.445'),
('5','2','12','9', '2018-04-26 20:15:49.445', '2018-04-26 20:15:49.445'),
('6','2','13','10', '2018-04-26 20:15:49.445', '2018-04-26 20:15:49.445'),
('7','2','14','11', '2018-04-26 20:15:49.445', '2018-04-26 20:15:49.445'),
('30','5','35','32', '2018-04-26 20:15:49.445', '2018-04-26 20:15:49.445'),
('31','5','36','33', '2018-04-26 20:15:49.445', '2018-04-26 20:15:49.445'),
('32','5','37','34', '2018-04-26 20:15:49.445', '2018-04-26 20:15:49.445'),
('33','5','38','35', '2018-04-26 20:15:49.445', '2018-04-26 20:15:49.445'),
('34','5','39','36', '2018-04-26 20:15:49.445', '2018-04-26 20:15:49.445'),
('35','5','40','37', '2018-04-26 20:15:49.445', '2018-04-26 20:15:49.445'),
('36','5','41','38', '2018-04-26 20:15:49.445', '2018-04-26 20:15:49.445'),
('37','5','42','39', '2018-04-26 20:15:49.445', '2018-04-26 20:15:49.445'),
('38','5','43','40', '2018-04-26 20:15:49.445', '2018-04-26 20:15:49.445'),
('8','3','15','12', '2018-04-26 20:15:49.445', '2018-04-26 20:15:49.445'),
('9','3','16','13', '2018-04-26 20:15:49.445', '2018-04-26 20:15:49.445'),
('10','3','17','14', '2018-04-26 20:15:49.445', '2018-04-26 20:15:49.445'),
('11','3','18','15', '2018-04-26 20:15:49.445', '2018-04-26 20:15:49.445'),
('12','3','19','16', '2018-04-26 20:15:49.445', '2018-04-26 20:15:49.445'),
('13','3','20','17', '2018-04-26 20:15:49.445', '2018-04-26 20:15:49.445'),
('14','3','21','18', '2018-04-26 20:15:49.445', '2018-04-26 20:15:49.445'),
('15','3','22','19', '2018-04-26 20:15:49.445', '2018-04-26 20:15:49.445'),
('16','3','23','20', '2018-04-26 20:15:49.445', '2018-04-26 20:15:49.445'),
('17','3','24','21', '2018-04-26 20:15:49.445', '2018-04-26 20:15:49.445'),
('18','3','25','22', '2018-04-26 20:15:49.445', '2018-04-26 20:15:49.445'),
('19','3','26','23', '2018-04-26 20:15:49.445', '2018-04-26 20:15:49.445'),
('20','3','27','24', '2018-04-26 20:15:49.445', '2018-04-26 20:15:49.445'),
('21','3','28','25', '2018-04-26 20:15:49.445', '2018-04-26 20:15:49.445'),
('22','3','29','26', '2018-04-26 20:15:49.445', '2018-04-26 20:15:49.445'),
('23','3','30','27', '2018-04-26 20:15:49.445', '2018-04-26 20:15:49.445'),
('24','3','31','28', '2018-04-26 20:15:49.445', '2018-04-26 20:15:49.445'),
('25','4','32','29', '2018-04-26 20:15:49.445', '2018-04-26 20:15:49.445'),
('26','4','33','30', '2018-04-26 20:15:49.445', '2018-04-26 20:15:49.445'),
('27','4','34','31', '2018-04-26 20:15:49.445', '2018-04-26 20:15:49.445'),
('28','3','44','12', '2018-04-26 20:15:49.445', '2018-04-26 20:15:49.445'),
('29','3','45','41', '2018-04-26 20:15:49.445', '2018-04-26 20:15:49.445');

INSERT INTO DD_DW_DP
(id,DDId,DWId,DPId,GYSId,status,ZXNumber, createdAt, updatedAt)
VALUES
('1','1','8','5','1','初始','0', '2018-04-26 20:15:49.445', '2018-04-26 20:15:49.445'),
('2','1','9','6','1','初始','0', '2018-04-26 20:15:49.445', '2018-04-26 20:15:49.445'),
('3','1','10','7','2','初始','0', '2018-04-26 20:15:49.445', '2018-04-26 20:15:49.445');

INSERT INTO DD_DW_DP
(id,DDId,DWId,DPId,GYSId,status,ZXNumber,AZGSId, createdAt, updatedAt)
VALUES
('4','2','11','8','1','初始','0','1', '2018-04-26 20:15:49.445', '2018-04-26 20:15:49.445'),
('5','2','12','9','1','初始','0','1', '2018-04-26 20:15:49.445', '2018-04-26 20:15:49.445'),
('6','2','13','10','2','初始','0','2', '2018-04-26 20:15:49.445', '2018-04-26 20:15:49.445'),
('7','2','14','11','2','已分配发货供应商','0','2', '2018-04-26 20:15:49.445', '2018-04-26 20:15:49.445');

INSERT INTO DD_DW_DP
(id,DDId,DWId,DPId,GYSId,status,ZXNumber, createdAt, updatedAt)
VALUES
('30','5','35','32','1','装箱完成','1', '2018-04-26 20:15:49.445', '2018-04-26 20:15:49.445'),
('31','5','36','33','1','装箱完成','1', '2018-04-26 20:15:49.445', '2018-04-26 20:15:49.445'),
('32','5','37','34','2','装箱完成','1', '2018-04-26 20:15:49.445', '2018-04-26 20:15:49.445'),
('33','5','38','35','2','收货','1', '2018-04-26 20:15:49.445', '2018-04-26 20:15:49.445'),
('34','5','39','36','2','收货','1', '2018-04-26 20:15:49.445', '2018-04-26 20:15:49.445'),
('35','5','40','37','2','收货','1', '2018-04-26 20:15:49.445', '2018-04-26 20:15:49.445'),
('36','5','41','38','2','可拍全景图','1', '2018-04-26 20:15:49.445', '2018-04-26 20:15:49.445'),
('37','5','42','39','2','可拍全景图','1', '2018-04-26 20:15:49.445', '2018-04-26 20:15:49.445'),
('38','5','43','40','2','可拍全景图','1', '2018-04-26 20:15:49.445', '2018-04-26 20:15:49.445');

INSERT INTO DD_DW_DP
(id,DDId,DWId,DPId,GYSId,status,ZXNumber,AZGSId,AZGUserId,YJRKDate,YJZXDate,YJAZDate, createdAt, updatedAt)
VALUES
('8','3','15','12','1','已分配发货供应商','0','1','36','2018-2-2','2018-2-2','2018-2-2', '2018-04-26 20:15:49.445', '2018-04-26 20:15:49.445'),
('9','3','16','13','3','已分配发货供应商','0','1','37','2018-2-2','2018-2-2','2018-2-2', '2018-04-26 20:15:49.445', '2018-04-26 20:15:49.445'),
('10','3','17','14','2','装箱完成','1','1','36','2018-2-2','2018-2-2','2018-2-2', '2018-04-26 20:15:49.445', '2018-04-26 20:15:49.445'),
('11','3','18','15','2','装箱完成','1','1','37','2018-2-2','2018-2-2','2018-2-2', '2018-04-26 20:15:49.445', '2018-04-26 20:15:49.445'),
('12','3','19','16','2','装箱完成','1','2','38','2018-2-2','2018-2-2','2018-2-2', '2018-04-26 20:15:49.445', '2018-04-26 20:15:49.445'),
('13','3','20','17','2','装箱完成','1','2','38','2018-2-2','2018-2-2','2018-2-2', '2018-04-26 20:15:49.445', '2018-04-26 20:15:49.445'),
('14','3','21','18','2','装箱完成','1','2','38','2018-2-2','2018-2-2','2018-2-2', '2018-04-26 20:15:49.445', '2018-04-26 20:15:49.445'),
('15','3','22','19','2','装箱完成','1','2','38','2018-2-2','2018-2-2','2018-2-2', '2018-04-26 20:15:49.445', '2018-04-26 20:15:49.445'),
('16','3','23','20','2','收货','1','1','36','2018-2-2','2018-2-2','2018-2-2', '2018-04-26 20:15:49.445', '2018-04-26 20:15:49.445'),
('17','3','24','21','2','收货','1','1','37','2018-2-2','2018-2-2','2018-2-2', '2018-04-26 20:15:49.445', '2018-04-26 20:15:49.445'),
('18','3','25','22','2','收货','1','2','38','2018-2-2','2018-2-2','2018-2-2', '2018-04-26 20:15:49.445', '2018-04-26 20:15:49.445'),
('19','3','26','23','2','可拍全景图','1','2','38','2018-2-2','2018-2-2','2018-2-2', '2018-04-26 20:15:49.445', '2018-04-26 20:15:49.445'),
('20','3','27','24','2','可拍全景图','1','2','38','2018-2-2','2018-2-2','2018-2-2', '2018-04-26 20:15:49.445', '2018-04-26 20:15:49.445'),
('21','3','28','25','2','可拍全景图','1','2','38','2018-2-2','2018-2-2','2018-2-2', '2018-04-26 20:15:49.445', '2018-04-26 20:15:49.445'),
('22','3','29','26','2','完成','1','2','38','2018-2-2','2018-2-2','2018-2-2', '2018-04-26 20:15:49.445', '2018-04-26 20:15:49.445'),
('23','3','30','27','2','完成','1','2','38','2018-2-2','2018-2-2','2018-2-2', '2018-04-26 20:15:49.445', '2018-04-26 20:15:49.445'),
('24','3','31','28','2','完成','1','2','38','2018-2-2','2018-2-2','2018-2-2', '2018-04-26 20:15:49.445', '2018-04-26 20:15:49.445'),
('25','4','32','29','3','完成','1','2','38','2018-2-2','2018-2-2','2018-2-2', '2018-04-26 20:15:49.445', '2018-04-26 20:15:49.445'),
('26','4','33','30','3','完成','1','2','38','2018-2-2','2018-2-2','2018-2-2', '2018-04-26 20:15:49.445', '2018-04-26 20:15:49.445'),
('27','4','34','31','3','完成','1','2','38','2018-2-2','2018-2-2','2018-2-2', '2018-04-26 20:15:49.445', '2018-04-26 20:15:49.445'),
('28','3','44','12','1','已分配发货供应商','0','1','36','2018-2-2','2018-2-2','2018-2-2', '2018-04-26 20:15:49.445', '2018-04-26 20:15:49.445'),
('29','3','45','41','3','已分配发货供应商','0','1','37','2018-2-2','2018-2-2','2018-2-2', '2018-04-26 20:15:49.445', '2018-04-26 20:15:49.445');

INSERT INTO DPQJFKT
(id,imageUrl,DDId,GTId,UserId, createdAt, updatedAt)
VALUES
('1','GT8_AZG3_QJT1','3','8','38', '2018-04-26 20:15:49.445', '2018-04-26 20:15:49.445'),
('2','GT8_AZG3_QJT2','3','8','38', '2018-04-26 20:15:49.445', '2018-04-26 20:15:49.445'),
('3','GT9_AZG3_QJT1','4','9','38', '2018-04-26 20:15:49.445', '2018-04-26 20:15:49.445'),
('4','GT9_AZG3_QJT2','4','9','38', '2018-04-26 20:15:49.445', '2018-04-26 20:15:49.445'),
('5','GT9_AZG3_QJT3','4','9','38', '2018-04-26 20:15:49.445', '2018-04-26 20:15:49.445');

INSERT INTO WYDP
(id,EWM,status,DPId,GYSId,DDDWDPId, createdAt, updatedAt)
VALUES
('1','{"type":"DP","typeId":6,"uuid":"6_1"}','入库','6','3','2', '2018-04-26 20:15:49.445', '2018-04-26 20:15:49.445'),
('2','{"type":"DP","typeId":8,"uuid":"8_1"}','入库','8','1','4', '2018-04-26 20:15:49.445', '2018-04-26 20:15:49.445'),
('3','{"type":"DP","typeId":9,"uuid":"9_1"}','入库','9','3','5', '2018-04-26 20:15:49.445', '2018-04-26 20:15:49.445'),
('4','{"type":"DP","typeId":13,"uuid":"13_1"}','入库','13','3','9', '2018-04-26 20:15:49.445', '2018-04-26 20:15:49.445');

INSERT INTO WYDP
(id,EWM,status,DPId,GYSId,DDDWDPId,KDXId, createdAt, updatedAt)
VALUES
('5','{"type":"DP","typeId":14,"uuid":"14_1"}','装箱','14','2','10','9', '2018-04-26 20:15:49.445', '2018-04-26 20:15:49.445'),
('6','{"type":"DP","typeId":15,"uuid":"15_1"}','装箱','15','2','11','9', '2018-04-26 20:15:49.445', '2018-04-26 20:15:49.445'),
('7','{"type":"DP","typeId":16,"uuid":"16_1"}','装箱','16','2','12','9', '2018-04-26 20:15:49.445', '2018-04-26 20:15:49.445'),
('8','{"type":"DP","typeId":17,"uuid":"17_1"}','发货','17','2','13','10', '2018-04-26 20:15:49.445', '2018-04-26 20:15:49.445'),
('9','{"type":"DP","typeId":18,"uuid":"18_1"}','收箱','18','2','14','11', '2018-04-26 20:15:49.445', '2018-04-26 20:15:49.445'),
('10','{"type":"DP","typeId":19,"uuid":"19_1"}','收箱','19','2','15','11', '2018-04-26 20:15:49.445', '2018-04-26 20:15:49.445'),
('11','{"type":"DP","typeId":20,"uuid":"20_1"}','收货','20','2','16','12', '2018-04-26 20:15:49.445', '2018-04-26 20:15:49.445'),
('12','{"type":"DP","typeId":21,"uuid":"21_1"}','收货','21','2','17','12', '2018-04-26 20:15:49.445', '2018-04-26 20:15:49.445'),
('13','{"type":"DP","typeId":22,"uuid":"22_1"}','收货','22','2','18','12', '2018-04-26 20:15:49.445', '2018-04-26 20:15:49.445'),
('23','{"type":"DP","typeId":32,"uuid":"32_1"}','收箱','32','1','30','21', '2018-04-26 20:15:49.445', '2018-04-26 20:15:49.445'),
('24','{"type":"DP","typeId":33,"uuid":"33_1"}','收箱','33','1','31','21', '2018-04-26 20:15:49.445', '2018-04-26 20:15:49.445'),
('25','{"type":"DP","typeId":34,"uuid":"34_1"}','收箱','34','2','32','18', '2018-04-26 20:15:49.445', '2018-04-26 20:15:49.445'),
('26','{"type":"DP","typeId":35,"uuid":"35_1"}','收货','35','2','33','18', '2018-04-26 20:15:49.445', '2018-04-26 20:15:49.445'),
('27','{"type":"DP","typeId":36,"uuid":"36_1"}','收货','36','2','34','18', '2018-04-26 20:15:49.445', '2018-04-26 20:15:49.445'),
('28','{"type":"DP","typeId":37,"uuid":"37_1"}','收货','37','2','35','18', '2018-04-26 20:15:49.445', '2018-04-26 20:15:49.445');

INSERT INTO WYDP
(id,EWM,status,DPId,GYSId,DDDWDPId,KDXId,AZFKType,imageUrl, createdAt, updatedAt)
VALUES
('14','{"type":"DP","typeId":23,"uuid":"23_1"}','反馈','23','2','19','13','安装成功','imageUrlDP23', '2018-04-26 20:15:49.445', '2018-04-26 20:15:49.445'),
('15','{"type":"DP","typeId":24,"uuid":"24_1"}','反馈','24','2','20','13','安装成功','imageUrlDP24', '2018-04-26 20:15:49.445', '2018-04-26 20:15:49.445'),
('16','{"type":"DP","typeId":25,"uuid":"25_1"}','反馈','25','2','21','13','安装成功','imageUrlDP25', '2018-04-26 20:15:49.445', '2018-04-26 20:15:49.445'),
('17','{"type":"DP","typeId":26,"uuid":"26_1"}','反馈','26','2','22','14','安装成功','imageUrlDP26', '2018-04-26 20:15:49.445', '2018-04-26 20:15:49.445'),
('18','{"type":"DP","typeId":27,"uuid":"27_1"}','反馈','27','2','23','14','安装成功','imageUrlDP27', '2018-04-26 20:15:49.445', '2018-04-26 20:15:49.445'),
('19','{"type":"DP","typeId":28,"uuid":"28_1"}','反馈','28','2','24','14','丢失','imageUrlDP28', '2018-04-26 20:15:49.445', '2018-04-26 20:15:49.445'),
('20','{"type":"DP","typeId":29,"uuid":"29_1"}','反馈','29','3','25','15','丢失','imageUrlDP29', '2018-04-26 20:15:49.445', '2018-04-26 20:15:49.445'),
('21','{"type":"DP","typeId":30,"uuid":"30_1"}','反馈','30','3','26','15','丢失','imageUrlDP30', '2018-04-26 20:15:49.445', '2018-04-26 20:15:49.445'),
('22','{"type":"DP","typeId":31,"uuid":"31_1"}','反馈','31','3','27','15','丢失','imageUrlDP31', '2018-04-26 20:15:49.445', '2018-04-26 20:15:49.445'),
('29','{"type":"DP","typeId":38,"uuid":"38_1"}','可拍全景图','38','2','36','19','安装成功','imageUrlDP38', '2018-04-26 20:15:49.445', '2018-04-26 20:15:49.445'),
('30','{"type":"DP","typeId":39,"uuid":"39_1"}','可拍全景图','39','2','37','19','安装成功','imageUrlDP39', '2018-04-26 20:15:49.445', '2018-04-26 20:15:49.445'),
('31','{"type":"DP","typeId":40,"uuid":"40_1"}','可拍全景图','40','2','38','19','安装成功','imageUrlDP40', '2018-04-26 20:15:49.445', '2018-04-26 20:15:49.445');

INSERT INTO WYDPCZ
(id,WYDPId,status,UserId, createdAt, updatedAt)
VALUES
('1','1','入库','33', '2018-04-26 20:15:49.445', '2018-04-26 20:15:49.445'),
('2','2','入库','30', '2018-04-26 20:15:49.445', '2018-04-26 20:15:49.445'),
('3','3','入库','33', '2018-04-26 20:15:49.445', '2018-04-26 20:15:49.445'),
('4','4','入库','33', '2018-04-26 20:15:49.445', '2018-04-26 20:15:49.445'),
('5','5','入库','32', '2018-04-26 20:15:49.445', '2018-04-26 20:15:49.445'),
('6','5','装箱','32', '2018-04-26 20:15:49.445', '2018-04-26 20:15:49.445'),
('7','6','装箱','32', '2018-04-26 20:15:49.445', '2018-04-26 20:15:49.445'),
('8','7','装箱','32', '2018-04-26 20:15:49.445', '2018-04-26 20:15:49.445'),
('9','8','装箱','32', '2018-04-26 20:15:49.445', '2018-04-26 20:15:49.445'),
('10','8','发货','32', '2018-04-26 20:15:49.445', '2018-04-26 20:15:49.445'),
('11','9','装箱','32', '2018-04-26 20:15:49.445', '2018-04-26 20:15:49.445'),
('12','10','装箱','32', '2018-04-26 20:15:49.445', '2018-04-26 20:15:49.445'),
('13','9','发货','32', '2018-04-26 20:15:49.445', '2018-04-26 20:15:49.445'),
('14','10','发货','32', '2018-04-26 20:15:49.445', '2018-04-26 20:15:49.445'),
('15','9','收箱','24', '2018-04-26 20:15:49.445', '2018-04-26 20:15:49.445'),
('16','10','收箱','24', '2018-04-26 20:15:49.445', '2018-04-26 20:15:49.445'),
('17','11','装箱','32', '2018-04-26 20:15:49.445', '2018-04-26 20:15:49.445'),
('18','12','装箱','32', '2018-04-26 20:15:49.445', '2018-04-26 20:15:49.445'),
('19','13','装箱','32', '2018-04-26 20:15:49.445', '2018-04-26 20:15:49.445'),
('20','14','装箱','32', '2018-04-26 20:15:49.445', '2018-04-26 20:15:49.445'),
('21','15','装箱','32', '2018-04-26 20:15:49.445', '2018-04-26 20:15:49.445'),
('22','16','装箱','32', '2018-04-26 20:15:49.445', '2018-04-26 20:15:49.445'),
('23','11','发货','32', '2018-04-26 20:15:49.445', '2018-04-26 20:15:49.445'),
('24','12','发货','32', '2018-04-26 20:15:49.445', '2018-04-26 20:15:49.445'),
('25','13','发货','32', '2018-04-26 20:15:49.445', '2018-04-26 20:15:49.445'),
('26','14','发货','32', '2018-04-26 20:15:49.445', '2018-04-26 20:15:49.445'),
('27','15','发货','32', '2018-04-26 20:15:49.445', '2018-04-26 20:15:49.445'),
('28','16','发货','32', '2018-04-26 20:15:49.445', '2018-04-26 20:15:49.445'),
('29','11','收箱','24', '2018-04-26 20:15:49.445', '2018-04-26 20:15:49.445'),
('30','12','收箱','24', '2018-04-26 20:15:49.445', '2018-04-26 20:15:49.445'),
('31','13','收箱','24', '2018-04-26 20:15:49.445', '2018-04-26 20:15:49.445'),
('32','14','收箱','24', '2018-04-26 20:15:49.445', '2018-04-26 20:15:49.445'),
('33','15','收箱','24', '2018-04-26 20:15:49.445', '2018-04-26 20:15:49.445'),
('34','16','收箱','24', '2018-04-26 20:15:49.445', '2018-04-26 20:15:49.445'),
('35','11','收货','36', '2018-04-26 20:15:49.445', '2018-04-26 20:15:49.445'),
('36','12','收货','37', '2018-04-26 20:15:49.445', '2018-04-26 20:15:49.445'),
('37','13','收货','38', '2018-04-26 20:15:49.445', '2018-04-26 20:15:49.445'),
('38','14','收货','38', '2018-04-26 20:15:49.445', '2018-04-26 20:15:49.445'),
('39','15','收货','38', '2018-04-26 20:15:49.445', '2018-04-26 20:15:49.445'),
('40','16','收货','38', '2018-04-26 20:15:49.445', '2018-04-26 20:15:49.445'),
('41','14','反馈','38', '2018-04-26 20:15:49.445', '2018-04-26 20:15:49.445'),
('42','15','反馈','38', '2018-04-26 20:15:49.445', '2018-04-26 20:15:49.445'),
('43','16','反馈','38', '2018-04-26 20:15:49.445', '2018-04-26 20:15:49.445'),
('44','17','装箱','32', '2018-04-26 20:15:49.445', '2018-04-26 20:15:49.445'),
('45','18','装箱','32', '2018-04-26 20:15:49.445', '2018-04-26 20:15:49.445'),
('46','19','装箱','32', '2018-04-26 20:15:49.445', '2018-04-26 20:15:49.445'),
('47','17','发货','32', '2018-04-26 20:15:49.445', '2018-04-26 20:15:49.445'),
('48','18','发货','32', '2018-04-26 20:15:49.445', '2018-04-26 20:15:49.445'),
('49','19','发货','32', '2018-04-26 20:15:49.445', '2018-04-26 20:15:49.445'),
('50','17','收箱','32', '2018-04-26 20:15:49.445', '2018-04-26 20:15:49.445'),
('51','18','收箱','32', '2018-04-26 20:15:49.445', '2018-04-26 20:15:49.445'),
('52','19','收箱','32', '2018-04-26 20:15:49.445', '2018-04-26 20:15:49.445'),
('53','17','收货','38', '2018-04-26 20:15:49.445', '2018-04-26 20:15:49.445'),
('54','18','收货','38', '2018-04-26 20:15:49.445', '2018-04-26 20:15:49.445'),
('55','19','收货','38', '2018-04-26 20:15:49.445', '2018-04-26 20:15:49.445'),
('56','17','反馈','38', '2018-04-26 20:15:49.445', '2018-04-26 20:15:49.445'),
('57','18','反馈','38', '2018-04-26 20:15:49.445', '2018-04-26 20:15:49.445'),
('58','19','反馈','38', '2018-04-26 20:15:49.445', '2018-04-26 20:15:49.445'),
('59','20','装箱','33', '2018-04-26 20:15:49.445', '2018-04-26 20:15:49.445'),
('60','21','装箱','33', '2018-04-26 20:15:49.445', '2018-04-26 20:15:49.445'),
('61','22','装箱','33', '2018-04-26 20:15:49.445', '2018-04-26 20:15:49.445'),
('62','20','发货','33', '2018-04-26 20:15:49.445', '2018-04-26 20:15:49.445'),
('63','21','发货','33', '2018-04-26 20:15:49.445', '2018-04-26 20:15:49.445'),
('64','22','发货','33', '2018-04-26 20:15:49.445', '2018-04-26 20:15:49.445'),
('65','20','收箱','25', '2018-04-26 20:15:49.445', '2018-04-26 20:15:49.445'),
('66','21','收箱','25', '2018-04-26 20:15:49.445', '2018-04-26 20:15:49.445'),
('67','22','收箱','25', '2018-04-26 20:15:49.445', '2018-04-26 20:15:49.445'),
('68','20','收货','38', '2018-04-26 20:15:49.445', '2018-04-26 20:15:49.445'),
('69','21','收货','38', '2018-04-26 20:15:49.445', '2018-04-26 20:15:49.445'),
('70','22','收货','38', '2018-04-26 20:15:49.445', '2018-04-26 20:15:49.445'),
('71','20','反馈','38', '2018-04-26 20:15:49.445', '2018-04-26 20:15:49.445'),
('72','21','反馈','38', '2018-04-26 20:15:49.445', '2018-04-26 20:15:49.445'),
('73','22','反馈','38', '2018-04-26 20:15:49.445', '2018-04-26 20:15:49.445'),
('74','23','装箱','30', '2018-04-26 20:15:49.445', '2018-04-26 20:15:49.445'),
('75','24','装箱','30', '2018-04-26 20:15:49.445', '2018-04-26 20:15:49.445'),
('76','25','装箱','32', '2018-04-26 20:15:49.445', '2018-04-26 20:15:49.445'),
('77','23','发货','30', '2018-04-26 20:15:49.445', '2018-04-26 20:15:49.445'),
('78','24','发货','30', '2018-04-26 20:15:49.445', '2018-04-26 20:15:49.445'),
('79','25','发货','32', '2018-04-26 20:15:49.445', '2018-04-26 20:15:49.445'),
('80','23','收箱','26', '2018-04-26 20:15:49.445', '2018-04-26 20:15:49.445'),
('81','24','收箱','26', '2018-04-26 20:15:49.445', '2018-04-26 20:15:49.445'),
('82','25','收箱','26', '2018-04-26 20:15:49.445', '2018-04-26 20:15:49.445'),
('83','26','装箱','32', '2018-04-26 20:15:49.445', '2018-04-26 20:15:49.445'),
('84','27','装箱','32', '2018-04-26 20:15:49.445', '2018-04-26 20:15:49.445'),
('85','28','装箱','32', '2018-04-26 20:15:49.445', '2018-04-26 20:15:49.445'),
('86','26','发货','32', '2018-04-26 20:15:49.445', '2018-04-26 20:15:49.445'),
('87','27','发货','32', '2018-04-26 20:15:49.445', '2018-04-26 20:15:49.445'),
('88','28','发货','32', '2018-04-26 20:15:49.445', '2018-04-26 20:15:49.445'),
('89','26','收箱','26', '2018-04-26 20:15:49.445', '2018-04-26 20:15:49.445'),
('90','27','收箱','26', '2018-04-26 20:15:49.445', '2018-04-26 20:15:49.445'),
('91','28','收箱','26', '2018-04-26 20:15:49.445', '2018-04-26 20:15:49.445'),
('92','26','收货','26', '2018-04-26 20:15:49.445', '2018-04-26 20:15:49.445'),
('93','27','收货','26', '2018-04-26 20:15:49.445', '2018-04-26 20:15:49.445'),
('94','28','收货','26', '2018-04-26 20:15:49.445', '2018-04-26 20:15:49.445'),
('95','29','装箱','32', '2018-04-26 20:15:49.445', '2018-04-26 20:15:49.445'),
('96','30','装箱','32', '2018-04-26 20:15:49.445', '2018-04-26 20:15:49.445'),
('97','31','装箱','32', '2018-04-26 20:15:49.445', '2018-04-26 20:15:49.445'),
('98','29','发货','32', '2018-04-26 20:15:49.445', '2018-04-26 20:15:49.445'),
('99','30','发货','32', '2018-04-26 20:15:49.445', '2018-04-26 20:15:49.445'),
('100','31','发货','32', '2018-04-26 20:15:49.445', '2018-04-26 20:15:49.445'),
('101','29','收箱','26', '2018-04-26 20:15:49.445', '2018-04-26 20:15:49.445'),
('102','30','收箱','26', '2018-04-26 20:15:49.445', '2018-04-26 20:15:49.445'),
('103','31','收箱','26', '2018-04-26 20:15:49.445', '2018-04-26 20:15:49.445'),
('104','29','收货','26', '2018-04-26 20:15:49.445', '2018-04-26 20:15:49.445'),
('105','30','收货','26', '2018-04-26 20:15:49.445', '2018-04-26 20:15:49.445'),
('106','31','收货','26', '2018-04-26 20:15:49.445', '2018-04-26 20:15:49.445'),
('107','29','反馈','26', '2018-04-26 20:15:49.445', '2018-04-26 20:15:49.445'),
('108','30','反馈','26', '2018-04-26 20:15:49.445', '2018-04-26 20:15:49.445'),
('109','31','反馈','26', '2018-04-26 20:15:49.445', '2018-04-26 20:15:49.445');

INSERT INTO DD_GTFX
(DDId,GTId, createdAt, updatedAt)
VALUES
('1','6', '2018-04-26 20:15:49.445', '2018-04-26 20:15:49.445');

INSERT INTO WLBH
(id,GTId,WLId,status,GYSId,ZXNumber,imageUrl, createdAt, updatedAt)
VALUES
('1','1','1','初始','1','0','imagUrl', '2018-04-26 20:15:49.445', '2018-04-26 20:15:49.445'),
('2','1','1','客服经理审批通过','1','0','imagUrl', '2018-04-26 20:15:49.445', '2018-04-26 20:15:49.445'),
('3','1','1','驳回','1','0','imagUrl', '2018-04-26 20:15:49.445', '2018-04-26 20:15:49.445'),
('4','7','10','初始','1','0','imagUrl', '2018-04-26 20:15:49.445', '2018-04-26 20:15:49.445'),
('5','7','10','客服经理审批通过','1','0','imagUrl', '2018-04-26 20:15:49.445', '2018-04-26 20:15:49.445'),
('6','7','10','驳回','1','0','imagUrl', '2018-04-26 20:15:49.445', '2018-04-26 20:15:49.445');

INSERT INTO WLBH
(id,GTId,WLId,status,GYSId,ZXNumber,imageUrl,AZGSId, createdAt, updatedAt)
VALUES
('7','1','1','客服经理审批通过','1','0','imagUrl','1', '2018-04-26 20:15:49.445', '2018-04-26 20:15:49.445'),
('8','7','10','通过','1','0','imagUrl','1', '2018-04-26 20:15:49.445', '2018-04-26 20:15:49.445');

INSERT INTO WLBH
(id,GTId,WLId,status,GYSId,ZXNumber,imageUrl,AZGSId,AZGUserId,YJZXTime, createdAt, updatedAt)
VALUES
('9','1','1','已分配发货供应商','1','0','imagUrl','1','36','2018-10-10', '2018-04-26 20:15:49.445', '2018-04-26 20:15:49.445'),
('10','1','1','装箱完成','1','1','imagUrl','2','38','2018-01-01', '2018-04-26 20:15:49.445', '2018-04-26 20:15:49.445'),
('11','1','1','装箱完成','1','1','imagUrl','2','38','2018-01-03', '2018-04-26 20:15:49.445', '2018-04-26 20:15:49.445'),
('12','1','1','装箱完成','1','1','imagUrl','2','38','2018-01-02', '2018-04-26 20:15:49.445', '2018-04-26 20:15:49.445'),
('13','1','1','收货','1','1','imagUrl','2','38','2018-01-02', '2018-04-26 20:15:49.445', '2018-04-26 20:15:49.445'),
('14','1','1','可拍全景图','1','1','imagUrl','2','38','2018-01-02', '2018-04-26 20:15:49.445', '2018-04-26 20:15:49.445'),
('15','1','1','可拍全景图','1','1','imagUrl','2','38','2018-01-02', '2018-04-26 20:15:49.445', '2018-04-26 20:15:49.445'),
('16','1','1','完成','1','1','imagUrl','2','38','2018-01-02', '2018-04-26 20:15:49.445', '2018-04-26 20:15:49.445'),
('17','7','10','已分配发货供应商','1','0','imagUrl','2','38','2018-10-10', '2018-04-26 20:15:49.445', '2018-04-26 20:15:49.445'),
('18','7','10','装箱完成','1','1','imagUrl','2','38','2018-01-04', '2018-04-26 20:15:49.445', '2018-04-26 20:15:49.445'),
('19','7','10','装箱完成','1','1','imagUrl','2','38','2018-01-05', '2018-04-26 20:15:49.445', '2018-04-26 20:15:49.445'),
('20','7','10','装箱完成','1','1','imagUrl','2','38','2018-01-06', '2018-04-26 20:15:49.445', '2018-04-26 20:15:49.445'),
('21','7','10','收货','1','1','imagUrl','2','38','2018-01-06', '2018-04-26 20:15:49.445', '2018-04-26 20:15:49.445'),
('22','7','10','可拍全景图','1','1','imagUrl','2','38','2018-01-06', '2018-04-26 20:15:49.445', '2018-04-26 20:15:49.445'),
('23','7','10','可拍全景图','1','1','imagUrl','2','38','2018-01-06', '2018-04-26 20:15:49.445', '2018-04-26 20:15:49.445'),
('24','7','10','完成','1','1','imagUrl','2','38','2018-01-06', '2018-04-26 20:15:49.445', '2018-04-26 20:15:49.445');

INSERT INTO WLBH
(id,GTId,WLId,DDId,status,GYSId,ZXNumber,imageUrl, createdAt, updatedAt)
VALUES
('25','7','10','2','初始','1','0','imagUrl', '2018-04-26 20:15:49.445', '2018-04-26 20:15:49.445'),
('26','7','10','2','客服经理审批通过','1','0','imagUrl', '2018-04-26 20:15:49.445', '2018-04-26 20:15:49.445'),
('27','7','10','2','驳回','1','0','imagUrl', '2018-04-26 20:15:49.445', '2018-04-26 20:15:49.445'),
('28','8','16','3','初始','2','0','imagUrl', '2018-04-26 20:15:49.445', '2018-04-26 20:15:49.445'),
('29','8','16','3','客服经理审批通过','2','0','imagUrl', '2018-04-26 20:15:49.445', '2018-04-26 20:15:49.445'),
('30','8','16','3','驳回','2','0','imagUrl', '2018-04-26 20:15:49.445', '2018-04-26 20:15:49.445');

INSERT INTO WLBH
(id,GTId,WLId,DDId,status,GYSId,ZXNumber,imageUrl,AZGSId, createdAt, updatedAt)
VALUES
('31','7','10','2','客服经理审批通过','1','0','imagUrl','1', '2018-04-26 20:15:49.445', '2018-04-26 20:15:49.445'),
('32','8','16','3','通过','2','0','imagUrl','1', '2018-04-26 20:15:49.445', '2018-04-26 20:15:49.445');

INSERT INTO WLBH
(id,GTId,WLId,DDId,status,GYSId,ZXNumber,imageUrl,AZGSId,AZGUserId,note,KFJLNote,PPJLNote,YJZXTime, createdAt, updatedAt)
VALUES
('33','7','10','2','已分配发货供应商','1','0','imagUrl','1','36','货物损坏','同意','同意','2018-10-10', '2018-04-26 20:15:49.445', '2018-04-26 20:15:49.445'),
('34','7','10','2','已分配发货供应商','1','0','imagUrl','1','37','货物损坏','同意','同意','2018-10-10', '2018-04-26 20:15:49.445', '2018-04-26 20:15:49.445'),
('35','7','10','2','已分配发货供应商','3','0','imagUrl','2','38','货物损坏','同意','同意','2018-10-10', '2018-04-26 20:15:49.445', '2018-04-26 20:15:49.445'),
('36','7','10','2','已分配发货供应商','3','0','imagUrl','2','38','货物损坏','同意','同意','2018-10-10', '2018-04-26 20:15:49.445', '2018-04-26 20:15:49.445'),
('37','7','10','2','装箱完成','1','1','imagUrl','1','36','货物损坏','同意','同意','2018-01-04', '2018-04-26 20:15:49.445', '2018-04-26 20:15:49.445'),
('38','7','10','2','装箱完成','1','1','imagUrl','1','37','货物损坏','同意','同意','2018-01-04', '2018-04-26 20:15:49.445', '2018-04-26 20:15:49.445'),
('39','7','10','2','装箱完成','3','1','imagUrl','1','38','货物损坏','同意','同意','2018-01-07', '2018-04-26 20:15:49.445', '2018-04-26 20:15:49.445'),
('40','7','10','2','装箱完成','1','1','imagUrl','1','36','货物损坏','同意','同意','2018-01-05', '2018-04-26 20:15:49.445', '2018-04-26 20:15:49.445'),
('41','7','10','2','装箱完成','1','1','imagUrl','1','37','货物损坏','同意','同意','2018-01-05', '2018-04-26 20:15:49.445', '2018-04-26 20:15:49.445'),
('42','7','10','2','装箱完成','3','1','imagUrl','1','38','货物损坏','同意','同意','2018-01-08', '2018-04-26 20:15:49.445', '2018-04-26 20:15:49.445'),
('43','7','10','2','装箱完成','1','1','imagUrl','2','36','货物损坏','同意','同意','2018-01-06', '2018-04-26 20:15:49.445', '2018-04-26 20:15:49.445'),
('44','7','10','2','装箱完成','1','1','imagUrl','2','37','货物损坏','同意','同意','2018-01-06', '2018-04-26 20:15:49.445', '2018-04-26 20:15:49.445'),
('45','7','10','2','装箱完成','3','1','imagUrl','2','38','货物损坏','同意','同意','2018-01-10', '2018-04-26 20:15:49.445', '2018-04-26 20:15:49.445'),
('46','7','10','2','收货','1','1','imagUrl','1','36','货物损坏','同意','同意','2018-01-06', '2018-04-26 20:15:49.445', '2018-04-26 20:15:49.445'),
('47','7','10','2','收货','1','1','imagUrl','1','37','货物损坏','同意','同意','2018-01-06', '2018-04-26 20:15:49.445', '2018-04-26 20:15:49.445'),
('48','7','10','2','收货','3','1','imagUrl','2','38','货物损坏','同意','同意','2018-01-17', '2018-04-26 20:15:49.445', '2018-04-26 20:15:49.445'),
('49','7','10','2','可拍全景图','1','1','imagUrl','1','36','货物损坏','同意','同意','2018-01-06', '2018-04-26 20:15:49.445', '2018-04-26 20:15:49.445'),
('50','7','10','2','可拍全景图','1','1','imagUrl','1','37','货物损坏','同意','同意','2018-01-06', '2018-04-26 20:15:49.445', '2018-04-26 20:15:49.445'),
('51','7','10','2','可拍全景图','3','1','imagUrl','2','38','货物损坏','同意','同意','2018-01-17', '2018-04-26 20:15:49.445', '2018-04-26 20:15:49.445'),
('52','7','10','2','完成','1','1','imagUrl','2','38','货物损坏','同意','同意','2018-01-06', '2018-04-26 20:15:49.445', '2018-04-26 20:15:49.445'),
('53','8','16','3','已分配发货供应商','2','0','imagUrl','1','36','货物损坏','同意','同意','2018-10-10', '2018-04-26 20:15:49.445', '2018-04-26 20:15:49.445'),
('54','8','16','3','已分配发货供应商','2','0','imagUrl','1','37','货物损坏','同意','同意','2018-10-10', '2018-04-26 20:15:49.445', '2018-04-26 20:15:49.445'),
('55','8','16','3','已分配发货供应商','3','0','imagUrl','2','38','货物损坏','同意','同意','2018-10-10', '2018-04-26 20:15:49.445', '2018-04-26 20:15:49.445'),
('56','8','16','3','装箱完成','2','1','imagUrl','1','36','货物损坏','同意','同意','2018-01-11', '2018-04-26 20:15:49.445', '2018-04-26 20:15:49.445'),
('57','8','16','3','装箱完成','2','1','imagUrl','1','37','货物损坏','同意','同意','2018-01-11', '2018-04-26 20:15:49.445', '2018-04-26 20:15:49.445'),
('58','8','16','3','装箱完成','3','1','imagUrl','2','38','货物损坏','同意','同意','2018-01-14', '2018-04-26 20:15:49.445', '2018-04-26 20:15:49.445'),
('59','8','16','3','装箱完成','2','1','imagUrl','1','36','货物损坏','同意','同意','2018-01-12', '2018-04-26 20:15:49.445', '2018-04-26 20:15:49.445'),
('60','8','16','3','装箱完成','2','1','imagUrl','1','37','货物损坏','同意','同意','2018-01-12', '2018-04-26 20:15:49.445', '2018-04-26 20:15:49.445'),
('61','8','16','3','装箱完成','3','1','imagUrl','2','38','货物损坏','同意','同意','2018-01-15', '2018-04-26 20:15:49.445', '2018-04-26 20:15:49.445'),
('62','8','16','3','装箱完成','2','1','imagUrl','1','36','货物损坏','同意','同意','2018-01-13', '2018-04-26 20:15:49.445', '2018-04-26 20:15:49.445'),
('63','8','16','3','装箱完成','2','1','imagUrl','1','37','货物损坏','同意','同意','2018-01-13', '2018-04-26 20:15:49.445', '2018-04-26 20:15:49.445'),
('64','8','16','3','装箱完成','3','1','imagUrl','2','38','货物损坏','同意','同意','2018-01-13', '2018-04-26 20:15:49.445', '2018-04-26 20:15:49.445'),
('65','8','16','3','收货','2','1','imagUrl','1','36','货物损坏','同意','同意','2018-01-13', '2018-04-26 20:15:49.445', '2018-04-26 20:15:49.445'),
('66','8','16','3','收货','2','1','imagUrl','1','37','货物损坏','同意','同意','2018-01-13', '2018-04-26 20:15:49.445', '2018-04-26 20:15:49.445'),
('67','8','16','3','收货','3','1','imagUrl','2','38','货物损坏','同意','同意','2018-01-16', '2018-04-26 20:15:49.445', '2018-04-26 20:15:49.445'),
('68','8','16','3','可拍全景图','2','1','imagUrl','1','36','货物损坏','同意','同意','2018-01-13', '2018-04-26 20:15:49.445', '2018-04-26 20:15:49.445'),
('69','8','16','3','可拍全景图','2','1','imagUrl','1','37','货物损坏','同意','同意','2018-01-13', '2018-04-26 20:15:49.445', '2018-04-26 20:15:49.445'),
('70','8','16','3','可拍全景图','3','1','imagUrl','2','38','货物损坏','同意','同意','2018-01-16', '2018-04-26 20:15:49.445', '2018-04-26 20:15:49.445'),
('71','8','16','3','完成','2','1','imagUrl','2','38','货物损坏','同意','同意','2018-01-13', '2018-04-26 20:15:49.445', '2018-04-26 20:15:49.445');

INSERT INTO WYWL
(id,EWM,status,WLId,GYSId, createdAt, updatedAt)
VALUES
('53','{"type":"WL","typeId":10,"uuid":"B10_1"}','入库','10','3', '2018-04-26 20:15:49.445', '2018-04-26 20:15:49.445'),
('54','{"type":"WL","typeId":16,"uuid":"B16_1"}','入库','16','3', '2018-04-26 20:15:49.445', '2018-04-26 20:15:49.445'),
('55','{"type":"WL","typeId":1,"uuid":"B1_1"}','入库','1','1', '2018-04-26 20:15:49.445', '2018-04-26 20:15:49.445');

INSERT INTO WYWL
(id,EWM,status,WLId,GYSId,WLBHId,KDXId, createdAt, updatedAt)
VALUES
('56','{"type":"WL","typeId":1,"uuid":"B1_2"}','装箱','1','1','10','22', '2018-04-26 20:15:49.445', '2018-04-26 20:15:49.445'),
('57','{"type":"WL","typeId":1,"uuid":"B1_3"}','发货','1','1','11','23', '2018-04-26 20:15:49.445', '2018-04-26 20:15:49.445'),
('58','{"type":"WL","typeId":1,"uuid":"B1_4"}','收箱','1','1','12','24', '2018-04-26 20:15:49.445', '2018-04-26 20:15:49.445'),
('59','{"type":"WL","typeId":1,"uuid":"B1_5"}','收货','1','1','13','24', '2018-04-26 20:15:49.445', '2018-04-26 20:15:49.445'),
('60','{"type":"WL","typeId":10,"uuid":"B10_2"}','装箱','10','1','18','25', '2018-04-26 20:15:49.445', '2018-04-26 20:15:49.445'),
('61','{"type":"WL","typeId":10,"uuid":"B10_3"}','发货','10','1','19','26', '2018-04-26 20:15:49.445', '2018-04-26 20:15:49.445'),
('62','{"type":"WL","typeId":10,"uuid":"B10_4"}','收箱','10','1','20','27', '2018-04-26 20:15:49.445', '2018-04-26 20:15:49.445'),
('63','{"type":"WL","typeId":10,"uuid":"B10_5"}','收货','10','1','21','27', '2018-04-26 20:15:49.445', '2018-04-26 20:15:49.445'),
('64','{"type":"WL","typeId":10,"uuid":"B10_9"}','装箱','10','1','37','25', '2018-04-26 20:15:49.445', '2018-04-26 20:15:49.445'),
('65','{"type":"WL","typeId":10,"uuid":"B10_10"}','装箱','10','1','38','25', '2018-04-26 20:15:49.445', '2018-04-26 20:15:49.445'),
('66','{"type":"WL","typeId":10,"uuid":"B10_11"}','装箱','10','3','39','28', '2018-04-26 20:15:49.445', '2018-04-26 20:15:49.445'),
('67','{"type":"WL","typeId":10,"uuid":"B10_12"}','发货','10','1','40','26', '2018-04-26 20:15:49.445', '2018-04-26 20:15:49.445'),
('68','{"type":"WL","typeId":10,"uuid":"B10_13"}','发货','10','1','41','26', '2018-04-26 20:15:49.445', '2018-04-26 20:15:49.445'),
('69','{"type":"WL","typeId":10,"uuid":"B10_14"}','发货','10','3','42','29', '2018-04-26 20:15:49.445', '2018-04-26 20:15:49.445'),
('70','{"type":"WL","typeId":10,"uuid":"B10_15"}','收箱','10','1','43','27', '2018-04-26 20:15:49.445', '2018-04-26 20:15:49.445'),
('71','{"type":"WL","typeId":10,"uuid":"B10_16"}','收箱','10','1','44','27', '2018-04-26 20:15:49.445', '2018-04-26 20:15:49.445'),
('72','{"type":"WL","typeId":10,"uuid":"B10_17"}','收箱','10','3','45','30', '2018-04-26 20:15:49.445', '2018-04-26 20:15:49.445'),
('73','{"type":"WL","typeId":10,"uuid":"B10_18"}','收货','10','1','46','27', '2018-04-26 20:15:49.445', '2018-04-26 20:15:49.445'),
('74','{"type":"WL","typeId":10,"uuid":"B10_19"}','收货','10','1','47','27', '2018-04-26 20:15:49.445', '2018-04-26 20:15:49.445'),
('75','{"type":"WL","typeId":10,"uuid":"B10_20"}','收货','10','3','48','30', '2018-04-26 20:15:49.445', '2018-04-26 20:15:49.445'),
('76','{"type":"WL","typeId":16,"uuid":"B16_2"}','装箱','16','2','56','31', '2018-04-26 20:15:49.445', '2018-04-26 20:15:49.445'),
('77','{"type":"WL","typeId":16,"uuid":"B16_3"}','装箱','16','2','57','31', '2018-04-26 20:15:49.445', '2018-04-26 20:15:49.445'),
('78','{"type":"WL","typeId":16,"uuid":"B16_4"}','装箱','16','3','58','34', '2018-04-26 20:15:49.445', '2018-04-26 20:15:49.445'),
('79','{"type":"WL","typeId":16,"uuid":"B16_5"}','发货','16','2','59','32', '2018-04-26 20:15:49.445', '2018-04-26 20:15:49.445'),
('80','{"type":"WL","typeId":16,"uuid":"B16_6"}','发货','16','2','60','32', '2018-04-26 20:15:49.445', '2018-04-26 20:15:49.445'),
('81','{"type":"WL","typeId":16,"uuid":"B16_7"}','发货','16','3','61','35', '2018-04-26 20:15:49.445', '2018-04-26 20:15:49.445'),
('82','{"type":"WL","typeId":16,"uuid":"B16_8"}','收箱','16','2','62','33', '2018-04-26 20:15:49.445', '2018-04-26 20:15:49.445'),
('83','{"type":"WL","typeId":16,"uuid":"B16_9"}','收箱','16','2','63','33', '2018-04-26 20:15:49.445', '2018-04-26 20:15:49.445'),
('84','{"type":"WL","typeId":16,"uuid":"B16_10"}','收箱','16','3','64','33', '2018-04-26 20:15:49.445', '2018-04-26 20:15:49.445'),
('85','{"type":"WL","typeId":16,"uuid":"B16_11"}','收货','16','2','65','33', '2018-04-26 20:15:49.445', '2018-04-26 20:15:49.445'),
('86','{"type":"WL","typeId":16,"uuid":"B16_12"}','收货','16','2','66','33', '2018-04-26 20:15:49.445', '2018-04-26 20:15:49.445'),
('87','{"type":"WL","typeId":16,"uuid":"B16_13"}','收货','16','3','67','36', '2018-04-26 20:15:49.445', '2018-04-26 20:15:49.445');

INSERT INTO WYWL
(id,EWM,status,WLId,GYSId,WLBHId,KDXId,AZFKType,imageUrl, createdAt, updatedAt)
VALUES
('88','{"type":"WL","typeId":1,"uuid":"B1_6"}','反馈','1','1','14','24','安装成功','imageUrl', '2018-04-26 20:15:49.445', '2018-04-26 20:15:49.445'),
('89','{"type":"WL","typeId":1,"uuid":"B1_7"}','反馈','1','1','15','24','丢失','imageUrl', '2018-04-26 20:15:49.445', '2018-04-26 20:15:49.445'),
('90','{"type":"WL","typeId":1,"uuid":"B1_8"}','反馈','1','1','16','24','安装成功','imageUrl', '2018-04-26 20:15:49.445', '2018-04-26 20:15:49.445'),
('91','{"type":"WL","typeId":10,"uuid":"B10_6"}','反馈','10','1','22','27','安装成功','imageUrl', '2018-04-26 20:15:49.445', '2018-04-26 20:15:49.445'),
('92','{"type":"WL","typeId":10,"uuid":"B10_7"}','反馈','10','1','23','27','丢失','imageUrl', '2018-04-26 20:15:49.445', '2018-04-26 20:15:49.445'),
('93','{"type":"WL","typeId":10,"uuid":"B10_8"}','反馈','10','1','24','27','安装成功','imageUrl', '2018-04-26 20:15:49.445', '2018-04-26 20:15:49.445'),
('94','{"type":"WL","typeId":10,"uuid":"B10_21"}','反馈','10','1','49','27','安装成功','imageUrl', '2018-04-26 20:15:49.445', '2018-04-26 20:15:49.445'),
('95','{"type":"WL","typeId":10,"uuid":"B10_22"}','反馈','10','1','50','27','安装成功','imageUrl', '2018-04-26 20:15:49.445', '2018-04-26 20:15:49.445'),
('96','{"type":"WL","typeId":10,"uuid":"B10_23"}','反馈','10','3','51','30','安装成功','imageUrl', '2018-04-26 20:15:49.445', '2018-04-26 20:15:49.445'),
('97','{"type":"WL","typeId":10,"uuid":"B10_24"}','反馈','10','1','52','27','安装成功','imageUrl', '2018-04-26 20:15:49.445', '2018-04-26 20:15:49.445'),
('98','{"type":"WL","typeId":16,"uuid":"B16_14"}','反馈','16','2','68','33','安装成功','imageUrl', '2018-04-26 20:15:49.445', '2018-04-26 20:15:49.445'),
('99','{"type":"WL","typeId":16,"uuid":"B16_15"}','反馈','16','2','69','33','安装成功','imageUrl', '2018-04-26 20:15:49.445', '2018-04-26 20:15:49.445'),
('100','{"type":"WL","typeId":16,"uuid":"B16_16"}','反馈','16','3','70','36','安装成功','imageUrl', '2018-04-26 20:15:49.445', '2018-04-26 20:15:49.445'),
('101','{"type":"WL","typeId":16,"uuid":"B16_17"}','反馈','16','2','71','33','安装成功','imageUrl', '2018-04-26 20:15:49.445', '2018-04-26 20:15:49.445');

INSERT INTO DPBH
(id,DWId,DPId,status,GYSId,ZXNumber,imageUrl, createdAt, updatedAt)
VALUES
('1','1','1','初始','1','0','imageUrl', '2018-04-26 20:15:49.445', '2018-04-26 20:15:49.445'),
('2','1','1','客服经理审批通过','1','0','imageUrl', '2018-04-26 20:15:49.445', '2018-04-26 20:15:49.445'),
('3','1','1','驳回','1','0','imageUrl', '2018-04-26 20:15:49.445', '2018-04-26 20:15:49.445'),
('4','11','8','初始','1','0','imageUrl', '2018-04-26 20:15:49.445', '2018-04-26 20:15:49.445'),
('5','11','8','客服经理审批通过','1','0','imageUrl', '2018-04-26 20:15:49.445', '2018-04-26 20:15:49.445'),
('6','11','8','驳回','1','0','imageUrl', '2018-04-26 20:15:49.445', '2018-04-26 20:15:49.445');

INSERT INTO DPBH
(id,DWId,DPId,status,GYSId,ZXNumber,imageUrl,AZGSId, createdAt, updatedAt)
VALUES
('7','1','1','客服经理审批通过','1','0','imageUrl','1', '2018-04-26 20:15:49.445', '2018-04-26 20:15:49.445'),
('8','11','8','通过','1','0','imageUrl','1', '2018-04-26 20:15:49.445', '2018-04-26 20:15:49.445');

INSERT INTO DPBH
(id,DWId,DPId,status,GYSId,ZXNumber,imageUrl,AZGSId,AZGUserId,YJZXTime, createdAt, updatedAt)
VALUES
('9','1','1','已分配发货供应商','1','0','imagUrl','1','36','2018-10-10', '2018-04-26 20:15:49.445', '2018-04-26 20:15:49.445'),
('10','1','1','装箱完成','1','1','imagUrl','2','38','2018-01-01', '2018-04-26 20:15:49.445', '2018-04-26 20:15:49.445'),
('11','1','1','装箱完成','1','1','imagUrl','2','38','2018-01-03', '2018-04-26 20:15:49.445', '2018-04-26 20:15:49.445'),
('12','1','1','装箱完成','1','1','imagUrl','2','38','2018-01-02', '2018-04-26 20:15:49.445', '2018-04-26 20:15:49.445'),
('13','1','1','收货','1','1','imagUrl','2','38','2018-01-02', '2018-04-26 20:15:49.445', '2018-04-26 20:15:49.445'),
('14','1','1','可拍全景图','1','1','imagUrl','2','38','2018-01-02', '2018-04-26 20:15:49.445', '2018-04-26 20:15:49.445'),
('15','1','1','可拍全景图','1','1','imagUrl','2','38','2018-01-02', '2018-04-26 20:15:49.445', '2018-04-26 20:15:49.445'),
('16','1','1','完成','1','1','imagUrl','2','38','2018-01-02', '2018-04-26 20:15:49.445', '2018-04-26 20:15:49.445'),
('17','11','8','已分配发货供应商','1','0','imagUrl','2','38','2018-10-10', '2018-04-26 20:15:49.445', '2018-04-26 20:15:49.445'),
('18','11','8','装箱完成','1','1','imagUrl','2','38','2018-01-04', '2018-04-26 20:15:49.445', '2018-04-26 20:15:49.445'),
('19','11','8','装箱完成','1','1','imagUrl','2','38','2018-01-05', '2018-04-26 20:15:49.445', '2018-04-26 20:15:49.445'),
('20','11','8','装箱完成','1','1','imagUrl','2','38','2018-01-06', '2018-04-26 20:15:49.445', '2018-04-26 20:15:49.445'),
('21','11','8','收货','1','1','imagUrl','2','38','2018-01-06', '2018-04-26 20:15:49.445', '2018-04-26 20:15:49.445'),
('22','11','8','可拍全景图','1','1','imagUrl','2','38','2018-01-06', '2018-04-26 20:15:49.445', '2018-04-26 20:15:49.445'),
('23','11','8','可拍全景图','1','1','imagUrl','2','38','2018-01-06', '2018-04-26 20:15:49.445', '2018-04-26 20:15:49.445'),
('24','11','8','完成','1','1','imagUrl','2','38','2018-01-06', '2018-04-26 20:15:49.445', '2018-04-26 20:15:49.445');

INSERT INTO DPBH
(id,DWId,DPId,DDId,status,GYSId,ZXNumber,imageUrl, createdAt, updatedAt)
VALUES
('25','11','8','2','初始','1','0','imagUrl', '2018-04-26 20:15:49.445', '2018-04-26 20:15:49.445'),
('26','11','8','2','客服经理审批通过','1','0','imagUrl', '2018-04-26 20:15:49.445', '2018-04-26 20:15:49.445'),
('27','11','8','2','驳回','1','0','imagUrl', '2018-04-26 20:15:49.445', '2018-04-26 20:15:49.445'),
('28','17','14','3','初始','2','0','imagUrl', '2018-04-26 20:15:49.445', '2018-04-26 20:15:49.445'),
('29','17','14','3','客服经理审批通过','2','0','imagUrl', '2018-04-26 20:15:49.445', '2018-04-26 20:15:49.445'),
('30','17','14','3','驳回','2','0','imagUrl', '2018-04-26 20:15:49.445', '2018-04-26 20:15:49.445');

INSERT INTO DPBH
(id,DWId,DPId,DDId,status,GYSId,ZXNumber,imageUrl,AZGSId, createdAt, updatedAt)
VALUES
('31','11','8','2','客服经理审批通过','1','0','imagUrl','1', '2018-04-26 20:15:49.445', '2018-04-26 20:15:49.445'),
('32','17','14','3','通过','2','0','imagUrl','1', '2018-04-26 20:15:49.445', '2018-04-26 20:15:49.445');

INSERT INTO DPBH
(id,DWId,DPId,DDId,status,GYSId,ZXNumber,imageUrl,AZGSId,AZGUserId,note,KFJLNote,PPJLNote,YJZXTime, createdAt, updatedAt)
VALUES
('33','11','8','2','已分配发货供应商','1','0','imagUrl','1','36','货物损坏','同意','同意','2018-10-10', '2018-04-26 20:15:49.445', '2018-04-26 20:15:49.445'),
('34','11','8','2','已分配发货供应商','1','0','imagUrl','1','37','货物损坏','同意','同意','2018-10-10', '2018-04-26 20:15:49.445', '2018-04-26 20:15:49.445'),
('35','11','8','2','已分配发货供应商','3','0','imagUrl','2','38','货物损坏','同意','同意','2018-10-10', '2018-04-26 20:15:49.445', '2018-04-26 20:15:49.445'),
('36','11','8','2','已分配发货供应商','3','0','imagUrl','2','38','货物损坏','同意','同意','2018-10-10', '2018-04-26 20:15:49.445', '2018-04-26 20:15:49.445'),
('37','11','8','2','装箱完成','1','1','imagUrl','1','36','货物损坏','同意','同意','2018-01-04', '2018-04-26 20:15:49.445', '2018-04-26 20:15:49.445'),
('38','11','8','2','装箱完成','1','1','imagUrl','1','37','货物损坏','同意','同意','2018-01-04', '2018-04-26 20:15:49.445', '2018-04-26 20:15:49.445'),
('39','11','8','2','装箱完成','3','1','imagUrl','1','38','货物损坏','同意','同意','2018-01-07', '2018-04-26 20:15:49.445', '2018-04-26 20:15:49.445'),
('40','11','8','2','装箱完成','1','1','imagUrl','1','36','货物损坏','同意','同意','2018-01-05', '2018-04-26 20:15:49.445', '2018-04-26 20:15:49.445'),
('41','11','8','2','装箱完成','1','1','imagUrl','1','37','货物损坏','同意','同意','2018-01-05', '2018-04-26 20:15:49.445', '2018-04-26 20:15:49.445'),
('42','11','8','2','装箱完成','3','1','imagUrl','1','38','货物损坏','同意','同意','2018-01-08', '2018-04-26 20:15:49.445', '2018-04-26 20:15:49.445'),
('43','11','8','2','装箱完成','1','1','imagUrl','2','36','货物损坏','同意','同意','2018-01-06', '2018-04-26 20:15:49.445', '2018-04-26 20:15:49.445'),
('44','11','8','2','装箱完成','1','1','imagUrl','2','37','货物损坏','同意','同意','2018-01-06', '2018-04-26 20:15:49.445', '2018-04-26 20:15:49.445'),
('45','11','8','2','装箱完成','3','1','imagUrl','2','38','货物损坏','同意','同意','2018-01-10', '2018-04-26 20:15:49.445', '2018-04-26 20:15:49.445'),
('46','11','8','2','收货','1','1','imagUrl','1','36','货物损坏','同意','同意','2018-01-06', '2018-04-26 20:15:49.445', '2018-04-26 20:15:49.445'),
('47','11','8','2','收货','1','1','imagUrl','1','37','货物损坏','同意','同意','2018-01-06', '2018-04-26 20:15:49.445', '2018-04-26 20:15:49.445'),
('48','11','8','2','收货','3','1','imagUrl','2','38','货物损坏','同意','同意','2018-01-17', '2018-04-26 20:15:49.445', '2018-04-26 20:15:49.445'),
('49','11','8','2','可拍全景图','1','1','imagUrl','1','36','货物损坏','同意','同意','2018-01-06', '2018-04-26 20:15:49.445', '2018-04-26 20:15:49.445'),
('50','11','8','2','可拍全景图','1','1','imagUrl','1','37','货物损坏','同意','同意','2018-01-06', '2018-04-26 20:15:49.445', '2018-04-26 20:15:49.445'),
('51','11','8','2','可拍全景图','3','1','imagUrl','2','38','货物损坏','同意','同意','2018-01-17', '2018-04-26 20:15:49.445', '2018-04-26 20:15:49.445'),
('52','11','8','2','完成','1','1','imagUrl','2','38','货物损坏','同意','同意','2018-01-06', '2018-04-26 20:15:49.445', '2018-04-26 20:15:49.445'),
('53','17','14','3','已分配发货供应商','2','0','imagUrl','1','36','货物损坏','同意','同意','2018-10-10', '2018-04-26 20:15:49.445', '2018-04-26 20:15:49.445'),
('54','17','14','3','已分配发货供应商','2','0','imagUrl','1','37','货物损坏','同意','同意','2018-10-10', '2018-04-26 20:15:49.445', '2018-04-26 20:15:49.445'),
('55','17','14','3','已分配发货供应商','3','0','imagUrl','2','38','货物损坏','同意','同意','2018-10-10', '2018-04-26 20:15:49.445', '2018-04-26 20:15:49.445'),
('56','17','14','3','装箱完成','2','1','imagUrl','1','36','货物损坏','同意','同意','2018-01-11', '2018-04-26 20:15:49.445', '2018-04-26 20:15:49.445'),
('57','17','14','3','装箱完成','2','1','imagUrl','1','37','货物损坏','同意','同意','2018-01-11', '2018-04-26 20:15:49.445', '2018-04-26 20:15:49.445'),
('58','17','14','3','装箱完成','3','1','imagUrl','2','38','货物损坏','同意','同意','2018-01-14', '2018-04-26 20:15:49.445', '2018-04-26 20:15:49.445'),
('59','17','14','3','装箱完成','2','1','imagUrl','1','36','货物损坏','同意','同意','2018-01-12', '2018-04-26 20:15:49.445', '2018-04-26 20:15:49.445'),
('60','17','14','3','装箱完成','2','1','imagUrl','1','37','货物损坏','同意','同意','2018-01-12', '2018-04-26 20:15:49.445', '2018-04-26 20:15:49.445'),
('61','17','14','3','装箱完成','3','1','imagUrl','2','38','货物损坏','同意','同意','2018-01-15', '2018-04-26 20:15:49.445', '2018-04-26 20:15:49.445'),
('62','17','14','3','装箱完成','2','1','imagUrl','1','36','货物损坏','同意','同意','2018-01-13', '2018-04-26 20:15:49.445', '2018-04-26 20:15:49.445'),
('63','17','14','3','装箱完成','2','1','imagUrl','1','37','货物损坏','同意','同意','2018-01-13', '2018-04-26 20:15:49.445', '2018-04-26 20:15:49.445'),
('64','17','14','3','装箱完成','3','1','imagUrl','2','38','货物损坏','同意','同意','2018-01-13', '2018-04-26 20:15:49.445', '2018-04-26 20:15:49.445'),
('65','17','14','3','收货','2','1','imagUrl','1','36','货物损坏','同意','同意','2018-01-13', '2018-04-26 20:15:49.445', '2018-04-26 20:15:49.445'),
('66','17','14','3','收货','2','1','imagUrl','1','37','货物损坏','同意','同意','2018-01-13', '2018-04-26 20:15:49.445', '2018-04-26 20:15:49.445'),
('67','17','14','3','收货','3','1','imagUrl','2','38','货物损坏','同意','同意','2018-01-16', '2018-04-26 20:15:49.445', '2018-04-26 20:15:49.445'),
('68','17','14','3','可拍全景图','2','1','imagUrl','1','36','货物损坏','同意','同意','2018-01-13', '2018-04-26 20:15:49.445', '2018-04-26 20:15:49.445'),
('69','17','14','3','可拍全景图','2','1','imagUrl','1','37','货物损坏','同意','同意','2018-01-13', '2018-04-26 20:15:49.445', '2018-04-26 20:15:49.445'),
('70','17','14','3','可拍全景图','3','1','imagUrl','2','38','货物损坏','同意','同意','2018-01-16', '2018-04-26 20:15:49.445', '2018-04-26 20:15:49.445'),
('71','17','14','3','完成','2','1','imagUrl','2','38','货物损坏','同意','同意','2018-01-13', '2018-04-26 20:15:49.445', '2018-04-26 20:15:49.445');

INSERT INTO WYDP
(id,EWM,status,DPId,GYSId, createdAt, updatedAt)
VALUES
('32','{"type":"DP","typeId":8,"uuid":"B8_1"}','入库','8','3', '2018-04-26 20:15:49.445', '2018-04-26 20:15:49.445'),
('33','{"type":"DP","typeId":14,"uuid":"B14_1"}','入库','14','3', '2018-04-26 20:15:49.445', '2018-04-26 20:15:49.445'),
('34','{"type":"DP","typeId":1,"uuid":"B1_1"}','入库','1','1', '2018-04-26 20:15:49.445', '2018-04-26 20:15:49.445');

INSERT INTO WYDP
(id,EWM,status,DPId,GYSId,DPBHId,KDXId, createdAt, updatedAt)
VALUES
('35','{"type":"DP","typeId":1,"uuid":"B1_2"}','装箱','1','1','10','37', '2018-04-26 20:15:49.445', '2018-04-26 20:15:49.445'),
('36','{"type":"DP","typeId":1,"uuid":"B1_3"}','发货','1','1','11','38', '2018-04-26 20:15:49.445', '2018-04-26 20:15:49.445'),
('37','{"type":"DP","typeId":1,"uuid":"B1_4"}','收箱','1','1','12','39', '2018-04-26 20:15:49.445', '2018-04-26 20:15:49.445'),
('38','{"type":"DP","typeId":1,"uuid":"B1_5"}','收货','1','1','13','39', '2018-04-26 20:15:49.445', '2018-04-26 20:15:49.445'),
('39','{"type":"DP","typeId":8,"uuid":"B8_2"}','装箱','8','1','18','40', '2018-04-26 20:15:49.445', '2018-04-26 20:15:49.445'),
('40','{"type":"DP","typeId":8,"uuid":"B8_3"}','发货','8','1','19','41', '2018-04-26 20:15:49.445', '2018-04-26 20:15:49.445'),
('41','{"type":"DP","typeId":8,"uuid":"B8_4"}','收箱','8','1','20','42', '2018-04-26 20:15:49.445', '2018-04-26 20:15:49.445'),
('42','{"type":"DP","typeId":8,"uuid":"B8_5"}','收货','8','1','21','42', '2018-04-26 20:15:49.445', '2018-04-26 20:15:49.445'),
('43','{"type":"DP","typeId":8,"uuid":"B8_6"}','装箱','8','1','37','40', '2018-04-26 20:15:49.445', '2018-04-26 20:15:49.445'),
('44','{"type":"DP","typeId":8,"uuid":"B8_7"}','装箱','8','1','38','40', '2018-04-26 20:15:49.445', '2018-04-26 20:15:49.445'),
('45','{"type":"DP","typeId":8,"uuid":"B8_8"}','装箱','8','3','39','43', '2018-04-26 20:15:49.445', '2018-04-26 20:15:49.445'),
('46','{"type":"DP","typeId":8,"uuid":"B8_9"}','发货','8','1','40','41', '2018-04-26 20:15:49.445', '2018-04-26 20:15:49.445'),
('47','{"type":"DP","typeId":8,"uuid":"B8_10"}','发货','8','1','41','41', '2018-04-26 20:15:49.445', '2018-04-26 20:15:49.445'),
('48','{"type":"DP","typeId":8,"uuid":"B8_11"}','发货','8','3','42','44', '2018-04-26 20:15:49.445', '2018-04-26 20:15:49.445'),
('49','{"type":"DP","typeId":8,"uuid":"B8_12"}','收箱','8','1','43','42', '2018-04-26 20:15:49.445', '2018-04-26 20:15:49.445'),
('50','{"type":"DP","typeId":8,"uuid":"B8_13"}','收箱','8','1','44','42', '2018-04-26 20:15:49.445', '2018-04-26 20:15:49.445'),
('51','{"type":"DP","typeId":8,"uuid":"B8_14"}','收箱','8','3','45','45', '2018-04-26 20:15:49.445', '2018-04-26 20:15:49.445'),
('52','{"type":"DP","typeId":8,"uuid":"B8_15"}','收货','8','1','46','42', '2018-04-26 20:15:49.445', '2018-04-26 20:15:49.445'),
('53','{"type":"DP","typeId":8,"uuid":"B8_16"}','收货','8','1','47','42', '2018-04-26 20:15:49.445', '2018-04-26 20:15:49.445'),
('54','{"type":"DP","typeId":8,"uuid":"B8_17"}','收货','8','3','48','45', '2018-04-26 20:15:49.445', '2018-04-26 20:15:49.445'),
('55','{"type":"DP","typeId":14,"uuid":"B14_2"}','装箱','14','2','56','46', '2018-04-26 20:15:49.445', '2018-04-26 20:15:49.445'),
('56','{"type":"DP","typeId":14,"uuid":"B14_3"}','装箱','14','2','57','46', '2018-04-26 20:15:49.445', '2018-04-26 20:15:49.445'),
('57','{"type":"DP","typeId":14,"uuid":"B14_4"}','装箱','14','3','58','49', '2018-04-26 20:15:49.445', '2018-04-26 20:15:49.445'),
('58','{"type":"DP","typeId":14,"uuid":"B14_5"}','发货','14','2','59','47', '2018-04-26 20:15:49.445', '2018-04-26 20:15:49.445'),
('59','{"type":"DP","typeId":14,"uuid":"B14_6"}','发货','14','2','60','47', '2018-04-26 20:15:49.445', '2018-04-26 20:15:49.445'),
('60','{"type":"DP","typeId":14,"uuid":"B14_7"}','发货','14','3','61','50', '2018-04-26 20:15:49.445', '2018-04-26 20:15:49.445'),
('61','{"type":"DP","typeId":14,"uuid":"B14_8"}','收箱','14','2','62','48', '2018-04-26 20:15:49.445', '2018-04-26 20:15:49.445'),
('62','{"type":"DP","typeId":14,"uuid":"B14_9"}','收箱','14','2','63','48', '2018-04-26 20:15:49.445', '2018-04-26 20:15:49.445'),
('63','{"type":"DP","typeId":14,"uuid":"B14_10"}','收箱','14','3','64','48', '2018-04-26 20:15:49.445', '2018-04-26 20:15:49.445'),
('64','{"type":"DP","typeId":14,"uuid":"B14_11"}','收货','14','2','65','48', '2018-04-26 20:15:49.445', '2018-04-26 20:15:49.445'),
('65','{"type":"DP","typeId":14,"uuid":"B14_12"}','收货','14','2','66','48', '2018-04-26 20:15:49.445', '2018-04-26 20:15:49.445'),
('66','{"type":"DP","typeId":14,"uuid":"B14_13"}','收货','14','3','67','51', '2018-04-26 20:15:49.445', '2018-04-26 20:15:49.445');

INSERT INTO WYDP
(id,EWM,status,DPId,GYSId,DPBHId,KDXId,AZFKType,imageUrl, createdAt, updatedAt)
VALUES
('67','{"type":"DP","typeId":1,"uuid":"B1_6"}','反馈','1','1','14','39','安装成功','imageUrl', '2018-04-26 20:15:49.445', '2018-04-26 20:15:49.445'),
('68','{"type":"DP","typeId":1,"uuid":"B1_7"}','反馈','1','1','15','39','丢失','imageUrl', '2018-04-26 20:15:49.445', '2018-04-26 20:15:49.445'),
('69','{"type":"DP","typeId":1,"uuid":"B1_8"}','反馈','1','1','16','39','安装成功','imageUrl', '2018-04-26 20:15:49.445', '2018-04-26 20:15:49.445'),
('70','{"type":"DP","typeId":8,"uuid":"B8_18"}','反馈','8','1','22','42','安装成功','imageUrl', '2018-04-26 20:15:49.445', '2018-04-26 20:15:49.445'),
('71','{"type":"DP","typeId":8,"uuid":"B8_19"}','反馈','8','1','23','42','丢失','imageUrl', '2018-04-26 20:15:49.445', '2018-04-26 20:15:49.445'),
('72','{"type":"DP","typeId":8,"uuid":"B8_20"}','反馈','8','1','24','42','安装成功','imageUrl', '2018-04-26 20:15:49.445', '2018-04-26 20:15:49.445'),
('73','{"type":"DP","typeId":8,"uuid":"B8_21"}','反馈','8','1','49','42','安装成功','imageUrl', '2018-04-26 20:15:49.445', '2018-04-26 20:15:49.445'),
('74','{"type":"DP","typeId":8,"uuid":"B8_22"}','反馈','8','1','50','42','安装成功','imageUrl', '2018-04-26 20:15:49.445', '2018-04-26 20:15:49.445'),
('75','{"type":"DP","typeId":8,"uuid":"B8_23"}','反馈','8','3','51','45','安装成功','imageUrl', '2018-04-26 20:15:49.445', '2018-04-26 20:15:49.445'),
('76','{"type":"DP","typeId":8,"uuid":"B8_24"}','反馈','8','1','52','42','安装成功','imageUrl', '2018-04-26 20:15:49.445', '2018-04-26 20:15:49.445'),
('77','{"type":"DP","typeId":14,"uuid":"B14_14"}','反馈','14','2','68','48','安装成功','imageUrl', '2018-04-26 20:15:49.445', '2018-04-26 20:15:49.445'),
('78','{"type":"DP","typeId":14,"uuid":"B14_15"}','反馈','14','2','69','48','安装成功','imageUrl', '2018-04-26 20:15:49.445', '2018-04-26 20:15:49.445'),
('79','{"type":"DP","typeId":14,"uuid":"B14_16"}','反馈','14','3','70','51','安装成功','imageUrl', '2018-04-26 20:15:49.445', '2018-04-26 20:15:49.445'),
('80','{"type":"DP","typeId":14,"uuid":"B14_17"}','反馈','14','2','71','48','安装成功','imageUrl', '2018-04-26 20:15:49.445', '2018-04-26 20:15:49.445');
