
INSERT INTO PP
(id,name, createdAt, updatedAt)
VALUES
('1','PP1_C', '2018-04-16 20:47:21.990', '2018-04-16 20:47:21.990'),
('2','PP2', '2018-04-16 20:47:21.990', '2018-04-16 20:47:21.990'),
('3','PP3', '2018-04-16 20:47:21.990', '2018-04-16 20:47:21.990');

INSERT INTO GYS
(id,name,type, createdAt, updatedAt)
VALUES
('1','GYS1','生产', '2018-04-16 20:47:21.990', '2018-04-16 20:47:21.990'),
('2','GYS2','生产', '2018-04-16 20:47:21.990', '2018-04-16 20:47:21.990'),
('3','GYS3','生产', '2018-04-16 20:47:21.990', '2018-04-16 20:47:21.990'),
('4','GYS4','生产', '2018-04-16 20:47:21.990', '2018-04-16 20:47:21.990'),
('5','GYS5','生产', '2018-04-16 20:47:21.990', '2018-04-16 20:47:21.990'),
('6','GYS6','中转', '2018-04-16 20:47:21.990', '2018-04-16 20:47:21.990');

INSERT INTO AZGS
(id,name, createdAt, updatedAt)
VALUES
('1','AZGS1', '2018-04-16 20:47:21.990', '2018-04-16 20:47:21.990'),
('2','AZGS2', '2018-04-16 20:47:21.990', '2018-04-16 20:47:21.990'),
('3','AZGS3', '2018-04-16 20:47:21.990', '2018-04-16 20:47:21.990'),
('4','AZGS4', '2018-04-16 20:47:21.990', '2018-04-16 20:47:21.990'),
('5','AZGS5', '2018-04-16 20:47:21.990', '2018-04-16 20:47:21.990'),
('6','AZGS6', '2018-04-16 20:47:21.990', '2018-04-16 20:47:21.990');

INSERT INTO User
(id,JS,username,password, createdAt, updatedAt)
VALUES
('1','系统管理员','admin','$2a$08$XlripNHUCawwl5WaxuBUGOsdL7U6U9j4LKMxk.MxgYcu2R8WcEDZe', '2018-04-16 20:47:21.990', '2018-04-16 20:47:21.990'),
('2','品牌经理','PPJL1','$2a$08$JEreW9nXqg/DujfenwuyL.rw/2uKjav8QzVDMKTxue27ZngP.98Mq', '2018-04-16 20:47:21.990', '2018-04-16 20:47:21.990'),
('3','品牌经理','PPJL2','$2a$08$yTyUezxliRfUZrogoLSu4ehG0nMXT7UZKtXgB2uF9F6wz7cPdGzc6', '2018-04-16 20:47:21.990', '2018-04-16 20:47:21.990'),
('4','客服经理','KFJL1','$2a$08$2AongVnv9RI0YN53LtprCeAVadfs6E6ZtDAE93bTiqjFfAzUhVAcC', '2018-04-16 20:47:21.990', '2018-04-16 20:47:21.990'),
('5','客服经理','KFJL2','$2a$08$ML/Rc0if/O93040.ho3s.OaomMNc3QeyK.HzuECVKuq9V775kxRKu', '2018-04-16 20:47:21.990', '2018-04-16 20:47:21.990'),
('6','柜长','GZ1','$2a$08$hHnhihKmWmeWCP/HIFm1.el74akLmLAil6IYtFCeotBorOI2vmtJu', '2018-04-16 20:47:21.990', '2018-04-16 20:47:21.990'),
('7','柜长','GZ2','$2a$08$npdAQsoMrj7Dnotjs3aBCePWYTMeT5U79hEUdL1zNEPAkTxJAKWpG', '2018-04-16 20:47:21.990', '2018-04-16 20:47:21.990'),
('8','柜长','GZ3','$2a$08$Oozl0uKTnlBUh929wftKZeqrGFgrOcddKdAHC45./vMV1Ie0iYkI2', '2018-04-16 20:47:21.990', '2018-04-16 20:47:21.990'),
('9','柜长','GZ4','$2a$08$ZVkVHuR5Uh/dc0dj/1988.Eq/Su8RxZjpkKH8zIbcMTJHGH/9iSeG', '2018-04-16 20:47:21.990', '2018-04-16 20:47:21.990'),
('10','柜长','GZ5','$2a$08$lb8mqkIFLPAhfE/52q6yz.iVS2mEDUvlPLn1utHnm.irqFEHper9y', '2018-04-16 20:47:21.990', '2018-04-16 20:47:21.990'),
('11','柜长','GZ6','$2a$08$kJz9YyHabN/9RUKR7FjIWeXFfQAvtws0XVpzeV.8I4q7zfqCIo5q.', '2018-04-16 20:47:21.990', '2018-04-16 20:47:21.990'),
('12','柜长','GZ7','$2a$08$1DMaqvbAvtAfxZOYOHBifO1xRlbKjZhVE9RGcuOgikyww3VhRhG7q', '2018-04-16 20:47:21.990', '2018-04-16 20:47:21.990'),
('13','柜长','GZ8','$2a$08$VyGE6FBf8hIpK64/LlZTvemIfqOJiOMJ9IuOHfmtVN80IHMQGFhTu', '2018-04-16 20:47:21.990', '2018-04-16 20:47:21.990'),
('14','柜台BA','GT1BA','$2a$08$7qTKltHFGCegCEj8I8LQeuwvvoeex.hD8nTim4gMQPkWyYHcna5kC', '2018-04-16 20:47:21.990', '2018-04-16 20:47:21.990'),
('15','柜台BA','GT2BA','$2a$08$8O3Z71cUPJRV6VSpHVZGf.I5bpYGGFXjDpmhXmCU.P5yykTMsrZ32', '2018-04-16 20:47:21.990', '2018-04-16 20:47:21.990'),
('16','柜台BA','GT3BA','$2a$08$Ri6mL68ZHaHfz1O/ex36seB3Q.engEcUFJ65zZLg7M/q/S//nI.7K', '2018-04-16 20:47:21.990', '2018-04-16 20:47:21.990'),
('17','柜台BA','GT4BA','$2a$08$5Jyvt8u6.Nu5AKNUPR8ar.cDSovPkKdKxjNN3.chqhp9zfOu/iF4u', '2018-04-16 20:47:21.990', '2018-04-16 20:47:21.990'),
('18','柜台BA','GT5BA','$2a$08$FRTZLsWssjF6eNcAINNGHO0xctskrmq.4w4hkqeisZ6BCcD5ynODi', '2018-04-16 20:47:21.990', '2018-04-16 20:47:21.990'),
('19','柜台BA','GT6BA','$2a$08$DT.fA/yqB7RC1LZ0Mj3z8O6wrSBQJ4SNHLX2I0.TloraN435Tpk3S', '2018-04-16 20:47:21.990', '2018-04-16 20:47:21.990'),
('20','柜台BA','GT7BA','$2a$08$vMt8aMYqE9xhtFN/seyab.kpUjS7AsDRrPMUK39LraFzNMdDOS2Am', '2018-04-16 20:47:21.990', '2018-04-16 20:47:21.990'),
('21','柜台BA','GT8BA','$2a$08$SDSDvNVDK8Mj/yFYKwEjfex1cWXBasGWxFSj3Po73Wm6cbqp/cMGq', '2018-04-16 20:47:21.990', '2018-04-16 20:47:21.990'),
('22','供应商管理员','GYSGLY1','$2a$08$9GFDq1Zv.zygT6BCDBeTIOg3b0eoeFp.HhrZ5OUTgSoyoxiOwjJYW', '2018-04-16 20:47:21.990', '2018-04-16 20:47:21.990'),
('23','供应商管理员','GYSGLY2','$2a$08$tgS1XWGH13r1aDorWaVxZeN0l2pxsdFPIq1QG5/zg.3OFGv58o3JC', '2018-04-16 20:47:21.990', '2018-04-16 20:47:21.990'),
('24','供应商管理员','GYSGLY3','$2a$08$nzkoWD2Yw3RDwbH2f8thUu8PeMlQ6C2DTCI.CTnNB0x9FO06xt9PO', '2018-04-16 20:47:21.990', '2018-04-16 20:47:21.990'),
('25','供应商管理员','GYSGLY4','$2a$08$dcHCz6zP3sd4Ra8LpmfhVu9EoJ0PX6hheKxVnMY3pf7xw9FbW/Tw2', '2018-04-16 20:47:21.990', '2018-04-16 20:47:21.990'),
('26','供应商管理员','GYSGLY5','$2a$08$a28wTexZlRqC65d/hs8R7.xw9/Ydp9K8yFd..072xxHgJuWLsF032', '2018-04-16 20:47:21.990', '2018-04-16 20:47:21.990'),
('27','供应商管理员','GYSGLY6','$2a$08$05beKs/6/SGHpXMzuEMRd.MnqLOqS7ZfAv64nlDDlU9O9UjDfSMia', '2018-04-16 20:47:21.990', '2018-04-16 20:47:21.990'),
('28','安装公司管理员','AZGSGLY1','$2a$08$WhOs/o9Nos8NhFWdsqFtDOlEXPVNtWs1RgEVkxVFEjQ9yuPrSB5Te', '2018-04-16 20:47:21.990', '2018-04-16 20:47:21.990'),
('29','安装公司管理员','AZGSGLY2','$2a$08$Ux0G08dotJXEKFLNPQ0SsO2.66FRRTkwGZMj4/lfO0lzdPgz8h2ie', '2018-04-16 20:47:21.990', '2018-04-16 20:47:21.990'),
('30','安装公司管理员','AZGSGLY3','$2a$08$KV9w/U.kxM5KGIUSFNO4befAOtN8MsLH0.YhKnGihOgIlyQ5yL.k.', '2018-04-16 20:47:21.990', '2018-04-16 20:47:21.990'),
('31','安装公司管理员','AZGSGLY4','$2a$08$.xdFUXEB3qtAKcyvwHYF9.NBygWbcslilaU9.88uuH7Mhmqn6xpke', '2018-04-16 20:47:21.990', '2018-04-16 20:47:21.990'),
('32','安装公司管理员','AZGSGLY5','$2a$08$LNtbI4G17xxPqeAJZ4O3hehsOy9g2qSjBnA6XY.j2nJbClW7RCkmW', '2018-04-16 20:47:21.990', '2018-04-16 20:47:21.990'),
('33','安装公司管理员','AZGSGLY6','$2a$08$yKPMgnsybx1zdyDMDJJRXuw0JV6Ck/V6Kfy8XIG/COvPMpoxkeOeS', '2018-04-16 20:47:21.990', '2018-04-16 20:47:21.990'),
('34','装货员','ZHY1','$2a$08$mbABS.FcfPmWNLkcweyRtedKrawQtKJFlKn.YOM7zLf.Hiz/igKoe', '2018-04-16 20:47:21.990', '2018-04-16 20:47:21.990'),
('35','装货员','ZHY2','$2a$08$UeDJdYGgl66Shim0Ta/0OOwLXQ6mPW.SV/4jYrbksi5g0X9wCPiX2', '2018-04-16 20:47:21.990', '2018-04-16 20:47:21.990'),
('36','装货员','ZHY3','$2a$08$/JU.bIjjb0jeS1rsuoru6Otm.70cA3/gyAKUwHnuHFO0keQrOtPX6', '2018-04-16 20:47:21.990', '2018-04-16 20:47:21.990'),
('37','装货员','ZHY4','$2a$08$qj04o26RtQxzuu31JziaIeoej94TgmwglZdyecqF60cpZ48M6VVVq', '2018-04-16 20:47:21.990', '2018-04-16 20:47:21.990'),
('38','装货员','ZHY5','$2a$08$fF.lPxcBJYqu6vAf0jWNk.IM/pbNN0wUOdMlxzqWowlPpvX4ctIbe', '2018-04-16 20:47:21.990', '2018-04-16 20:47:21.990'),
('39','装货员','ZHY6','$2a$08$D9ZaVVqpgok5yexeBiUgOOl5COOsBgVej3a0a3wUpElyCaonxt4E6', '2018-04-16 20:47:21.990', '2018-04-16 20:47:21.990'),
('40','安装工','AZG1','$2a$08$vwd8zC32mcC040LVlAcGq.DKQTNRiTKrrn/toS37eVQ4qUsE9ZIXe', '2018-04-16 20:47:21.990', '2018-04-16 20:47:21.990'),
('41','安装工','AZG2','$2a$08$OJZJJDSToqtOUvtIfankBeX/TaZAr3tMvuDt2rj0GB5C9YH9unKzq', '2018-04-16 20:47:21.990', '2018-04-16 20:47:21.990'),
('42','安装工','AZG3','$2a$08$AWTnWheUzVbsbLTI2D9mvOiwEHwSw1Gh/C0WFszVFL19aqlIpWl42', '2018-04-16 20:47:21.990', '2018-04-16 20:47:21.990'),
('43','安装工','AZG4','$2a$08$/aO6yhIvmm6127w.I6Q7geFf9nGlh877jQIA/YOZ71nY9MEjg6TlG', '2018-04-16 20:47:21.990', '2018-04-16 20:47:21.990'),
('44','安装工','AZG5','$2a$08$9FlGpOVRyh091c5oab8LDuyWGLiMGzeYtSWFCJ80Ux9KmUKld2fQm', '2018-04-16 20:47:21.990', '2018-04-16 20:47:21.990'),
('45','安装工','AZG6','$2a$08$TlbNWjX.lkXnwF7lnS//P.1G8zPL6DEUgy2NT313VyA6eNnJ7X1RW', '2018-04-16 20:47:21.990', '2018-04-16 20:47:21.990');

INSERT INTO PPJL_PP
(UserId,PPId, createdAt, updatedAt)
VALUES
('2','1', '2018-04-16 20:47:21.990', '2018-04-16 20:47:21.990'),
('3','2', '2018-04-16 20:47:21.990', '2018-04-16 20:47:21.990');

INSERT INTO KFJL_PP
(UserId,PPId, createdAt, updatedAt)
VALUES
('4','1', '2018-04-16 20:47:21.990', '2018-04-16 20:47:21.990'),
('5','2', '2018-04-16 20:47:21.990', '2018-04-16 20:47:21.990');

INSERT INTO GLY_AZGS
(UserId,AZGSId, createdAt, updatedAt)
VALUES
('28','1', '2018-04-16 20:47:21.990', '2018-04-16 20:47:21.990'),
('29','2', '2018-04-16 20:47:21.990', '2018-04-16 20:47:21.990'),
('30','3', '2018-04-16 20:47:21.990', '2018-04-16 20:47:21.990'),
('31','4', '2018-04-16 20:47:21.990', '2018-04-16 20:47:21.990'),
('32','5', '2018-04-16 20:47:21.990', '2018-04-16 20:47:21.990'),
('33','6', '2018-04-16 20:47:21.990', '2018-04-16 20:47:21.990');

INSERT INTO GLY_GYS
(UserId,GYSId, createdAt, updatedAt)
VALUES
('22','1', '2018-04-16 20:47:21.990', '2018-04-16 20:47:21.990'),
('23','2', '2018-04-16 20:47:21.990', '2018-04-16 20:47:21.990'),
('24','3', '2018-04-16 20:47:21.990', '2018-04-16 20:47:21.990'),
('25','4', '2018-04-16 20:47:21.990', '2018-04-16 20:47:21.990'),
('26','5', '2018-04-16 20:47:21.990', '2018-04-16 20:47:21.990'),
('27','6', '2018-04-16 20:47:21.990', '2018-04-16 20:47:21.990');

INSERT INTO GZ_PP
(UserId,PPId, createdAt, updatedAt)
VALUES
('6','1', '2018-04-16 20:47:21.990', '2018-04-16 20:47:21.990'),
('7','1', '2018-04-16 20:47:21.990', '2018-04-16 20:47:21.990'),
('8','1', '2018-04-16 20:47:21.990', '2018-04-16 20:47:21.990'),
('9','1', '2018-04-16 20:47:21.990', '2018-04-16 20:47:21.990'),
('10','1', '2018-04-16 20:47:21.990', '2018-04-16 20:47:21.990'),
('11','1', '2018-04-16 20:47:21.990', '2018-04-16 20:47:21.990'),
('12','2', '2018-04-16 20:47:21.990', '2018-04-16 20:47:21.990'),
('13','2', '2018-04-16 20:47:21.990', '2018-04-16 20:47:21.990');

INSERT INTO ZHY_GYS
(UserId,GYSId, createdAt, updatedAt)
VALUES
('34','1', '2018-04-16 20:47:21.990', '2018-04-16 20:47:21.990'),
('35','1', '2018-04-16 20:47:21.990', '2018-04-16 20:47:21.990'),
('36','2', '2018-04-16 20:47:21.990', '2018-04-16 20:47:21.990'),
('37','2', '2018-04-16 20:47:21.990', '2018-04-16 20:47:21.990'),
('38','3', '2018-04-16 20:47:21.990', '2018-04-16 20:47:21.990'),
('39','3', '2018-04-16 20:47:21.990', '2018-04-16 20:47:21.990');

INSERT INTO AZG_AZGS
(UserId,AZGSId, createdAt, updatedAt)
VALUES
('40','1', '2018-04-16 20:47:21.990', '2018-04-16 20:47:21.990'),
('41','1', '2018-04-16 20:47:21.990', '2018-04-16 20:47:21.990'),
('42','1', '2018-04-16 20:47:21.990', '2018-04-16 20:47:21.990'),
('43','2', '2018-04-16 20:47:21.990', '2018-04-16 20:47:21.990'),
('44','2', '2018-04-16 20:47:21.990', '2018-04-16 20:47:21.990'),
('45','2', '2018-04-16 20:47:21.990', '2018-04-16 20:47:21.990');

INSERT INTO GT
(id,name,code,PPId,QY,GTBAUserId,GZUserId,CS, createdAt, updatedAt)
VALUES
('1','GT1','GT1Code','1','东区','14','6','上海', '2018-04-16 20:47:21.990', '2018-04-16 20:47:21.990'),
('2','GT2','GT2Code','1','东区','15','6','上海', '2018-04-16 20:47:21.990', '2018-04-16 20:47:21.990'),
('3','GT3','GT3Code','1','北区','16','7','北京', '2018-04-16 20:47:21.990', '2018-04-16 20:47:21.990'),
('4','GT4','GT4Code','1','北区','17','7','北京', '2018-04-16 20:47:21.990', '2018-04-16 20:47:21.990'),
('5','GT5','GT5Code','1','南区','18','8','广州', '2018-04-16 20:47:21.990', '2018-04-16 20:47:21.990'),
('6','GT6','GT6Code','1','南区','19','8','广州', '2018-04-16 20:47:21.990', '2018-04-16 20:47:21.990'),
('7','GT7','GT7Code','2','东区','20','12','上海', '2018-04-16 20:47:21.990', '2018-04-16 20:47:21.990'),
('8','GT8','GT8Code','2','东区','21','13','上海', '2018-04-16 20:47:21.990', '2018-04-16 20:47:21.990');

INSERT INTO DP
(id,name,PPId,GYSId, createdAt, updatedAt)
VALUES
('1','DP1','1','1', '2018-04-16 20:47:21.990', '2018-04-16 20:47:21.990'),
('2','DP2','1','1', '2018-04-16 20:47:21.990', '2018-04-16 20:47:21.990'),
('3','DP3','1','2', '2018-04-16 20:47:21.990', '2018-04-16 20:47:21.990'),
('4','DP4','1','2', '2018-04-16 20:47:21.990', '2018-04-16 20:47:21.990'),
('5','DP5','2','1', '2018-04-16 20:47:21.990', '2018-04-16 20:47:21.990'),
('6','DP6','2','1', '2018-04-16 20:47:21.990', '2018-04-16 20:47:21.990'),
('7','DP7','2','2', '2018-04-16 20:47:21.990', '2018-04-16 20:47:21.990'),
('8','DP8','2','2', '2018-04-16 20:47:21.990', '2018-04-16 20:47:21.990');

INSERT INTO DW
(id,name,GTId,DPId, createdAt, updatedAt)
VALUES
('1','DW1','1','1', '2018-04-16 20:47:21.990', '2018-04-16 20:47:21.990'),
('2','DW2','1','1', '2018-04-16 20:47:21.990', '2018-04-16 20:47:21.990'),
('3','DW3','1','2', '2018-04-16 20:47:21.990', '2018-04-16 20:47:21.990'),
('4','DW4','2','1', '2018-04-16 20:47:21.990', '2018-04-16 20:47:21.990'),
('5','DW5','2','2', '2018-04-16 20:47:21.990', '2018-04-16 20:47:21.990'),
('6','DW6','2','2', '2018-04-16 20:47:21.990', '2018-04-16 20:47:21.990'),
('7','DW7','7','5', '2018-04-16 20:47:21.990', '2018-04-16 20:47:21.990'),
('8','DW8','7','6', '2018-04-16 20:47:21.990', '2018-04-16 20:47:21.990'),
('9','DW9','8','7', '2018-04-16 20:47:21.990', '2018-04-16 20:47:21.990'),
('10','DW10','8','8', '2018-04-16 20:47:21.990', '2018-04-16 20:47:21.990');

INSERT INTO FG
(id,name,PPId,note, createdAt, updatedAt)
VALUES
('1','FG1','1','FG1Note', '2018-04-16 20:47:21.990', '2018-04-16 20:47:21.990'),
('2','FG2','1','FG2Note', '2018-04-16 20:47:21.990', '2018-04-16 20:47:21.990'),
('3','FG3','1','FG3Note', '2018-04-16 20:47:21.990', '2018-04-16 20:47:21.990'),
('4','FG4','1','FG4Note', '2018-04-16 20:47:21.990', '2018-04-16 20:47:21.990'),
('5','FG5','2','FG5Note', '2018-04-16 20:47:21.990', '2018-04-16 20:47:21.990'),
('6','FG6','2','FG6Note', '2018-04-16 20:47:21.990', '2018-04-16 20:47:21.990');

INSERT INTO Tester
(id,name,PPId, createdAt, updatedAt)
VALUES
('1','Tester1','1', '2018-04-16 20:47:21.990', '2018-04-16 20:47:21.990'),
('2','Tester2','1', '2018-04-16 20:47:21.990', '2018-04-16 20:47:21.990'),
('3','Tester3','1', '2018-04-16 20:47:21.990', '2018-04-16 20:47:21.990'),
('4','Tester4','1', '2018-04-16 20:47:21.990', '2018-04-16 20:47:21.990'),
('5','Tester5','2', '2018-04-16 20:47:21.990', '2018-04-16 20:47:21.990'),
('6','Tester6','2', '2018-04-16 20:47:21.990', '2018-04-16 20:47:21.990');

INSERT INTO FG_Tester
(id,FGId,TesterId,PPId, createdAt, updatedAt)
VALUES
('1','1','1','1', '2018-04-16 20:47:21.990', '2018-04-16 20:47:21.990'),
('2','1','2','1', '2018-04-16 20:47:21.990', '2018-04-16 20:47:21.990'),
('3','1','3','1', '2018-04-16 20:47:21.990', '2018-04-16 20:47:21.990'),
('4','1','4','1', '2018-04-16 20:47:21.990', '2018-04-16 20:47:21.990'),
('5','2','1','1', '2018-04-16 20:47:21.990', '2018-04-16 20:47:21.990'),
('6','2','2','1', '2018-04-16 20:47:21.990', '2018-04-16 20:47:21.990'),
('7','5','5','2', '2018-04-16 20:47:21.990', '2018-04-16 20:47:21.990'),
('8','5','6','2', '2018-04-16 20:47:21.990', '2018-04-16 20:47:21.990'),
('9','6','5','2', '2018-04-16 20:47:21.990', '2018-04-16 20:47:21.990'),
('10','6','6','2', '2018-04-16 20:47:21.990', '2018-04-16 20:47:21.990');

INSERT INTO WL
(id,name,code,level,PPId,GYSId, createdAt, updatedAt)
VALUES
('1','WL1_1','WL1_1Code','1','1','1', '2018-04-16 20:47:21.990', '2018-04-16 20:47:21.990'),
('2','WL1_2','WL1_2Code','1','1','1', '2018-04-16 20:47:21.990', '2018-04-16 20:47:21.990'),
('3','WL1_3','WL1_3Code','1','1','2', '2018-04-16 20:47:21.990', '2018-04-16 20:47:21.990'),
('4','WL1_4','WL1_4Code','1','1','2', '2018-04-16 20:47:21.990', '2018-04-16 20:47:21.990'),
('5','WL1_5','WL1_5Code','1','1','3', '2018-04-16 20:47:21.990', '2018-04-16 20:47:21.990'),
('6','WL1_6','WL1_6Code','1','1','3', '2018-04-16 20:47:21.990', '2018-04-16 20:47:21.990'),
('7','WL2_1','WL2_1Code','2','1','1', '2018-04-16 20:47:21.990', '2018-04-16 20:47:21.990'),
('8','WL2_2','WL2_2Code','2','1','1', '2018-04-16 20:47:21.990', '2018-04-16 20:47:21.990'),
('9','WL2_3','WL2_3Code','2','1','2', '2018-04-16 20:47:21.990', '2018-04-16 20:47:21.990'),
('10','WL2_4','WL2_4Code','2','1','2', '2018-04-16 20:47:21.990', '2018-04-16 20:47:21.990'),
('11','WL2_5','WL2_5Code','2','1','3', '2018-04-16 20:47:21.990', '2018-04-16 20:47:21.990'),
('12','WL2_6','WL2_6Code','2','1','3', '2018-04-16 20:47:21.990', '2018-04-16 20:47:21.990'),
('13','WL3_1','WL3_1Code','3','1','1', '2018-04-16 20:47:21.990', '2018-04-16 20:47:21.990'),
('14','WL3_2','WL3_2Code','3','1','1', '2018-04-16 20:47:21.990', '2018-04-16 20:47:21.990'),
('15','WL3_3','WL3_3Code','3','1','2', '2018-04-16 20:47:21.990', '2018-04-16 20:47:21.990'),
('16','WL3_4','WL3_4Code','3','1','2', '2018-04-16 20:47:21.990', '2018-04-16 20:47:21.990'),
('17','WL3_5','WL3_5Code','3','1','3', '2018-04-16 20:47:21.990', '2018-04-16 20:47:21.990'),
('18','WL3_6','WL3_6Code','3','1','3', '2018-04-16 20:47:21.990', '2018-04-16 20:47:21.990'),
('19','WL4_1','WL4_1Code','1','2','1', '2018-04-16 20:47:21.990', '2018-04-16 20:47:21.990'),
('20','WL4_2','WL4_2Code','1','2','1', '2018-04-16 20:47:21.990', '2018-04-16 20:47:21.990'),
('21','WL4_3','WL4_3Code','1','2','2', '2018-04-16 20:47:21.990', '2018-04-16 20:47:21.990'),
('22','WL4_4','WL4_4Code','1','2','2', '2018-04-16 20:47:21.990', '2018-04-16 20:47:21.990'),
('23','WL4_5','WL4_5Code','1','2','3', '2018-04-16 20:47:21.990', '2018-04-16 20:47:21.990'),
('24','WL4_6','WL4_6Code','1','2','3', '2018-04-16 20:47:21.990', '2018-04-16 20:47:21.990'),
('25','WL5_1','WL5_1Code','2','2','1', '2018-04-16 20:47:21.990', '2018-04-16 20:47:21.990'),
('26','WL5_2','WL5_2Code','2','2','1', '2018-04-16 20:47:21.990', '2018-04-16 20:47:21.990'),
('27','WL5_3','WL5_3Code','2','2','2', '2018-04-16 20:47:21.990', '2018-04-16 20:47:21.990'),
('28','WL5_4','WL5_4Code','2','2','2', '2018-04-16 20:47:21.990', '2018-04-16 20:47:21.990'),
('29','WL5_5','WL5_5Code','2','2','3', '2018-04-16 20:47:21.990', '2018-04-16 20:47:21.990'),
('30','WL5_6','WL5_6Code','2','2','3', '2018-04-16 20:47:21.990', '2018-04-16 20:47:21.990'),
('31','WL6_1','WL6_1Code','3','2','1', '2018-04-16 20:47:21.990', '2018-04-16 20:47:21.990'),
('32','WL6_2','WL6_2Code','3','2','1', '2018-04-16 20:47:21.990', '2018-04-16 20:47:21.990'),
('33','WL6_3','WL6_3Code','3','2','2', '2018-04-16 20:47:21.990', '2018-04-16 20:47:21.990'),
('34','WL6_4','WL6_4Code','3','2','2', '2018-04-16 20:47:21.990', '2018-04-16 20:47:21.990'),
('35','WL6_5','WL6_5Code','3','2','3', '2018-04-16 20:47:21.990', '2018-04-16 20:47:21.990'),
('36','WL6_6','WL6_6Code','3','2','3', '2018-04-16 20:47:21.990', '2018-04-16 20:47:21.990');

INSERT INTO EJZH
(id,name,WLId,PPId,imageUrl, createdAt, updatedAt)
VALUES
('1','EJZH1','7','1','imageUrl1', '2018-04-16 20:47:21.990', '2018-04-16 20:47:21.990'),
('2','EJZH2','7','1','imageUrl2', '2018-04-16 20:47:21.990', '2018-04-16 20:47:21.990'),
('3','EJZH3','9','1','imageUrl3', '2018-04-16 20:47:21.990', '2018-04-16 20:47:21.990'),
('4','EJZH4','25','2','imageUrl4', '2018-04-16 20:47:21.990', '2018-04-16 20:47:21.990'),
('5','EJZH5','26','2','imageUrl5', '2018-04-16 20:47:21.990', '2018-04-16 20:47:21.990'),
('6','EJZH6','27','2','imageUrl6', '2018-04-16 20:47:21.990', '2018-04-16 20:47:21.990');

INSERT INTO EJZH_FGTester
(EJZHId,FGTesterId,number, createdAt, updatedAt)
VALUES
('1','1','1', '2018-04-16 20:47:21.990', '2018-04-16 20:47:21.990'),
('1','2','2', '2018-04-16 20:47:21.990', '2018-04-16 20:47:21.990'),
('1','3','3', '2018-04-16 20:47:21.990', '2018-04-16 20:47:21.990'),
('1','4','1', '2018-04-16 20:47:21.990', '2018-04-16 20:47:21.990'),
('1','5','2', '2018-04-16 20:47:21.990', '2018-04-16 20:47:21.990'),
('1','6','3', '2018-04-16 20:47:21.990', '2018-04-16 20:47:21.990'),
('4','7','1', '2018-04-16 20:47:21.990', '2018-04-16 20:47:21.990'),
('4','8','2', '2018-04-16 20:47:21.990', '2018-04-16 20:47:21.990'),
('4','9','3', '2018-04-16 20:47:21.990', '2018-04-16 20:47:21.990'),
('4','10','4', '2018-04-16 20:47:21.990', '2018-04-16 20:47:21.990');

INSERT INTO EJZH_SJWL
(EJZHId,WLId,number, createdAt, updatedAt)
VALUES
('1','13','1', '2018-04-16 20:47:21.990', '2018-04-16 20:47:21.990'),
('1','14','2', '2018-04-16 20:47:21.990', '2018-04-16 20:47:21.990'),
('1','15','3', '2018-04-16 20:47:21.990', '2018-04-16 20:47:21.990'),
('1','16','1', '2018-04-16 20:47:21.990', '2018-04-16 20:47:21.990'),
('1','17','2', '2018-04-16 20:47:21.990', '2018-04-16 20:47:21.990'),
('1','18','3', '2018-04-16 20:47:21.990', '2018-04-16 20:47:21.990'),
('2','13','2', '2018-04-16 20:47:21.990', '2018-04-16 20:47:21.990'),
('2','14','3', '2018-04-16 20:47:21.990', '2018-04-16 20:47:21.990'),
('4','31','1', '2018-04-16 20:47:21.990', '2018-04-16 20:47:21.990'),
('4','32','2', '2018-04-16 20:47:21.990', '2018-04-16 20:47:21.990'),
('4','33','3', '2018-04-16 20:47:21.990', '2018-04-16 20:47:21.990'),
('4','34','4', '2018-04-16 20:47:21.990', '2018-04-16 20:47:21.990');

INSERT INTO YJZH
(id,name,WLId,PPId,imageUrl, createdAt, updatedAt)
VALUES
('1','YJZH1','1','1','imageUrl1', '2018-04-16 20:47:21.990', '2018-04-16 20:47:21.990'),
('2','YJZH2','2','1','imageUrl2', '2018-04-16 20:47:21.990', '2018-04-16 20:47:21.990'),
('3','YJZH3','1','2','imageUrl3', '2018-04-16 20:47:21.990', '2018-04-16 20:47:21.990'),
('4','YJZH4','19','2','imageUrl4', '2018-04-16 20:47:21.990', '2018-04-16 20:47:21.990'),
('5','YJZH5','20','2','imageUrl5', '2018-04-16 20:47:21.990', '2018-04-16 20:47:21.990');

INSERT INTO YJZH_EJZH
(YJZHId,EJZHId,number, createdAt, updatedAt)
VALUES
('1','1','1', '2018-04-16 20:47:21.990', '2018-04-16 20:47:21.990'),
('1','2','2', '2018-04-16 20:47:21.990', '2018-04-16 20:47:21.990'),
('1','3','3', '2018-04-16 20:47:21.990', '2018-04-16 20:47:21.990'),
('2','3','3', '2018-04-16 20:47:21.990', '2018-04-16 20:47:21.990'),
('2','2','2', '2018-04-16 20:47:21.990', '2018-04-16 20:47:21.990'),
('2','1','1', '2018-04-16 20:47:21.990', '2018-04-16 20:47:21.990'),
('4','4','1', '2018-04-16 20:47:21.990', '2018-04-16 20:47:21.990'),
('4','5','2', '2018-04-16 20:47:21.990', '2018-04-16 20:47:21.990'),
('4','6','3', '2018-04-16 20:47:21.990', '2018-04-16 20:47:21.990'),
('5','6','3', '2018-04-16 20:47:21.990', '2018-04-16 20:47:21.990'),
('5','5','2', '2018-04-16 20:47:21.990', '2018-04-16 20:47:21.990'),
('5','4','1', '2018-04-16 20:47:21.990', '2018-04-16 20:47:21.990');

INSERT INTO GT_YJZH
(GTId,YJZHId,number, createdAt, updatedAt)
VALUES
('1','1','2', '2018-04-16 20:47:21.990', '2018-04-16 20:47:21.990'),
('1','2','3', '2018-04-16 20:47:21.990', '2018-04-16 20:47:21.990'),
('1','3','2', '2018-04-16 20:47:21.990', '2018-04-16 20:47:21.990'),
('2','1','3', '2018-04-16 20:47:21.990', '2018-04-16 20:47:21.990'),
('3','2','3', '2018-04-16 20:47:21.990', '2018-04-16 20:47:21.990'),
('4','1','2', '2018-04-16 20:47:21.990', '2018-04-16 20:47:21.990'),
('5','2','1', '2018-04-16 20:47:21.990', '2018-04-16 20:47:21.990'),
('6','1','1', '2018-04-16 20:47:21.990', '2018-04-16 20:47:21.990'),
('7','4','2', '2018-04-16 20:47:21.990', '2018-04-16 20:47:21.990'),
('8','5','3', '2018-04-16 20:47:21.990', '2018-04-16 20:47:21.990');

INSERT INTO YJZHXGT
(id,imageUrl,YJZHId, createdAt, updatedAt)
VALUES
('1','YJZH_XGT1','1', '2018-04-16 20:47:21.990', '2018-04-16 20:47:21.990'),
('2','YJZH_XGT2','1', '2018-04-16 20:47:21.990', '2018-04-16 20:47:21.990'),
('3','YJZH_XGT3','2', '2018-04-16 20:47:21.990', '2018-04-16 20:47:21.990'),
('4','YJZH_XGT4','2', '2018-04-16 20:47:21.990', '2018-04-16 20:47:21.990'),
('5','YJZH_XGT5','3', '2018-04-16 20:47:21.990', '2018-04-16 20:47:21.990'),
('6','YJZH_XGT6','3', '2018-04-16 20:47:21.990', '2018-04-16 20:47:21.990'),
('7','YJZH_XGT7','4', '2018-04-16 20:47:21.990', '2018-04-16 20:47:21.990'),
('8','YJZH_XGT8','4', '2018-04-16 20:47:21.990', '2018-04-16 20:47:21.990');

INSERT INTO EJZHXGT
(id,imageUrl,EJZHId, createdAt, updatedAt)
VALUES
('1','EJZH_XGT1','1', '2018-04-16 20:47:21.990', '2018-04-16 20:47:21.990'),
('2','EJZH_XGT2','1', '2018-04-16 20:47:21.990', '2018-04-16 20:47:21.990'),
('3','EJZH_XGT3','2', '2018-04-16 20:47:21.990', '2018-04-16 20:47:21.990'),
('4','EJZH_XGT4','2', '2018-04-16 20:47:21.990', '2018-04-16 20:47:21.990'),
('5','EJZH_XGT5','3', '2018-04-16 20:47:21.990', '2018-04-16 20:47:21.990'),
('6','EJZH_XGT6','3', '2018-04-16 20:47:21.990', '2018-04-16 20:47:21.990'),
('7','EJZH_XGT7','4', '2018-04-16 20:47:21.990', '2018-04-16 20:47:21.990'),
('8','EJZH_XGT8','4', '2018-04-16 20:47:21.990', '2018-04-16 20:47:21.990');
