
INSERT INTO User
(Id,username,password,JS, createdAt, updatedAt)
VALUES
('1','admin','$2a$08$GH69WHSM24EnHTRd.QwHA.I0BNDJD/WPUeiJfoToJB2LXH/Vwgcte','系统管理员', '2018-04-11 14:37:37.719', '2018-04-11 14:37:37.719'),
('2','PPJL1','$2a$08$DWg.tfi1Ks6Xdd855/2SeeDIol8RAgu0miazdnn5J4Rm7uV4iT4.y','品牌经理', '2018-04-11 14:37:37.719', '2018-04-11 14:37:37.719'),
('3','PPJL2','$2a$08$MS5tpPVyJhf1xEz0gZ.A2ODo5ki62JOE21JGPkQ3LHT8vmNSuSedG','品牌经理', '2018-04-11 14:37:37.719', '2018-04-11 14:37:37.719'),
('4','PPJL3','$2a$08$SM9.BsR4NXRGeAjv54q1YuV5Sydm8O/00PQp7eLVQHgvQowd3E9wq','品牌经理', '2018-04-11 14:37:37.719', '2018-04-11 14:37:37.719'),
('5','PPJL4','$2a$08$6q6OVAVHmbnO.vPzc.lj/elYm/4TPXror429F3cC2hbLKGkFm9lQa','品牌经理', '2018-04-11 14:37:37.719', '2018-04-11 14:37:37.719'),
('6','KFJL1','$2a$08$4kIa4WrAGUbVoi9aLdOkCOT39T/QnOuTzLtNQXlZwZ8EwJTw6/YtG','客服经理', '2018-04-11 14:37:37.719', '2018-04-11 14:37:37.719'),
('7','KFJL2','$2a$08$KsXy/xLZZiZ3asUyPL1BceQuBr7W9thNbYGtItB8CYWNh9WFTDvm6','客服经理', '2018-04-11 14:37:37.719', '2018-04-11 14:37:37.719'),
('8','KFJL3','$2a$08$jcJ4PVJ/hhcWpLI6iWgXWOPzPLdVfLxOg.aEJs32t7EGJXowRWO0K','客服经理', '2018-04-11 14:37:37.719', '2018-04-11 14:37:37.719'),
('9','KFJL4','$2a$08$YgJao9I1zmNt2Q0SGt1iPupEbRkVCkrcjlpSeYJZZ9ipWFuOoFJPq','客服经理', '2018-04-11 14:37:37.719', '2018-04-11 14:37:37.719'),
('10','GZ1','$2a$08$t3KEy7ovdkcZpFC.UGzCcOz2FEXmqT5aFmxjnY3.BxN36l9MmrTMe','柜长', '2018-04-11 14:37:37.719', '2018-04-11 14:37:37.719'),
('11','GZ2','$2a$08$ujfCyLYKh27ypjSYw9OZ3O8YrHp7OX/3UMoCZWvnT0DKWrzbjSEQC','柜长', '2018-04-11 14:37:37.719', '2018-04-11 14:37:37.719'),
('12','GZ3','$2a$08$ZzJ.USpWQZNLAO.ij6wi5.mZuPEL.J2kWicIIWK5nhW2KCezXmbuK','柜长', '2018-04-11 14:37:37.719', '2018-04-11 14:37:37.719'),
('13','GZ4','$2a$08$wlu7rg/v5TY.dwpsHKAV8OPc.h8K44/6TJ0zt2emlyqyN4z4WqNSy','柜长', '2018-04-11 14:37:37.719', '2018-04-11 14:37:37.719'),
('14','GTBA1','$2a$08$gNx8j6kcdKid1x.M2XAvNOet7qLHVDLtjwahW9DlKKKu7QWWpMfpi','柜台BA', '2018-04-11 14:37:37.719', '2018-04-11 14:37:37.719'),
('15','GTBA2','$2a$08$PM1VcJRnqv7tz7cTNgILfeBJSLzbd4IbowOznDc2sSGlOBe1oSwvq','柜台BA', '2018-04-11 14:37:37.719', '2018-04-11 14:37:37.719'),
('16','GTBA3','$2a$08$MDSVB0OPlyJi3dlnPsLrn.uLv0ts5xNzFgWdFDo1AKI.qV3lIxARe','柜台BA', '2018-04-11 14:37:37.719', '2018-04-11 14:37:37.719'),
('17','GTBA4','$2a$08$BN/C9wGNUWLDmtaqbPogDu5zhIDB8/GhVukVlXERAnmPlWLFPbeSC','柜台BA', '2018-04-11 14:37:37.719', '2018-04-11 14:37:37.719'),
('18','GTBA5','$2a$08$cMoRe54IZvNuZohqTcuH6.2F.uiLq8Vkia2UntS43P1LeP/tVY88q','柜台BA', '2018-04-11 14:37:37.719', '2018-04-11 14:37:37.719'),
('19','GTBA6','$2a$08$lEivbDP.LIn6l9MFm7Ud5uPq87OesRuQTATOK1/u064CoebRZblrW','柜台BA', '2018-04-11 14:37:37.719', '2018-04-11 14:37:37.719'),
('20','GTBA7','$2a$08$hwZpQJIfGV.Vh/UJ.SYA3.SbIAx0SyPS9N8MewbrostfMz4kpfmPC','柜台BA', '2018-04-11 14:37:37.719', '2018-04-11 14:37:37.719'),
('21','GTBA8','$2a$08$TZSLyTP9sk.pewseEy6cpeev5whBVyM7XdDFtm09UiH8RCDfEcC7a','柜台BA', '2018-04-11 14:37:37.719', '2018-04-11 14:37:37.719'),
('22','GYSGLY1','$2a$08$ubOdXlFYc2HtwaqWldUh1uZ6mM1j0JGyKzJMburcyO7jyHDQd.Jnu','供应商管理员', '2018-04-11 14:37:37.719', '2018-04-11 14:37:37.719'),
('23','GYSGLY2','$2a$08$8NL5TBRmDu8xbRY4Igm/xesDiTDolnGJPq6qCjC4XgbVMQfhkghYu','供应商管理员', '2018-04-11 14:37:37.719', '2018-04-11 14:37:37.719'),
('24','GYSGLY3','$2a$08$5AWuTisGLs737v.vjl0cJOgvjcT7VhugmW/tODHPMvCJMBOlFHDfK','供应商管理员', '2018-04-11 14:37:37.719', '2018-04-11 14:37:37.719'),
('25','AZGSGLY1','$2a$08$Rvkunhh2SstSw2vXYKSM.OPzQnMchAA0AiC3a/E0hxyXb3tOALn4u','安装公司管理员', '2018-04-11 14:37:37.719', '2018-04-11 14:37:37.719'),
('26','AZGSGLY2','$2a$08$e5WtyNa6kzEBwAEa0ZMUiuWuZmiq0tP2loofxDBEFiKvfSKtYe5eG','安装公司管理员', '2018-04-11 14:37:37.719', '2018-04-11 14:37:37.719'),
('27','GTBA9','$2a$08$MucSVWZDKj/YCvQ/MCJr5.lOnQSZiCzwfVKj1n6oEaAlxXxLzpcGm','柜台BA', '2018-04-11 14:37:37.719', '2018-04-11 14:37:37.719'),
('28','GTBA10','$2a$08$w06QI9k7nvkrrkjT0v5/4.3GAQ9CVY5n/BBQssvMBGET6TeFFkRp6','柜台BA', '2018-04-11 14:37:37.719', '2018-04-11 14:37:37.719'),
('29','GTBA11','$2a$08$7EYz8kmNtTHIb99Et0T6oehSR5ceaWdMkCuFxyBS/AZ/iARaINMiC','柜台BA', '2018-04-11 14:37:37.719', '2018-04-11 14:37:37.719'),
('30','GTBA12','$2a$08$BSwV.eM.tJp3sbmNOzo5UeK0K3psmMYhQOi2AeOpwqwB.0b/OLfnC','柜台BA', '2018-04-11 14:37:37.719', '2018-04-11 14:37:37.719'),
('31','GTBA13','$2a$08$/uWaQI7BX7MsDu3bx/ZEceodWCySLbi4M9pldgHIzL4yrXn4G.uLO','柜台BA', '2018-04-11 14:37:37.719', '2018-04-11 14:37:37.719'),
('32','GTBA14','$2a$08$8XuosiZ5X91VKRWTjIEpmO2Gwa.vRyxhS8ryIFGXQn5agQJgenclO','柜台BA', '2018-04-11 14:37:37.719', '2018-04-11 14:37:37.719'),
('33','GTBA15','$2a$08$6uWZX8COhs/kpUDmoEaxjezJ3yfZQ38FfQ9bUpZjtH32eHUOcAhKy','柜台BA', '2018-04-11 14:37:37.719', '2018-04-11 14:37:37.719'),
('34','GTBA16','$2a$08$rkBvqVjzrH2YGuFNKA6eKuV3gYpjZE9jGZs.IapicqcMYKUMMPaAS','柜台BA', '2018-04-11 14:37:37.719', '2018-04-11 14:37:37.719');

INSERT INTO PP
(id,name, createdAt, updatedAt)
VALUES
('1','PP1', '2018-04-11 14:37:37.719', '2018-04-11 14:37:37.719'),
('2','PP2', '2018-04-11 14:37:37.719', '2018-04-11 14:37:37.719'),
('3','PP3', '2018-04-11 14:37:37.719', '2018-04-11 14:37:37.719');

INSERT INTO PPJL_PP
(UserId,PPId, createdAt, updatedAt)
VALUES
('2','1', '2018-04-11 14:37:37.719', '2018-04-11 14:37:37.719'),
('3','2', '2018-04-11 14:37:37.719', '2018-04-11 14:37:37.719'),
('4','3', '2018-04-11 14:37:37.719', '2018-04-11 14:37:37.719');

INSERT INTO KFJL_PP
(UserId,PPId, createdAt, updatedAt)
VALUES
('6','1', '2018-04-11 14:37:37.719', '2018-04-11 14:37:37.719'),
('7','2', '2018-04-11 14:37:37.719', '2018-04-11 14:37:37.719'),
('8','3', '2018-04-11 14:37:37.719', '2018-04-11 14:37:37.719');

INSERT INTO GZ_PP
(UserId,PPId, createdAt, updatedAt)
VALUES
('10','1', '2018-04-11 14:37:37.719', '2018-04-11 14:37:37.719'),
('11','1', '2018-04-11 14:37:37.719', '2018-04-11 14:37:37.719'),
('12','2', '2018-04-11 14:37:37.719', '2018-04-11 14:37:37.719'),
('13','2', '2018-04-11 14:37:37.719', '2018-04-11 14:37:37.719');

INSERT INTO GT
(id,name,code,PPId,QY,GTBAUserId,GZUserId,CS, createdAt, updatedAt)
VALUES
('1','GT1','1','1','东区','14','10','上海', '2018-04-11 14:37:37.719', '2018-04-11 14:37:37.719'),
('2','GT2','2','1','东区','15','10','上海', '2018-04-11 14:37:37.719', '2018-04-11 14:37:37.719'),
('3','GT3','3','1','北区','16','11','北京', '2018-04-11 14:37:37.719', '2018-04-11 14:37:37.719'),
('4','GT4','4','1','北区','17','11','北京', '2018-04-11 14:37:37.719', '2018-04-11 14:37:37.719'),
('5','GT5','5','2','东区','18','12','广州', '2018-04-11 14:37:37.719', '2018-04-11 14:37:37.719'),
('6','GT6','6','2','东区','19','12','广州', '2018-04-11 14:37:37.719', '2018-04-11 14:37:37.719'),
('7','GT7','7','2','北区','20','13','深圳', '2018-04-11 14:37:37.719', '2018-04-11 14:37:37.719'),
('8','GT8','8','2','北区','21','13','深圳', '2018-04-11 14:37:37.719', '2018-04-11 14:37:37.719');

INSERT INTO GT
(id,name,code,PPId,QY,GTBAUserId,CS, createdAt, updatedAt)
VALUES
('9','GT9','9','1','东区','27','上海', '2018-04-11 14:37:37.719', '2018-04-11 14:37:37.719'),
('10','GT10','10','1','东区','28','上海', '2018-04-11 14:37:37.719', '2018-04-11 14:37:37.719'),
('11','GT11','11','1','北区','29','北京', '2018-04-11 14:37:37.719', '2018-04-11 14:37:37.719'),
('12','GT12','12','1','北区','30','北京', '2018-04-11 14:37:37.719', '2018-04-11 14:37:37.719'),
('13','GT13','13','2','东区','31','广州', '2018-04-11 14:37:37.719', '2018-04-11 14:37:37.719'),
('14','GT14','14','2','东区','32','广州', '2018-04-11 14:37:37.719', '2018-04-11 14:37:37.719'),
('15','GT15','15','2','北区','33','深圳', '2018-04-11 14:37:37.719', '2018-04-11 14:37:37.719'),
('16','GT16','16','2','北区','34','深圳', '2018-04-11 14:37:37.719', '2018-04-11 14:37:37.719');

INSERT INTO GYS
(id,Name,type, createdAt, updatedAt)
VALUES
('1','GYS1','生产', '2018-04-11 14:37:37.719', '2018-04-11 14:37:37.719'),
('2','GYS2','生产', '2018-04-11 14:37:37.719', '2018-04-11 14:37:37.719'),
('3','GYS3','中转', '2018-04-11 14:37:37.719', '2018-04-11 14:37:37.719'),
('4','GYS4','生产', '2018-04-11 14:37:37.719', '2018-04-11 14:37:37.719');

INSERT INTO GLY_GYS
(UserId,GYSId, createdAt, updatedAt)
VALUES
('22','1', '2018-04-11 14:37:37.719', '2018-04-11 14:37:37.719'),
('23','2', '2018-04-11 14:37:37.719', '2018-04-11 14:37:37.719');

INSERT INTO AZGS
(id,name, createdAt, updatedAt)
VALUES
('1','AZGS1', '2018-04-11 14:37:37.719', '2018-04-11 14:37:37.719'),
('2','AZGS2', '2018-04-11 14:37:37.719', '2018-04-11 14:37:37.719');

INSERT INTO GLY_AZGS
(UserId,AZGSId, createdAt, updatedAt)
VALUES
('25','1', '2018-04-11 14:37:37.719', '2018-04-11 14:37:37.719'),
('26','2', '2018-04-11 14:37:37.719', '2018-04-11 14:37:37.719');

INSERT INTO DP
(id,name,PPId,GYSId, createdAt, updatedAt)
VALUES
('1','DP1','1','1', '2018-04-11 14:37:37.719', '2018-04-11 14:37:37.719'),
('2','DP2','1','2', '2018-04-11 14:37:37.719', '2018-04-11 14:37:37.719'),
('3','DP3','1','1', '2018-04-11 14:37:37.719', '2018-04-11 14:37:37.719'),
('4','DP4','2','1', '2018-04-11 14:37:37.719', '2018-04-11 14:37:37.719'),
('5','DP5','2','2', '2018-04-11 14:37:37.719', '2018-04-11 14:37:37.719'),
('6','DP6','2','1', '2018-04-11 14:37:37.719', '2018-04-11 14:37:37.719');

INSERT INTO DW
(id,name,GTId,DPId, createdAt, updatedAt)
VALUES
('1','DW1','1','1', '2018-04-11 14:37:37.719', '2018-04-11 14:37:37.719'),
('2','DW2','1','2', '2018-04-11 14:37:37.719', '2018-04-11 14:37:37.719'),
('3','DW3','1','2', '2018-04-11 14:37:37.719', '2018-04-11 14:37:37.719'),
('4','DW1','2','1', '2018-04-11 14:37:37.719', '2018-04-11 14:37:37.719'),
('5','DW2','2','2', '2018-04-11 14:37:37.719', '2018-04-11 14:37:37.719'),
('6','DW4','2','3', '2018-04-11 14:37:37.719', '2018-04-11 14:37:37.719'),
('7','DW1','5','4', '2018-04-11 14:37:37.719', '2018-04-11 14:37:37.719'),
('8','DW2','5','5', '2018-04-11 14:37:37.719', '2018-04-11 14:37:37.719'),
('9','DW3','5','5', '2018-04-11 14:37:37.719', '2018-04-11 14:37:37.719'),
('10','DW1','6','4', '2018-04-11 14:37:37.719', '2018-04-11 14:37:37.719'),
('11','DW2','6','5', '2018-04-11 14:37:37.719', '2018-04-11 14:37:37.719'),
('12','DW5','6','6', '2018-04-11 14:37:37.719', '2018-04-11 14:37:37.719');

INSERT INTO FG
(id,name,PPId,note, createdAt, updatedAt)
VALUES
('1','FG1','1','NoteFG1', '2018-04-11 14:37:37.719', '2018-04-11 14:37:37.719'),
('2','FG2','1','NoteFG2', '2018-04-11 14:37:37.719', '2018-04-11 14:37:37.719'),
('3','FG3','1','NoteFG3', '2018-04-11 14:37:37.719', '2018-04-11 14:37:37.719'),
('4','FG4','2','NoteFG4', '2018-04-11 14:37:37.719', '2018-04-11 14:37:37.719'),
('5','FG5','2','NoteFG5', '2018-04-11 14:37:37.719', '2018-04-11 14:37:37.719'),
('6','FG6','2','NoteFG6', '2018-04-11 14:37:37.719', '2018-04-11 14:37:37.719');

INSERT INTO Tester
(id,name,PPId, createdAt, updatedAt)
VALUES
('1','Tester1','1', '2018-04-11 14:37:37.719', '2018-04-11 14:37:37.719'),
('2','Tester2','1', '2018-04-11 14:37:37.719', '2018-04-11 14:37:37.719'),
('3','Tester3','1', '2018-04-11 14:37:37.719', '2018-04-11 14:37:37.719'),
('4','Tester5','2', '2018-04-11 14:37:37.719', '2018-04-11 14:37:37.719'),
('5','Tester6','2', '2018-04-11 14:37:37.719', '2018-04-11 14:37:37.719'),
('6','Tester7','2', '2018-04-11 14:37:37.719', '2018-04-11 14:37:37.719');

INSERT INTO FG_Tester
(id,FGId,TesterId,PPId, createdAt, updatedAt)
VALUES
('1','1','1','1', '2018-04-11 14:37:37.719', '2018-04-11 14:37:37.719'),
('2','2','2','1', '2018-04-11 14:37:37.719', '2018-04-11 14:37:37.719'),
('3','2','3','1', '2018-04-11 14:37:37.719', '2018-04-11 14:37:37.719'),
('4','3','1','1', '2018-04-11 14:37:37.719', '2018-04-11 14:37:37.719'),
('5','4','4','2', '2018-04-11 14:37:37.719', '2018-04-11 14:37:37.719'),
('6','5','5','2', '2018-04-11 14:37:37.719', '2018-04-11 14:37:37.719'),
('7','5','6','2', '2018-04-11 14:37:37.719', '2018-04-11 14:37:37.719'),
('8','6','4','2', '2018-04-11 14:37:37.719', '2018-04-11 14:37:37.719');

INSERT INTO WL
(id,name,code,level,PPId,GYSId,imageUrl, createdAt, updatedAt)
VALUES
('1','WL3_1','1_3_1','3','1','1','UrlWL3_1', '2018-04-11 14:37:37.719', '2018-04-11 14:37:37.719'),
('2','WL3_2','1_3_2','3','1','1','UrlWL3_2', '2018-04-11 14:37:37.719', '2018-04-11 14:37:37.719'),
('3','WL3_3','1_3_3','3','1','2','UrlWL3_3', '2018-04-11 14:37:37.719', '2018-04-11 14:37:37.719'),
('4','WL3_4','1_3_4','3','1','2','UrlWL3_4', '2018-04-11 14:37:37.719', '2018-04-11 14:37:37.719'),
('5','WL2_1','1_2_1','2','1','1','UrlWL2_1', '2018-04-11 14:37:37.719', '2018-04-11 14:37:37.719'),
('6','WL2_2','1_2_2','2','1','1','UrlWL2_2', '2018-04-11 14:37:37.719', '2018-04-11 14:37:37.719'),
('7','WL2_3','1_2_3','2','1','1','UrlWL2_3', '2018-04-11 14:37:37.719', '2018-04-11 14:37:37.719'),
('8','WL2_4','1_2_4','2','1','2','UrlWL2_4', '2018-04-11 14:37:37.719', '2018-04-11 14:37:37.719'),
('9','WL2_5','1_2_5','2','1','2','UrlWL2_5', '2018-04-11 14:37:37.719', '2018-04-11 14:37:37.719'),
('10','WL2_6','1_2_6','2','1','2','UrlWL2_6', '2018-04-11 14:37:37.719', '2018-04-11 14:37:37.719'),
('11','WL1_1','1_1_1','1','1','1','UrlWL1_1', '2018-04-11 14:37:37.719', '2018-04-11 14:37:37.719'),
('12','WL1_2','1_1_2','1','1','1','UrlWL1_2', '2018-04-11 14:37:37.719', '2018-04-11 14:37:37.719'),
('13','WL1_3','1_1_3','1','1','1','UrlWL1_3', '2018-04-11 14:37:37.719', '2018-04-11 14:37:37.719'),
('14','WL1_4','1_1_4','1','1','2','UrlWL1_4', '2018-04-11 14:37:37.719', '2018-04-11 14:37:37.719'),
('15','WL1_5','1_1_5','1','1','2','UrlWL1_5', '2018-04-11 14:37:37.719', '2018-04-11 14:37:37.719'),
('16','WL1_6','1_1_6','1','1','2','UrlWL1_6', '2018-04-11 14:37:37.719', '2018-04-11 14:37:37.719'),
('17','WL3_1','2_3_1','3','2','1','UrlWL3_1', '2018-04-11 14:37:37.719', '2018-04-11 14:37:37.719'),
('18','WL3_2','2_3_2','3','2','1','UrlWL3_2', '2018-04-11 14:37:37.719', '2018-04-11 14:37:37.719'),
('19','WL3_3','2_3_3','3','2','2','UrlWL3_3', '2018-04-11 14:37:37.719', '2018-04-11 14:37:37.719'),
('20','WL3_4','2_3_4','3','2','2','UrlWL3_4', '2018-04-11 14:37:37.719', '2018-04-11 14:37:37.719'),
('21','WL2_1','2_2_1','2','2','1','UrlWL2_1', '2018-04-11 14:37:37.719', '2018-04-11 14:37:37.719'),
('22','WL2_2','2_2_2','2','2','1','UrlWL2_2', '2018-04-11 14:37:37.719', '2018-04-11 14:37:37.719'),
('23','WL2_3','2_2_3','2','2','1','UrlWL2_3', '2018-04-11 14:37:37.719', '2018-04-11 14:37:37.719'),
('24','WL2_4','2_2_4','2','2','2','UrlWL2_4', '2018-04-11 14:37:37.719', '2018-04-11 14:37:37.719'),
('25','WL2_5','2_2_5','2','2','2','UrlWL2_5', '2018-04-11 14:37:37.719', '2018-04-11 14:37:37.719'),
('26','WL2_6','2_2_6','2','2','2','UrlWL2_6', '2018-04-11 14:37:37.719', '2018-04-11 14:37:37.719'),
('27','WL1_1','2_1_1','1','2','1','UrlWL1_1', '2018-04-11 14:37:37.719', '2018-04-11 14:37:37.719'),
('28','WL1_2','2_1_2','1','2','1','UrlWL1_2', '2018-04-11 14:37:37.719', '2018-04-11 14:37:37.719'),
('29','WL1_3','2_1_3','1','2','1','UrlWL1_3', '2018-04-11 14:37:37.719', '2018-04-11 14:37:37.719'),
('30','WL1_4','2_1_4','1','2','2','UrlWL1_4', '2018-04-11 14:37:37.719', '2018-04-11 14:37:37.719'),
('31','WL1_5','2_1_5','1','2','2','UrlWL1_5', '2018-04-11 14:37:37.719', '2018-04-11 14:37:37.719'),
('32','WL1_6','2_1_6','1','2','2','UrlWL1_6', '2018-04-11 14:37:37.719', '2018-04-11 14:37:37.719'),
('33','WL3_5','1_3_5','3','1','1','UrlWL3_5', '2018-04-11 14:37:37.719', '2018-04-11 14:37:37.719'),
('34','WL3_6','1_3_6','3','1','1','UrlWL3_6', '2018-04-11 14:37:37.719', '2018-04-11 14:37:37.719'),
('35','WL3_7','1_3_7','3','1','1','UrlWL3_7', '2018-04-11 14:37:37.719', '2018-04-11 14:37:37.719'),
('36','WL3_8','1_3_8','3','1','1','UrlWL3_8', '2018-04-11 14:37:37.719', '2018-04-11 14:37:37.719'),
('37','WL2_7','1_2_7','2','1','1','UrlWL2_7', '2018-04-11 14:37:37.719', '2018-04-11 14:37:37.719'),
('38','WL2_8','1_2_8','2','1','1','UrlWL2_8', '2018-04-11 14:37:37.719', '2018-04-11 14:37:37.719'),
('39','WL2_9','1_2_9','2','1','1','UrlWL2_9', '2018-04-11 14:37:37.719', '2018-04-11 14:37:37.719'),
('40','WL2_10','1_2_10','2','1','1','UrlWL2_10', '2018-04-11 14:37:37.719', '2018-04-11 14:37:37.719'),
('41','WL2_11','1_2_11','2','1','1','UrlWL2_11', '2018-04-11 14:37:37.719', '2018-04-11 14:37:37.719'),
('42','WL2_12','1_2_12','2','1','1','UrlWL2_12', '2018-04-11 14:37:37.719', '2018-04-11 14:37:37.719'),
('43','WL1_7','1_1_7','1','1','1','UrlWL1_7', '2018-04-11 14:37:37.719', '2018-04-11 14:37:37.719'),
('44','WL1_8','1_1_8','1','1','1','UrlWL1_8', '2018-04-11 14:37:37.719', '2018-04-11 14:37:37.719'),
('45','WL1_9','1_1_9','1','1','1','UrlWL1_9', '2018-04-11 14:37:37.719', '2018-04-11 14:37:37.719'),
('46','WL1_10','1_1_10','1','1','1','UrlWL1_10', '2018-04-11 14:37:37.719', '2018-04-11 14:37:37.719'),
('47','WL1_11','1_1_11','1','1','1','UrlWL1_11', '2018-04-11 14:37:37.719', '2018-04-11 14:37:37.719'),
('48','WL1_12','1_1_12','1','1','1','UrlWL1_12', '2018-04-11 14:37:37.719', '2018-04-11 14:37:37.719'),
('49','WL3_5','2_3_5','3','2','2','UrlWL3_5', '2018-04-11 14:37:37.719', '2018-04-11 14:37:37.719'),
('50','WL3_6','2_3_6','3','2','2','UrlWL3_6', '2018-04-11 14:37:37.719', '2018-04-11 14:37:37.719'),
('51','WL3_7','2_3_7','3','2','2','UrlWL3_7', '2018-04-11 14:37:37.719', '2018-04-11 14:37:37.719'),
('52','WL3_8','2_3_8','3','2','2','UrlWL3_8', '2018-04-11 14:37:37.719', '2018-04-11 14:37:37.719'),
('53','WL2_7','2_2_7','2','2','2','UrlWL2_7', '2018-04-11 14:37:37.719', '2018-04-11 14:37:37.719'),
('54','WL2_8','2_2_8','2','2','2','UrlWL2_8', '2018-04-11 14:37:37.719', '2018-04-11 14:37:37.719'),
('55','WL2_9','2_2_9','2','2','2','UrlWL2_9', '2018-04-11 14:37:37.719', '2018-04-11 14:37:37.719'),
('56','WL2_10','2_2_10','2','2','2','UrlWL2_10', '2018-04-11 14:37:37.719', '2018-04-11 14:37:37.719'),
('57','WL2_11','2_2_11','2','2','2','UrlWL2_11', '2018-04-11 14:37:37.719', '2018-04-11 14:37:37.719'),
('58','WL2_12','2_2_12','2','2','2','UrlWL2_12', '2018-04-11 14:37:37.719', '2018-04-11 14:37:37.719'),
('59','WL1_7','2_1_7','1','2','2','UrlWL1_7', '2018-04-11 14:37:37.719', '2018-04-11 14:37:37.719'),
('60','WL1_8','2_1_8','1','2','2','UrlWL1_8', '2018-04-11 14:37:37.719', '2018-04-11 14:37:37.719'),
('61','WL1_9','2_1_9','1','2','2','UrlWL1_9', '2018-04-11 14:37:37.719', '2018-04-11 14:37:37.719'),
('62','WL1_10','2_1_10','1','2','2','UrlWL1_10', '2018-04-11 14:37:37.719', '2018-04-11 14:37:37.719'),
('63','WL1_11','2_1_11','1','2','2','UrlWL1_11', '2018-04-11 14:37:37.719', '2018-04-11 14:37:37.719'),
('64','WL1_12','2_1_12','1','2','2','UrlWL1_12', '2018-04-11 14:37:37.719', '2018-04-11 14:37:37.719');

INSERT INTO EJZH
(id,name,WLId,PPId,imageUrl, createdAt, updatedAt)
VALUES
('1','EJZH1','5','1','imageUrlEJZH1', '2018-04-11 14:37:37.719', '2018-04-11 14:37:37.719'),
('2','EJZH2','6','1','imageUrlEJZH2', '2018-04-11 14:37:37.719', '2018-04-11 14:37:37.719'),
('3','EJZH3','7','1','imageUrlEJZH3', '2018-04-11 14:37:37.719', '2018-04-11 14:37:37.719'),
('4','EJZH4','8','1','imageUrlEJZH4', '2018-04-11 14:37:37.719', '2018-04-11 14:37:37.719'),
('5','EJZH5','9','1','imageUrlEJZH5', '2018-04-11 14:37:37.719', '2018-04-11 14:37:37.719'),
('6','EJZH6','10','1','imageUrlEJZH6', '2018-04-11 14:37:37.719', '2018-04-11 14:37:37.719'),
('7','EJZH7','21','2','imageUrlEJZH7', '2018-04-11 14:37:37.719', '2018-04-11 14:37:37.719'),
('8','EJZH8','22','2','imageUrlEJZH8', '2018-04-11 14:37:37.719', '2018-04-11 14:37:37.719'),
('9','EJZH9','23','2','imageUrlEJZH9', '2018-04-11 14:37:37.719', '2018-04-11 14:37:37.719'),
('10','EJZH10','24','2','imageUrlEJZH10', '2018-04-11 14:37:37.719', '2018-04-11 14:37:37.719'),
('11','EJZH11','25','2','imageUrlEJZH11', '2018-04-11 14:37:37.719', '2018-04-11 14:37:37.719'),
('12','EJZH12','26','2','imageUrlEJZH12', '2018-04-11 14:37:37.719', '2018-04-11 14:37:37.719'),
('13','EJZH13','37','1','imageUrlEJZH13', '2018-04-11 14:37:37.719', '2018-04-11 14:37:37.719'),
('14','EJZH14','38','1','imageUrlEJZH14', '2018-04-11 14:37:37.719', '2018-04-11 14:37:37.719'),
('15','EJZH15','39','1','imageUrlEJZH15', '2018-04-11 14:37:37.719', '2018-04-11 14:37:37.719'),
('16','EJZH16','40','1','imageUrlEJZH16', '2018-04-11 14:37:37.719', '2018-04-11 14:37:37.719'),
('17','EJZH17','41','1','imageUrlEJZH17', '2018-04-11 14:37:37.719', '2018-04-11 14:37:37.719'),
('18','EJZH18','42','1','imageUrlEJZH18', '2018-04-11 14:37:37.719', '2018-04-11 14:37:37.719'),
('19','EJZH19','53','2','imageUrlEJZH19', '2018-04-11 14:37:37.719', '2018-04-11 14:37:37.719'),
('20','EJZH20','54','2','imageUrlEJZH20', '2018-04-11 14:37:37.719', '2018-04-11 14:37:37.719'),
('21','EJZH21','55','2','imageUrlEJZH21', '2018-04-11 14:37:37.719', '2018-04-11 14:37:37.719'),
('22','EJZH22','56','2','imageUrlEJZH22', '2018-04-11 14:37:37.719', '2018-04-11 14:37:37.719'),
('23','EJZH23','57','2','imageUrlEJZH23', '2018-04-11 14:37:37.719', '2018-04-11 14:37:37.719'),
('24','EJZH24','58','2','imageUrlEJZH24', '2018-04-11 14:37:37.719', '2018-04-11 14:37:37.719');

INSERT INTO EJZH_FGTester
(EJZHId,FGTesterId,number, createdAt, updatedAt)
VALUES
('1','1','2', '2018-04-11 14:37:37.719', '2018-04-11 14:37:37.719'),
('2','2','2', '2018-04-11 14:37:37.719', '2018-04-11 14:37:37.719'),
('2','3','2', '2018-04-11 14:37:37.719', '2018-04-11 14:37:37.719'),
('3','1','2', '2018-04-11 14:37:37.719', '2018-04-11 14:37:37.719'),
('7','5','2', '2018-04-11 14:37:37.719', '2018-04-11 14:37:37.719'),
('8','6','2', '2018-04-11 14:37:37.719', '2018-04-11 14:37:37.719'),
('8','7','2', '2018-04-11 14:37:37.719', '2018-04-11 14:37:37.719'),
('9','5','2', '2018-04-11 14:37:37.719', '2018-04-11 14:37:37.719');

INSERT INTO EJZH_SJWL
(EJZHId,WLId,number, createdAt, updatedAt)
VALUES
('2','1','2', '2018-04-11 14:37:37.719', '2018-04-11 14:37:37.719'),
('3','2','2', '2018-04-11 14:37:37.719', '2018-04-11 14:37:37.719'),
('3','3','2', '2018-04-11 14:37:37.719', '2018-04-11 14:37:37.719'),
('4','1','2', '2018-04-11 14:37:37.719', '2018-04-11 14:37:37.719'),
('5','4','2', '2018-04-11 14:37:37.719', '2018-04-11 14:37:37.719'),
('8','17','2', '2018-04-11 14:37:37.719', '2018-04-11 14:37:37.719'),
('9','18','2', '2018-04-11 14:37:37.719', '2018-04-11 14:37:37.719'),
('9','19','2', '2018-04-11 14:37:37.719', '2018-04-11 14:37:37.719'),
('10','17','2', '2018-04-11 14:37:37.719', '2018-04-11 14:37:37.719'),
('11','20','2', '2018-04-11 14:37:37.719', '2018-04-11 14:37:37.719');

INSERT INTO YJZH
(id,name,WLId,PPId,imageUrl, createdAt, updatedAt)
VALUES
('1','YJZH1','11','1','imageUrlYJZH1', '2018-04-11 14:37:37.719', '2018-04-11 14:37:37.719'),
('2','YJZH2','12','1','imageUrlYJZH2', '2018-04-11 14:37:37.719', '2018-04-11 14:37:37.719'),
('3','YJZH3','13','1','imageUrlYJZH3', '2018-04-11 14:37:37.719', '2018-04-11 14:37:37.719'),
('4','YJZH4','14','1','imageUrlYJZH4', '2018-04-11 14:37:37.719', '2018-04-11 14:37:37.719'),
('5','YJZH5','15','1','imageUrlYJZH5', '2018-04-11 14:37:37.719', '2018-04-11 14:37:37.719'),
('6','YJZH6','16','1','imageUrlYJZH6', '2018-04-11 14:37:37.719', '2018-04-11 14:37:37.719'),
('7','YJZH7','27','2','imageUrlYJZH7', '2018-04-11 14:37:37.719', '2018-04-11 14:37:37.719'),
('8','YJZH8','28','2','imageUrlYJZH8', '2018-04-11 14:37:37.719', '2018-04-11 14:37:37.719'),
('9','YJZH9','29','2','imageUrlYJZH9', '2018-04-11 14:37:37.719', '2018-04-11 14:37:37.719'),
('10','YJZH10','30','2','imageUrlYJZH10', '2018-04-11 14:37:37.719', '2018-04-11 14:37:37.719'),
('11','YJZH11','31','2','imageUrlYJZH11', '2018-04-11 14:37:37.719', '2018-04-11 14:37:37.719'),
('12','YJZH12','32','2','imageUrlYJZH12', '2018-04-11 14:37:37.719', '2018-04-11 14:37:37.719'),
('13','YJZH13','43','1','imageUrlYJZH13', '2018-04-11 14:37:37.719', '2018-04-11 14:37:37.719'),
('14','YJZH14','44','1','imageUrlYJZH14', '2018-04-11 14:37:37.719', '2018-04-11 14:37:37.719'),
('15','YJZH15','45','1','imageUrlYJZH15', '2018-04-11 14:37:37.719', '2018-04-11 14:37:37.719'),
('16','YJZH16','46','1','imageUrlYJZH16', '2018-04-11 14:37:37.719', '2018-04-11 14:37:37.719'),
('17','YJZH17','47','1','imageUrlYJZH17', '2018-04-11 14:37:37.719', '2018-04-11 14:37:37.719'),
('18','YJZH18','48','1','imageUrlYJZH18', '2018-04-11 14:37:37.719', '2018-04-11 14:37:37.719'),
('19','YJZH19','59','2','imageUrlYJZH19', '2018-04-11 14:37:37.719', '2018-04-11 14:37:37.719'),
('20','YJZH20','60','2','imageUrlYJZH20', '2018-04-11 14:37:37.719', '2018-04-11 14:37:37.719'),
('21','YJZH21','61','2','imageUrlYJZH21', '2018-04-11 14:37:37.719', '2018-04-11 14:37:37.719'),
('22','YJZH22','62','2','imageUrlYJZH22', '2018-04-11 14:37:37.719', '2018-04-11 14:37:37.719'),
('23','YJZH23','63','2','imageUrlYJZH23', '2018-04-11 14:37:37.719', '2018-04-11 14:37:37.719'),
('24','YJZH24','64','2','imageUrlYJZH24', '2018-04-11 14:37:37.719', '2018-04-11 14:37:37.719');

INSERT INTO YJZH_EJZH
(YJZHId,EJZHId,number, createdAt, updatedAt)
VALUES
('1','1','2', '2018-04-11 14:37:37.719', '2018-04-11 14:37:37.719'),
('2','2','2', '2018-04-11 14:37:37.719', '2018-04-11 14:37:37.719'),
('2','3','2', '2018-04-11 14:37:37.719', '2018-04-11 14:37:37.719'),
('3','1','2', '2018-04-11 14:37:37.719', '2018-04-11 14:37:37.719'),
('4','4','2', '2018-04-11 14:37:37.719', '2018-04-11 14:37:37.719'),
('5','6','2', '2018-04-11 14:37:37.719', '2018-04-11 14:37:37.719'),
('7','7','2', '2018-04-11 14:37:37.719', '2018-04-11 14:37:37.719'),
('8','8','2', '2018-04-11 14:37:37.719', '2018-04-11 14:37:37.719'),
('8','9','2', '2018-04-11 14:37:37.719', '2018-04-11 14:37:37.719'),
('9','7','2', '2018-04-11 14:37:37.719', '2018-04-11 14:37:37.719'),
('10','10','2', '2018-04-11 14:37:37.719', '2018-04-11 14:37:37.719'),
('11','12','2', '2018-04-11 14:37:37.719', '2018-04-11 14:37:37.719');

INSERT INTO GT_YJZH
(GTId,YJZHId,number, createdAt, updatedAt)
VALUES
('1','1','2', '2018-04-11 14:37:37.719', '2018-04-11 14:37:37.719'),
('2','2','2', '2018-04-11 14:37:37.719', '2018-04-11 14:37:37.719'),
('2','3','2', '2018-04-11 14:37:37.719', '2018-04-11 14:37:37.719'),
('3','1','2', '2018-04-11 14:37:37.719', '2018-04-11 14:37:37.719'),
('4','4','2', '2018-04-11 14:37:37.719', '2018-04-11 14:37:37.719'),
('4','5','2', '2018-04-11 14:37:37.719', '2018-04-11 14:37:37.719'),
('4','6','2', '2018-04-11 14:37:37.719', '2018-04-11 14:37:37.719'),
('5','7','2', '2018-04-11 14:37:37.719', '2018-04-11 14:37:37.719'),
('6','8','2', '2018-04-11 14:37:37.719', '2018-04-11 14:37:37.719'),
('6','9','2', '2018-04-11 14:37:37.719', '2018-04-11 14:37:37.719'),
('7','7','2', '2018-04-11 14:37:37.719', '2018-04-11 14:37:37.719'),
('8','10','2', '2018-04-11 14:37:37.719', '2018-04-11 14:37:37.719'),
('8','11','2', '2018-04-11 14:37:37.719', '2018-04-11 14:37:37.719');

INSERT INTO YJZHXGT
(id,imageUrl,YJZHId, createdAt, updatedAt)
VALUES
('1','YJZH1Url1','1', '2018-04-11 14:37:37.719', '2018-04-11 14:37:37.719'),
('2','YJZH2Url1','2', '2018-04-11 14:37:37.719', '2018-04-11 14:37:37.719'),
('3','YJZH2Url2','2', '2018-04-11 14:37:37.719', '2018-04-11 14:37:37.719'),
('4','YJZH4Url1','4', '2018-04-11 14:37:37.719', '2018-04-11 14:37:37.719'),
('5','YJZH5Url1','5', '2018-04-11 14:37:37.719', '2018-04-11 14:37:37.719'),
('6','YJZH5Url2','5', '2018-04-11 14:37:37.719', '2018-04-11 14:37:37.719');

INSERT INTO EJZHXGT
(id,imageUrl,EJZHId, createdAt, updatedAt)
VALUES
('1','EJZH1Url1','1', '2018-04-11 14:37:37.719', '2018-04-11 14:37:37.719'),
('2','EJZH2Url1','2', '2018-04-11 14:37:37.719', '2018-04-11 14:37:37.719'),
('3','EJZH2Url2','2', '2018-04-11 14:37:37.719', '2018-04-11 14:37:37.719'),
('4','EJZH4Url1','4', '2018-04-11 14:37:37.719', '2018-04-11 14:37:37.719'),
('5','EJZH5Url1','5', '2018-04-11 14:37:37.719', '2018-04-11 14:37:37.719'),
('6','EJZH5Url2','5', '2018-04-11 14:37:37.719', '2018-04-11 14:37:37.719');
