
INSERT INTO PP
(id,name, createdAt, updatedAt)
VALUES
('1','PP1_C', '2018-04-25 16:37:27.818', '2018-04-25 16:37:27.818'),
('2','PP2', '2018-04-25 16:37:27.818', '2018-04-25 16:37:27.818'),
('3','PP3', '2018-04-25 16:37:27.818', '2018-04-25 16:37:27.818');

INSERT INTO GYS
(id,name,type, createdAt, updatedAt)
VALUES
('1','GYS1','生产', '2018-04-25 16:37:27.818', '2018-04-25 16:37:27.818'),
('2','GYS2','生产', '2018-04-25 16:37:27.818', '2018-04-25 16:37:27.818'),
('3','GYS3','生产', '2018-04-25 16:37:27.818', '2018-04-25 16:37:27.818'),
('4','GYS4','生产', '2018-04-25 16:37:27.818', '2018-04-25 16:37:27.818'),
('5','GYS5','生产', '2018-04-25 16:37:27.818', '2018-04-25 16:37:27.818'),
('6','GYS6','中转', '2018-04-25 16:37:27.818', '2018-04-25 16:37:27.818');

INSERT INTO AZGS
(id,name, createdAt, updatedAt)
VALUES
('1','AZGS1', '2018-04-25 16:37:27.818', '2018-04-25 16:37:27.818'),
('2','AZGS2', '2018-04-25 16:37:27.818', '2018-04-25 16:37:27.818'),
('3','AZGS3', '2018-04-25 16:37:27.818', '2018-04-25 16:37:27.818'),
('4','AZGS4', '2018-04-25 16:37:27.818', '2018-04-25 16:37:27.818'),
('5','AZGS5', '2018-04-25 16:37:27.818', '2018-04-25 16:37:27.818'),
('6','AZGS6', '2018-04-25 16:37:27.818', '2018-04-25 16:37:27.818');

INSERT INTO User
(id,JS,username,password, createdAt, updatedAt)
VALUES
('1','系统管理员','admin','$2a$08$OXKkwIx86cXbhNHUOoaIJu5adG2kiz2WMh6ky80D2o3n9RUlUyrNy', '2018-04-25 16:37:27.818', '2018-04-25 16:37:27.818'),
('2','品牌经理','PPJL1','$2a$08$7cAS2g7bFJC8xb80pb5.Uu1CiHa0zx/8lZeycI1Neib5M.0QnbuQy', '2018-04-25 16:37:27.818', '2018-04-25 16:37:27.818'),
('3','品牌经理','PPJL2','$2a$08$v.dqJ.IFgPvL7yBnP9TX9O0uul8wtzVrtbtBoPJOHNeabzloLbI6C', '2018-04-25 16:37:27.818', '2018-04-25 16:37:27.818'),
('4','客服经理','KFJL1','$2a$08$M/Jw4xknIjfF6Ut0rUlQnOO/vA7KnpAOY5nYIFCOCBSllb3/LsqTC', '2018-04-25 16:37:27.818', '2018-04-25 16:37:27.818'),
('5','客服经理','KFJL2','$2a$08$XA4qVI1rQ2l8MsXtUajUSO60KxM9C5ElgzjNJI0vadQrsC..VKFvC', '2018-04-25 16:37:27.818', '2018-04-25 16:37:27.818'),
('6','柜长','GZ1','$2a$08$w4ea1IjAi44PGZs52V6mPuqPUM1EgxeEcT71FB9.8q2jYLczxHo6u', '2018-04-25 16:37:27.818', '2018-04-25 16:37:27.818'),
('7','柜长','GZ2','$2a$08$o9CGVkSTgUSUijR937wen.XJ9.abJeLb5OafTxr3JZHX2oMcdjKCi', '2018-04-25 16:37:27.818', '2018-04-25 16:37:27.818'),
('8','柜长','GZ3','$2a$08$.gYl5r2nNsFsUWQSfhqcPOSRXBdbnJvuTwtwWuvG6qEx4PTJ1blT6', '2018-04-25 16:37:27.818', '2018-04-25 16:37:27.818'),
('9','柜长','GZ4','$2a$08$TOoH9KvGv0gfr2XlB/0cx.9ceMIAQxTPVlJiFOAG9kU6QfhvP4p/.', '2018-04-25 16:37:27.818', '2018-04-25 16:37:27.818'),
('10','柜长','GZ5','$2a$08$pB.fw5SUFwGIOZSKpn2knuURf/6m1yPtyWr/O/5Bgn.mCtj0EAvOW', '2018-04-25 16:37:27.818', '2018-04-25 16:37:27.818'),
('11','柜长','GZ6','$2a$08$Nchl4OoQycMd32okqwwhbO.Ma3F1ZVDnNHFJ/BT1/owqFTWuwgm0.', '2018-04-25 16:37:27.818', '2018-04-25 16:37:27.818'),
('12','柜长','GZ7','$2a$08$vSjs/v7duoMtbD8oAW7WzOxUDYoEWH43YmIBat6Y4iGkg8vop1fSO', '2018-04-25 16:37:27.818', '2018-04-25 16:37:27.818'),
('13','柜长','GZ8','$2a$08$AqGSUuyXw6x3SmI2ha20oekKQTw9q3SNGl7.zfSVEMD7sWq8.5wbi', '2018-04-25 16:37:27.818', '2018-04-25 16:37:27.818'),
('14','柜台BA','GT1BA','$2a$08$BdxBtTH8bpZgKulAp78tLe1gdMHJEzCWLc1jBnCEz9RfhLPBMqvB6', '2018-04-25 16:37:27.818', '2018-04-25 16:37:27.818'),
('15','柜台BA','GT2BA','$2a$08$9k8NVi5TGr.bxrzTWz8FxORm/mk.nSvGVv5G2k8CAza9S.mF9kHsO', '2018-04-25 16:37:27.818', '2018-04-25 16:37:27.818'),
('16','柜台BA','GT3BA','$2a$08$ElTAstKBnvqA3wrNOHYWFu89FBSdpJkkGFuKZ1AhGYfBZjiU/6VDm', '2018-04-25 16:37:27.818', '2018-04-25 16:37:27.818'),
('17','柜台BA','GT4BA','$2a$08$0vxYh5lwqkfloqE3tKl5FuUCtVkcHCbpVh8pAYbTVF.z/5vQZlSqi', '2018-04-25 16:37:27.818', '2018-04-25 16:37:27.818'),
('18','柜台BA','GT5BA','$2a$08$Gka4bECLdQ/VnghXg1JqLuNvvRV/UoyoE75acpOqGqG3XnWfBdDCG', '2018-04-25 16:37:27.818', '2018-04-25 16:37:27.818'),
('19','柜台BA','GT6BA','$2a$08$5AoIkf7/YT98qjLnRqRCq.0OgBtJ6SBGpwO77RMARnhEABtVMKeSy', '2018-04-25 16:37:27.818', '2018-04-25 16:37:27.818'),
('20','柜台BA','GT7BA','$2a$08$HV6ryx0G9Ja1RjFG4yEzyuC/J6oPQXZjxEcw4C6hXTIluniUfH75a', '2018-04-25 16:37:27.818', '2018-04-25 16:37:27.818'),
('21','柜台BA','GT8BA','$2a$08$mWr0/rseRMSLRPjc.CZtruXrDzLo9rtyDbJhauNTU1On0I7jDYHGK', '2018-04-25 16:37:27.818', '2018-04-25 16:37:27.818'),
('22','供应商管理员','GYSGLY1','$2a$08$GSw5dm3fjrKokp1OKqBCx.Ti0fIsRJodtKxs/7DlJfO4WUZiYl56u', '2018-04-25 16:37:27.818', '2018-04-25 16:37:27.818'),
('23','供应商管理员','GYSGLY2','$2a$08$Q77rpnhJMnQDhBrgXVc23ex3/9czjdIL/2gcCfhiGjFzdBa7F0FPm', '2018-04-25 16:37:27.818', '2018-04-25 16:37:27.818'),
('24','供应商管理员','GYSGLY3','$2a$08$9JueZnuOBxmY7wrWpHl7HOf5LfrWPhpuxLFw4OlDne9zGs2fvcDHy', '2018-04-25 16:37:27.818', '2018-04-25 16:37:27.818'),
('25','供应商管理员','GYSGLY4','$2a$08$Bhj5lBPdHd/JiT68vCWY1Oo/QEHphHxcjQW6vDPhEQBG23q/YtLWe', '2018-04-25 16:37:27.818', '2018-04-25 16:37:27.818'),
('26','供应商管理员','GYSGLY5','$2a$08$6Rs.a7.g3Y8o5SlFMjdhv.xUwbXj7uhoI4BvXPYLWVr7NkmYqWPdC', '2018-04-25 16:37:27.818', '2018-04-25 16:37:27.818'),
('27','供应商管理员','GYSGLY6','$2a$08$0lkxB5S2vhur88REktjAzeOqkqtYQKyLM2pWYmDCV4Fm.LygN1rkS', '2018-04-25 16:37:27.818', '2018-04-25 16:37:27.818'),
('28','安装公司管理员','AZGSGLY1','$2a$08$gup9pbApdeUs1WYdEWABieYHbSx.ne5T6kYJx1PhloM3363WxrSe6', '2018-04-25 16:37:27.818', '2018-04-25 16:37:27.818'),
('29','安装公司管理员','AZGSGLY2','$2a$08$6vnbR.qltV8mOkFbA5q2KukRa1WCPkr/WpZQI2zCfAPOH4MIGX4v6', '2018-04-25 16:37:27.818', '2018-04-25 16:37:27.818'),
('30','安装公司管理员','AZGSGLY3','$2a$08$zRFInFjbbZnwrYxZ2wVD2elyLOORM7dg5fCPZiNjN5yh3UoXrzx8C', '2018-04-25 16:37:27.818', '2018-04-25 16:37:27.818'),
('31','安装公司管理员','AZGSGLY4','$2a$08$5sPVOrE3gx4Vs9oQ47dda.131/y/yndmqpEkEZXjhphA3Rya6QlLe', '2018-04-25 16:37:27.818', '2018-04-25 16:37:27.818'),
('32','安装公司管理员','AZGSGLY5','$2a$08$0FAW.DiZ.PEZ.8VyCwGXOuFaet1XsIQ/tEeuxBYBscdop.STyXA3W', '2018-04-25 16:37:27.818', '2018-04-25 16:37:27.818'),
('33','安装公司管理员','AZGSGLY6','$2a$08$qBNr/5khi5a1fuwQYFNl0urjnkngPZUjJkRwu5sLzVOlxcgLrfj36', '2018-04-25 16:37:27.818', '2018-04-25 16:37:27.818'),
('34','装货员','ZHY1','$2a$08$zJFVNcxLpsJf4lbZwp74IunylfsYGRHPv7sbsbHAUDVTDIhpgcXLO', '2018-04-25 16:37:27.818', '2018-04-25 16:37:27.818'),
('35','装货员','ZHY2','$2a$08$toRA8uukcxUiUgxsuD5eX.ZJV6ww//y/JisD0jCThCGCtG7ADzt0.', '2018-04-25 16:37:27.818', '2018-04-25 16:37:27.818'),
('36','装货员','ZHY3','$2a$08$xrrG/.Asr5n7x8qlmiN3xOosSSFdykpIouzi/.dHs0Dqwe1WgME3C', '2018-04-25 16:37:27.818', '2018-04-25 16:37:27.818'),
('37','装货员','ZHY4','$2a$08$nau/tx0Qw4GKQCpPUF2cTuZynayCjyfUYMcCKeydP/Q8Ahht4dqLK', '2018-04-25 16:37:27.818', '2018-04-25 16:37:27.818'),
('38','装货员','ZHY5','$2a$08$LKNLGRhZsQojwv93ccI28OUSK7YVjbt3NPcx5UvX9j16Ul2vkFeFu', '2018-04-25 16:37:27.818', '2018-04-25 16:37:27.818'),
('39','装货员','ZHY6','$2a$08$68xW3UEI8CNV/utqGFt8wO2JRLvQRrTODEyGvbCLvf9Dmz3twLwkm', '2018-04-25 16:37:27.818', '2018-04-25 16:37:27.818'),
('40','安装工','AZG1','$2a$08$ECVYAzYfn9t5dPAD8XrZtu95.qUAGoK/rd/qTH2awDcxigUUmEezW', '2018-04-25 16:37:27.818', '2018-04-25 16:37:27.818'),
('41','安装工','AZG2','$2a$08$zeecKeJOQUwbEXD4yf4jxej9abcyDLQXbNrKpVsPI4i.jSkCl1esG', '2018-04-25 16:37:27.818', '2018-04-25 16:37:27.818'),
('42','安装工','AZG3','$2a$08$8pbJPgBp9vum5n3aEfR0deEsV6oPVoVeA50pUhJyC9pXRYHOEPo4e', '2018-04-25 16:37:27.818', '2018-04-25 16:37:27.818'),
('43','安装工','AZG4','$2a$08$RQox7r6bfVZ6t7xlc0MrT.BKulkKwlDK1EecYL2p8vUA1DFvs/WT2', '2018-04-25 16:37:27.818', '2018-04-25 16:37:27.818'),
('44','安装工','AZG5','$2a$08$6OBnpqH4pUuSdjyZZ/vwNOUVlebZypVfic.X0RsxzDtalg0l7ssx.', '2018-04-25 16:37:27.818', '2018-04-25 16:37:27.818'),
('45','安装工','AZG6','$2a$08$f48MBjrYeaJ8cYbnCkQGROETMeiM3dQjyl6JGA1pGpcNLmyAl/oia', '2018-04-25 16:37:27.818', '2018-04-25 16:37:27.818');

INSERT INTO PPJL_PP
(UserId,PPId, createdAt, updatedAt)
VALUES
('2','1', '2018-04-25 16:37:27.818', '2018-04-25 16:37:27.818'),
('3','2', '2018-04-25 16:37:27.818', '2018-04-25 16:37:27.818');

INSERT INTO KFJL_PP
(UserId,PPId, createdAt, updatedAt)
VALUES
('4','1', '2018-04-25 16:37:27.818', '2018-04-25 16:37:27.818'),
('5','2', '2018-04-25 16:37:27.818', '2018-04-25 16:37:27.818');

INSERT INTO GLY_AZGS
(UserId,AZGSId, createdAt, updatedAt)
VALUES
('28','1', '2018-04-25 16:37:27.818', '2018-04-25 16:37:27.818'),
('29','2', '2018-04-25 16:37:27.818', '2018-04-25 16:37:27.818'),
('30','3', '2018-04-25 16:37:27.818', '2018-04-25 16:37:27.818'),
('31','4', '2018-04-25 16:37:27.818', '2018-04-25 16:37:27.818'),
('32','5', '2018-04-25 16:37:27.818', '2018-04-25 16:37:27.818'),
('33','6', '2018-04-25 16:37:27.818', '2018-04-25 16:37:27.818');

INSERT INTO GLY_GYS
(UserId,GYSId, createdAt, updatedAt)
VALUES
('22','1', '2018-04-25 16:37:27.818', '2018-04-25 16:37:27.818'),
('23','2', '2018-04-25 16:37:27.818', '2018-04-25 16:37:27.818'),
('24','3', '2018-04-25 16:37:27.818', '2018-04-25 16:37:27.818'),
('25','4', '2018-04-25 16:37:27.818', '2018-04-25 16:37:27.818'),
('26','5', '2018-04-25 16:37:27.818', '2018-04-25 16:37:27.818'),
('27','6', '2018-04-25 16:37:27.818', '2018-04-25 16:37:27.818');

INSERT INTO GZ_PP
(UserId,PPId, createdAt, updatedAt)
VALUES
('6','1', '2018-04-25 16:37:27.818', '2018-04-25 16:37:27.818'),
('7','1', '2018-04-25 16:37:27.818', '2018-04-25 16:37:27.818'),
('8','1', '2018-04-25 16:37:27.818', '2018-04-25 16:37:27.818'),
('9','1', '2018-04-25 16:37:27.818', '2018-04-25 16:37:27.818'),
('10','1', '2018-04-25 16:37:27.818', '2018-04-25 16:37:27.818'),
('11','1', '2018-04-25 16:37:27.818', '2018-04-25 16:37:27.818'),
('12','2', '2018-04-25 16:37:27.818', '2018-04-25 16:37:27.818'),
('13','2', '2018-04-25 16:37:27.818', '2018-04-25 16:37:27.818');

INSERT INTO ZHY_GYS
(UserId,GYSId, createdAt, updatedAt)
VALUES
('34','1', '2018-04-25 16:37:27.818', '2018-04-25 16:37:27.818'),
('35','1', '2018-04-25 16:37:27.818', '2018-04-25 16:37:27.818'),
('36','2', '2018-04-25 16:37:27.818', '2018-04-25 16:37:27.818'),
('37','2', '2018-04-25 16:37:27.818', '2018-04-25 16:37:27.818'),
('38','3', '2018-04-25 16:37:27.818', '2018-04-25 16:37:27.818'),
('39','3', '2018-04-25 16:37:27.818', '2018-04-25 16:37:27.818');

INSERT INTO AZG_AZGS
(UserId,AZGSId, createdAt, updatedAt)
VALUES
('40','1', '2018-04-25 16:37:27.818', '2018-04-25 16:37:27.818'),
('41','1', '2018-04-25 16:37:27.818', '2018-04-25 16:37:27.818'),
('42','1', '2018-04-25 16:37:27.818', '2018-04-25 16:37:27.818'),
('43','2', '2018-04-25 16:37:27.818', '2018-04-25 16:37:27.818'),
('44','2', '2018-04-25 16:37:27.818', '2018-04-25 16:37:27.818'),
('45','2', '2018-04-25 16:37:27.818', '2018-04-25 16:37:27.818');

INSERT INTO GT
(id,name,code,PPId,QY,GTBAUserId,GZUserId,CS, createdAt, updatedAt)
VALUES
('1','GT1','GT1Code','1','东区','14','6','上海', '2018-04-25 16:37:27.818', '2018-04-25 16:37:27.818'),
('2','GT2','GT2Code','1','东区','15','6','上海', '2018-04-25 16:37:27.818', '2018-04-25 16:37:27.818'),
('3','GT3','GT3Code','1','北区','16','7','北京', '2018-04-25 16:37:27.818', '2018-04-25 16:37:27.818'),
('4','GT4','GT4Code','1','北区','17','7','北京', '2018-04-25 16:37:27.818', '2018-04-25 16:37:27.818'),
('5','GT5','GT5Code','1','南区','18','8','广州', '2018-04-25 16:37:27.818', '2018-04-25 16:37:27.818'),
('6','GT6','GT6Code','1','南区','19','8','广州', '2018-04-25 16:37:27.818', '2018-04-25 16:37:27.818'),
('7','GT7','GT7Code','2','东区','20','12','上海', '2018-04-25 16:37:27.818', '2018-04-25 16:37:27.818'),
('8','GT8','GT8Code','2','东区','21','13','上海', '2018-04-25 16:37:27.818', '2018-04-25 16:37:27.818');

INSERT INTO DP
(id,name,PPId,GYSId, createdAt, updatedAt)
VALUES
('1','DP1','1','1', '2018-04-25 16:37:27.818', '2018-04-25 16:37:27.818'),
('2','DP2','1','1', '2018-04-25 16:37:27.818', '2018-04-25 16:37:27.818'),
('3','DP3','1','2', '2018-04-25 16:37:27.818', '2018-04-25 16:37:27.818'),
('4','DP4','1','2', '2018-04-25 16:37:27.818', '2018-04-25 16:37:27.818'),
('5','DP5','2','1', '2018-04-25 16:37:27.818', '2018-04-25 16:37:27.818'),
('6','DP6','2','1', '2018-04-25 16:37:27.818', '2018-04-25 16:37:27.818'),
('7','DP7','2','2', '2018-04-25 16:37:27.818', '2018-04-25 16:37:27.818'),
('8','DP8','2','2', '2018-04-25 16:37:27.818', '2018-04-25 16:37:27.818');

INSERT INTO DW
(id,name,GTId,DPId, createdAt, updatedAt)
VALUES
('1','DW1','1','1', '2018-04-25 16:37:27.818', '2018-04-25 16:37:27.818'),
('2','DW2','1','1', '2018-04-25 16:37:27.818', '2018-04-25 16:37:27.818'),
('3','DW3','1','2', '2018-04-25 16:37:27.818', '2018-04-25 16:37:27.818'),
('4','DW4','2','1', '2018-04-25 16:37:27.818', '2018-04-25 16:37:27.818'),
('5','DW5','2','2', '2018-04-25 16:37:27.818', '2018-04-25 16:37:27.818'),
('6','DW6','2','2', '2018-04-25 16:37:27.818', '2018-04-25 16:37:27.818'),
('7','DW7','7','5', '2018-04-25 16:37:27.818', '2018-04-25 16:37:27.818'),
('8','DW8','7','6', '2018-04-25 16:37:27.818', '2018-04-25 16:37:27.818'),
('9','DW9','8','7', '2018-04-25 16:37:27.818', '2018-04-25 16:37:27.818'),
('10','DW10','8','8', '2018-04-25 16:37:27.818', '2018-04-25 16:37:27.818');

INSERT INTO FG
(id,name,PPId,note, createdAt, updatedAt)
VALUES
('1','FG1','1','FG1Note', '2018-04-25 16:37:27.818', '2018-04-25 16:37:27.818'),
('2','FG2','1','FG2Note', '2018-04-25 16:37:27.818', '2018-04-25 16:37:27.818'),
('3','FG3','1','FG3Note', '2018-04-25 16:37:27.818', '2018-04-25 16:37:27.818'),
('4','FG4','1','FG4Note', '2018-04-25 16:37:27.818', '2018-04-25 16:37:27.818'),
('5','FG5','2','FG5Note', '2018-04-25 16:37:27.818', '2018-04-25 16:37:27.818'),
('6','FG6','2','FG6Note', '2018-04-25 16:37:27.818', '2018-04-25 16:37:27.818');

INSERT INTO Tester
(id,name,PPId, createdAt, updatedAt)
VALUES
('1','Tester1','1', '2018-04-25 16:37:27.818', '2018-04-25 16:37:27.818'),
('2','Tester2','1', '2018-04-25 16:37:27.818', '2018-04-25 16:37:27.818'),
('3','Tester3','1', '2018-04-25 16:37:27.818', '2018-04-25 16:37:27.818'),
('4','Tester4','1', '2018-04-25 16:37:27.818', '2018-04-25 16:37:27.818'),
('5','Tester5','2', '2018-04-25 16:37:27.818', '2018-04-25 16:37:27.818'),
('6','Tester6','2', '2018-04-25 16:37:27.818', '2018-04-25 16:37:27.818');

INSERT INTO FG_Tester
(id,FGId,TesterId,PPId, createdAt, updatedAt)
VALUES
('1','1','1','1', '2018-04-25 16:37:27.818', '2018-04-25 16:37:27.818'),
('2','1','2','1', '2018-04-25 16:37:27.818', '2018-04-25 16:37:27.818'),
('3','1','3','1', '2018-04-25 16:37:27.818', '2018-04-25 16:37:27.818'),
('4','1','4','1', '2018-04-25 16:37:27.818', '2018-04-25 16:37:27.818'),
('5','2','1','1', '2018-04-25 16:37:27.818', '2018-04-25 16:37:27.818'),
('6','2','2','1', '2018-04-25 16:37:27.818', '2018-04-25 16:37:27.818'),
('7','5','5','2', '2018-04-25 16:37:27.818', '2018-04-25 16:37:27.818'),
('8','5','6','2', '2018-04-25 16:37:27.818', '2018-04-25 16:37:27.818'),
('9','6','5','2', '2018-04-25 16:37:27.818', '2018-04-25 16:37:27.818'),
('10','6','6','2', '2018-04-25 16:37:27.818', '2018-04-25 16:37:27.818');

INSERT INTO WL
(id,name,code,level,PPId,GYSId, createdAt, updatedAt)
VALUES
('1','WL1_1','WL1_1Code','1','1','1', '2018-04-25 16:37:27.818', '2018-04-25 16:37:27.818'),
('2','WL1_2','WL1_2Code','1','1','1', '2018-04-25 16:37:27.818', '2018-04-25 16:37:27.818'),
('3','WL1_3','WL1_3Code','1','1','2', '2018-04-25 16:37:27.818', '2018-04-25 16:37:27.818'),
('4','WL1_4','WL1_4Code','1','1','2', '2018-04-25 16:37:27.818', '2018-04-25 16:37:27.818'),
('5','WL1_5','WL1_5Code','1','1','3', '2018-04-25 16:37:27.818', '2018-04-25 16:37:27.818'),
('6','WL1_6','WL1_6Code','1','1','3', '2018-04-25 16:37:27.818', '2018-04-25 16:37:27.818'),
('7','WL2_1','WL2_1Code','2','1','1', '2018-04-25 16:37:27.818', '2018-04-25 16:37:27.818'),
('8','WL2_2','WL2_2Code','2','1','1', '2018-04-25 16:37:27.818', '2018-04-25 16:37:27.818'),
('9','WL2_3','WL2_3Code','2','1','2', '2018-04-25 16:37:27.818', '2018-04-25 16:37:27.818'),
('10','WL2_4','WL2_4Code','2','1','2', '2018-04-25 16:37:27.818', '2018-04-25 16:37:27.818'),
('11','WL2_5','WL2_5Code','2','1','3', '2018-04-25 16:37:27.818', '2018-04-25 16:37:27.818'),
('12','WL2_6','WL2_6Code','2','1','3', '2018-04-25 16:37:27.818', '2018-04-25 16:37:27.818'),
('13','WL3_1','WL3_1Code','3','1','1', '2018-04-25 16:37:27.818', '2018-04-25 16:37:27.818'),
('14','WL3_2','WL3_2Code','3','1','1', '2018-04-25 16:37:27.818', '2018-04-25 16:37:27.818'),
('15','WL3_3','WL3_3Code','3','1','2', '2018-04-25 16:37:27.818', '2018-04-25 16:37:27.818'),
('16','WL3_4','WL3_4Code','3','1','2', '2018-04-25 16:37:27.818', '2018-04-25 16:37:27.818'),
('17','WL3_5','WL3_5Code','3','1','3', '2018-04-25 16:37:27.818', '2018-04-25 16:37:27.818'),
('18','WL3_6','WL3_6Code','3','1','3', '2018-04-25 16:37:27.818', '2018-04-25 16:37:27.818'),
('19','WL4_1','WL4_1Code','1','2','1', '2018-04-25 16:37:27.818', '2018-04-25 16:37:27.818'),
('20','WL4_2','WL4_2Code','1','2','1', '2018-04-25 16:37:27.818', '2018-04-25 16:37:27.818'),
('21','WL4_3','WL4_3Code','1','2','2', '2018-04-25 16:37:27.818', '2018-04-25 16:37:27.818'),
('22','WL4_4','WL4_4Code','1','2','2', '2018-04-25 16:37:27.818', '2018-04-25 16:37:27.818'),
('23','WL4_5','WL4_5Code','1','2','3', '2018-04-25 16:37:27.818', '2018-04-25 16:37:27.818'),
('24','WL4_6','WL4_6Code','1','2','3', '2018-04-25 16:37:27.818', '2018-04-25 16:37:27.818'),
('25','WL5_1','WL5_1Code','2','2','1', '2018-04-25 16:37:27.818', '2018-04-25 16:37:27.818'),
('26','WL5_2','WL5_2Code','2','2','1', '2018-04-25 16:37:27.818', '2018-04-25 16:37:27.818'),
('27','WL5_3','WL5_3Code','2','2','2', '2018-04-25 16:37:27.818', '2018-04-25 16:37:27.818'),
('28','WL5_4','WL5_4Code','2','2','2', '2018-04-25 16:37:27.818', '2018-04-25 16:37:27.818'),
('29','WL5_5','WL5_5Code','2','2','3', '2018-04-25 16:37:27.818', '2018-04-25 16:37:27.818'),
('30','WL5_6','WL5_6Code','2','2','3', '2018-04-25 16:37:27.818', '2018-04-25 16:37:27.818'),
('31','WL6_1','WL6_1Code','3','2','1', '2018-04-25 16:37:27.818', '2018-04-25 16:37:27.818'),
('32','WL6_2','WL6_2Code','3','2','1', '2018-04-25 16:37:27.818', '2018-04-25 16:37:27.818'),
('33','WL6_3','WL6_3Code','3','2','2', '2018-04-25 16:37:27.818', '2018-04-25 16:37:27.818'),
('34','WL6_4','WL6_4Code','3','2','2', '2018-04-25 16:37:27.818', '2018-04-25 16:37:27.818'),
('35','WL6_5','WL6_5Code','3','2','3', '2018-04-25 16:37:27.818', '2018-04-25 16:37:27.818'),
('36','WL6_6','WL6_6Code','3','2','3', '2018-04-25 16:37:27.818', '2018-04-25 16:37:27.818');

INSERT INTO EJZH
(id,name,WLId,PPId,imageUrl, createdAt, updatedAt)
VALUES
('1','EJZH1','7','1','imageUrl1', '2018-04-25 16:37:27.818', '2018-04-25 16:37:27.818'),
('2','EJZH2','7','1','imageUrl2', '2018-04-25 16:37:27.818', '2018-04-25 16:37:27.818'),
('3','EJZH3','9','1','imageUrl3', '2018-04-25 16:37:27.818', '2018-04-25 16:37:27.818'),
('4','EJZH4','25','2','imageUrl4', '2018-04-25 16:37:27.818', '2018-04-25 16:37:27.818'),
('5','EJZH5','26','2','imageUrl5', '2018-04-25 16:37:27.818', '2018-04-25 16:37:27.818'),
('6','EJZH6','27','2','imageUrl6', '2018-04-25 16:37:27.818', '2018-04-25 16:37:27.818');

INSERT INTO EJZH_FGTester
(EJZHId,FGTesterId,number, createdAt, updatedAt)
VALUES
('1','1','1', '2018-04-25 16:37:27.818', '2018-04-25 16:37:27.818'),
('1','2','2', '2018-04-25 16:37:27.818', '2018-04-25 16:37:27.818'),
('1','3','3', '2018-04-25 16:37:27.818', '2018-04-25 16:37:27.818'),
('1','4','1', '2018-04-25 16:37:27.818', '2018-04-25 16:37:27.818'),
('1','5','2', '2018-04-25 16:37:27.818', '2018-04-25 16:37:27.818'),
('1','6','3', '2018-04-25 16:37:27.818', '2018-04-25 16:37:27.818'),
('4','7','1', '2018-04-25 16:37:27.818', '2018-04-25 16:37:27.818'),
('4','8','2', '2018-04-25 16:37:27.818', '2018-04-25 16:37:27.818'),
('4','9','3', '2018-04-25 16:37:27.818', '2018-04-25 16:37:27.818'),
('4','10','4', '2018-04-25 16:37:27.818', '2018-04-25 16:37:27.818');

INSERT INTO EJZH_SJWL
(EJZHId,WLId,number, createdAt, updatedAt)
VALUES
('1','13','1', '2018-04-25 16:37:27.818', '2018-04-25 16:37:27.818'),
('1','14','2', '2018-04-25 16:37:27.818', '2018-04-25 16:37:27.818'),
('1','15','3', '2018-04-25 16:37:27.818', '2018-04-25 16:37:27.818'),
('1','16','1', '2018-04-25 16:37:27.818', '2018-04-25 16:37:27.818'),
('1','17','2', '2018-04-25 16:37:27.818', '2018-04-25 16:37:27.818'),
('1','18','3', '2018-04-25 16:37:27.818', '2018-04-25 16:37:27.818'),
('2','13','2', '2018-04-25 16:37:27.818', '2018-04-25 16:37:27.818'),
('2','14','3', '2018-04-25 16:37:27.818', '2018-04-25 16:37:27.818'),
('4','31','1', '2018-04-25 16:37:27.818', '2018-04-25 16:37:27.818'),
('4','32','2', '2018-04-25 16:37:27.818', '2018-04-25 16:37:27.818'),
('4','33','3', '2018-04-25 16:37:27.818', '2018-04-25 16:37:27.818'),
('4','34','4', '2018-04-25 16:37:27.818', '2018-04-25 16:37:27.818');

INSERT INTO YJZH
(id,name,WLId,PPId,imageUrl, createdAt, updatedAt)
VALUES
('1','YJZH1','1','1','imageUrl1', '2018-04-25 16:37:27.818', '2018-04-25 16:37:27.818'),
('2','YJZH2','2','1','imageUrl2', '2018-04-25 16:37:27.818', '2018-04-25 16:37:27.818'),
('3','YJZH3','1','2','imageUrl3', '2018-04-25 16:37:27.818', '2018-04-25 16:37:27.818'),
('4','YJZH4','19','2','imageUrl4', '2018-04-25 16:37:27.818', '2018-04-25 16:37:27.818'),
('5','YJZH5','20','2','imageUrl5', '2018-04-25 16:37:27.818', '2018-04-25 16:37:27.818');

INSERT INTO YJZH_EJZH
(YJZHId,EJZHId,number, createdAt, updatedAt)
VALUES
('1','1','1', '2018-04-25 16:37:27.818', '2018-04-25 16:37:27.818'),
('1','2','2', '2018-04-25 16:37:27.818', '2018-04-25 16:37:27.818'),
('1','3','3', '2018-04-25 16:37:27.818', '2018-04-25 16:37:27.818'),
('2','3','3', '2018-04-25 16:37:27.818', '2018-04-25 16:37:27.818'),
('2','2','2', '2018-04-25 16:37:27.818', '2018-04-25 16:37:27.818'),
('2','1','1', '2018-04-25 16:37:27.818', '2018-04-25 16:37:27.818'),
('4','4','1', '2018-04-25 16:37:27.818', '2018-04-25 16:37:27.818'),
('4','5','2', '2018-04-25 16:37:27.818', '2018-04-25 16:37:27.818'),
('4','6','3', '2018-04-25 16:37:27.818', '2018-04-25 16:37:27.818'),
('5','6','3', '2018-04-25 16:37:27.818', '2018-04-25 16:37:27.818'),
('5','5','2', '2018-04-25 16:37:27.818', '2018-04-25 16:37:27.818'),
('5','4','1', '2018-04-25 16:37:27.818', '2018-04-25 16:37:27.818');

INSERT INTO GT_YJZH
(GTId,YJZHId,number, createdAt, updatedAt)
VALUES
('1','1','2', '2018-04-25 16:37:27.818', '2018-04-25 16:37:27.818'),
('1','2','3', '2018-04-25 16:37:27.818', '2018-04-25 16:37:27.818'),
('1','3','2', '2018-04-25 16:37:27.818', '2018-04-25 16:37:27.818'),
('2','1','3', '2018-04-25 16:37:27.818', '2018-04-25 16:37:27.818'),
('3','2','3', '2018-04-25 16:37:27.818', '2018-04-25 16:37:27.818'),
('4','1','2', '2018-04-25 16:37:27.818', '2018-04-25 16:37:27.818'),
('5','2','1', '2018-04-25 16:37:27.818', '2018-04-25 16:37:27.818'),
('6','1','1', '2018-04-25 16:37:27.818', '2018-04-25 16:37:27.818'),
('7','4','2', '2018-04-25 16:37:27.818', '2018-04-25 16:37:27.818'),
('8','5','3', '2018-04-25 16:37:27.818', '2018-04-25 16:37:27.818');

INSERT INTO YJZHXGT
(id,imageUrl,YJZHId, createdAt, updatedAt)
VALUES
('1','YJZH_XGT1','1', '2018-04-25 16:37:27.818', '2018-04-25 16:37:27.818'),
('2','YJZH_XGT2','1', '2018-04-25 16:37:27.818', '2018-04-25 16:37:27.818'),
('3','YJZH_XGT3','2', '2018-04-25 16:37:27.818', '2018-04-25 16:37:27.818'),
('4','YJZH_XGT4','2', '2018-04-25 16:37:27.818', '2018-04-25 16:37:27.818'),
('5','YJZH_XGT5','3', '2018-04-25 16:37:27.818', '2018-04-25 16:37:27.818'),
('6','YJZH_XGT6','3', '2018-04-25 16:37:27.818', '2018-04-25 16:37:27.818'),
('7','YJZH_XGT7','4', '2018-04-25 16:37:27.818', '2018-04-25 16:37:27.818'),
('8','YJZH_XGT8','4', '2018-04-25 16:37:27.818', '2018-04-25 16:37:27.818');

INSERT INTO EJZHXGT
(id,imageUrl,EJZHId, createdAt, updatedAt)
VALUES
('1','EJZH_XGT1','1', '2018-04-25 16:37:27.818', '2018-04-25 16:37:27.818'),
('2','EJZH_XGT2','1', '2018-04-25 16:37:27.818', '2018-04-25 16:37:27.818'),
('3','EJZH_XGT3','2', '2018-04-25 16:37:27.818', '2018-04-25 16:37:27.818'),
('4','EJZH_XGT4','2', '2018-04-25 16:37:27.818', '2018-04-25 16:37:27.818'),
('5','EJZH_XGT5','3', '2018-04-25 16:37:27.818', '2018-04-25 16:37:27.818'),
('6','EJZH_XGT6','3', '2018-04-25 16:37:27.818', '2018-04-25 16:37:27.818'),
('7','EJZH_XGT7','4', '2018-04-25 16:37:27.818', '2018-04-25 16:37:27.818'),
('8','EJZH_XGT8','4', '2018-04-25 16:37:27.818', '2018-04-25 16:37:27.818');
