
INSERT INTO User
(Id,username,password,JS, createdAt, updatedAt)
VALUES
('1','admin','$2a$08$0bKw4pzMlxqqmcHt.bq.kuRaF23RJBeaJvvlyl5dPyc4kSTHPcJCa','系统管理员', '2018-04-11 15:23:19.988', '2018-04-11 15:23:19.988'),
('2','PPJL1','$2a$08$i53cXSa8OLYCG8svuCLoSuIA7wJpSyPb5h6vlCJjhFfCsGQ34fNua','品牌经理', '2018-04-11 15:23:19.988', '2018-04-11 15:23:19.988'),
('3','PPJL2','$2a$08$7B8PEqzBQ8U6PX7YCruPr.N6UZgRJrE3UCSMn/r6SPDhlIC/pdQwi','品牌经理', '2018-04-11 15:23:19.988', '2018-04-11 15:23:19.988'),
('4','PPJL3','$2a$08$CPlD.ya30TG9diJuggyjn.cZmnkeVNypfVR7m3QdkDPQumTnJPAQq','品牌经理', '2018-04-11 15:23:19.988', '2018-04-11 15:23:19.988'),
('5','PPJL4','$2a$08$bEggwKbYxw.R/PhQ5iIuKOfX8u91p9n2ujDxTcmz0K1RJamRLqUIG','品牌经理', '2018-04-11 15:23:19.988', '2018-04-11 15:23:19.988'),
('6','KFJL1','$2a$08$PX81jwXqnoKdMdKlLmg7P.0WXNPlisgzi9uI2FbM9S.KGWK3j3L2m','客服经理', '2018-04-11 15:23:19.988', '2018-04-11 15:23:19.988'),
('7','KFJL2','$2a$08$hZLqoNr7qYkRKCq/D//AYuIMXSm2EoAcfo3NyhmUZAmXagoz40QT.','客服经理', '2018-04-11 15:23:19.988', '2018-04-11 15:23:19.988'),
('8','KFJL3','$2a$08$Gt57Dqt7kk88cpdSSYzHiud7LXQSlDUggV5hRQCZmKDTNyaqvmHwW','客服经理', '2018-04-11 15:23:19.988', '2018-04-11 15:23:19.988'),
('9','KFJL4','$2a$08$qcDxOmva1uBSpFYXWZY7hejmryyUIzlpGqtEsJmtnkyMsf/xIGilm','客服经理', '2018-04-11 15:23:19.988', '2018-04-11 15:23:19.988'),
('10','GZ1','$2a$08$iHDFQlo3csmfe75FlypDRuDp2bG/h3nstLP/WLfeoNFgbCpSsV5lS','柜长', '2018-04-11 15:23:19.988', '2018-04-11 15:23:19.988'),
('11','GZ2','$2a$08$eI4fObvyJIiOUNfIM1ei9.WqVqkBLy3KXpKQe8SafS12BmpaccDf6','柜长', '2018-04-11 15:23:19.988', '2018-04-11 15:23:19.988'),
('12','GZ3','$2a$08$rOkx2UqTKToILZbITrEmkOS4uoEuFnPoeNJqCRZniAhn5XrZujmxS','柜长', '2018-04-11 15:23:19.988', '2018-04-11 15:23:19.988'),
('13','GZ4','$2a$08$i0CmXw8hfX5lFysivns2KOfPXUs4xvqSF6PCSj9WtEQzIK2QIUjIy','柜长', '2018-04-11 15:23:19.988', '2018-04-11 15:23:19.988'),
('14','GTBA1','$2a$08$ua7Jh9YlZ0wPnBvADBt/OuX/q0XshQI1Dwy2G3r06L4PnMRzxvvyu','柜台BA', '2018-04-11 15:23:19.988', '2018-04-11 15:23:19.988'),
('15','GTBA2','$2a$08$vvNJ56YEV5.p9m9EiwABGu0.iBzOkfUtBCD9QHeNb7LT9otebfkaC','柜台BA', '2018-04-11 15:23:19.988', '2018-04-11 15:23:19.988'),
('16','GTBA3','$2a$08$ha/mTx6TM1gov3TN9GVIteIQDlmXDn1zDkhnsku05D4WeHz85bMbu','柜台BA', '2018-04-11 15:23:19.988', '2018-04-11 15:23:19.988'),
('17','GTBA4','$2a$08$TXgaJlWWCe72NhNHYm894ubn/zzCHgVhDfKfRViWR0s.Y9MjVSbUi','柜台BA', '2018-04-11 15:23:19.988', '2018-04-11 15:23:19.988'),
('18','GTBA5','$2a$08$bDVz9gQD1u4vKNrOb/gKQuTGebUlrCYDebU2sSbx5.LqCG.V8tqz2','柜台BA', '2018-04-11 15:23:19.988', '2018-04-11 15:23:19.988'),
('19','GTBA6','$2a$08$QSLoKT1BM9G4O0IeYBxq2eof3IXYlPb9X2m6MQsnt3Z9un8VUvM2y','柜台BA', '2018-04-11 15:23:19.988', '2018-04-11 15:23:19.988'),
('20','GTBA7','$2a$08$M5mI1oaNQWAju3B9xLZJKOrD4dBlmOgA1r71PWVBCIQI2VX83ZXKG','柜台BA', '2018-04-11 15:23:19.988', '2018-04-11 15:23:19.988'),
('21','GTBA8','$2a$08$ol4XYuJYzKhUHwxiFCoSP.i4a5DWV7wJOpQDciBxyDW75PrLULvOu','柜台BA', '2018-04-11 15:23:19.988', '2018-04-11 15:23:19.988'),
('22','GYSGLY1','$2a$08$mkaZ6lqQe/Tsco6O5Wi/1.9m5mvQuHcdh3RGIeqSJ/lesCy0DEsfC','供应商管理员', '2018-04-11 15:23:19.988', '2018-04-11 15:23:19.988'),
('23','GYSGLY2','$2a$08$r0RAALShGVp/3/KedImcaufDMNFoYscdkkJdopo8gCV0oSaOn.Qf.','供应商管理员', '2018-04-11 15:23:19.988', '2018-04-11 15:23:19.988'),
('24','GYSGLY3','$2a$08$yinZ8PvYJeaXnDjgQu9MrucmGwg6wghOVVVV/vUjJqUdAlFMCwV.q','供应商管理员', '2018-04-11 15:23:19.988', '2018-04-11 15:23:19.988'),
('25','AZGSGLY1','$2a$08$Kz9M54PAaR..BHBYLxUyo.S./atA345cKmc6U1NCXRj97l2XH4UL6','安装公司管理员', '2018-04-11 15:23:19.988', '2018-04-11 15:23:19.988'),
('26','AZGSGLY2','$2a$08$BrJFD8tOdv7oQzQE1xPZGOqGACslTSnzuKfnP/d9DlAvzpZDy/kAy','安装公司管理员', '2018-04-11 15:23:19.988', '2018-04-11 15:23:19.988'),
('27','GTBA9','$2a$08$ARatZXydc3AwE9yQ3p05Q.XJcXz2GDk9.cSnUjR3mIe65XXD247qK','柜台BA', '2018-04-11 15:23:19.988', '2018-04-11 15:23:19.988'),
('28','GTBA10','$2a$08$fMJjXDF94qxdQQwJgwCAM.6sEki8QSbb8IBFZ2vXMtYhmJc/aCOPm','柜台BA', '2018-04-11 15:23:19.988', '2018-04-11 15:23:19.988'),
('29','GTBA11','$2a$08$bXJ0C4GMFKhswEwMCRHeS.luokKoIyQk5V/fEFEP37JgkUB/eAAc.','柜台BA', '2018-04-11 15:23:19.988', '2018-04-11 15:23:19.988'),
('30','GTBA12','$2a$08$MYiE9aBAsvN4otbrqM74yOsBgs.GecUJHIOCUNsZYN77/kDGXYoGa','柜台BA', '2018-04-11 15:23:19.988', '2018-04-11 15:23:19.988'),
('31','GTBA13','$2a$08$M9IYIkr4s6kTy1Nj5qvm6uc3B6WbCx1VZSwB4z77uwXfVeZqSeyXG','柜台BA', '2018-04-11 15:23:19.988', '2018-04-11 15:23:19.988'),
('32','GTBA14','$2a$08$K.MIo2qnceYHxdEwFuUDUOWQB9jdhvaxlUoH/TgeONjwkK7qgiBJK','柜台BA', '2018-04-11 15:23:19.988', '2018-04-11 15:23:19.988'),
('33','GTBA15','$2a$08$DeKV9Ea/M7tgr6hr4.dGKOEoQ6znxtlaMIKehceeJjbLOIRCNIzsq','柜台BA', '2018-04-11 15:23:19.988', '2018-04-11 15:23:19.988'),
('34','GTBA16','$2a$08$PyBqaRJTKusT/M7Gn0DtC.mn4WH5G8MFRkSzH2aDWelR9RW4KJXBy','柜台BA', '2018-04-11 15:23:19.988', '2018-04-11 15:23:19.988');

INSERT INTO PP
(id,name, createdAt, updatedAt)
VALUES
('1','PP1', '2018-04-11 15:23:19.988', '2018-04-11 15:23:19.988'),
('2','PP2', '2018-04-11 15:23:19.988', '2018-04-11 15:23:19.988'),
('3','PP3', '2018-04-11 15:23:19.988', '2018-04-11 15:23:19.988');

INSERT INTO PPJL_PP
(UserId,PPId, createdAt, updatedAt)
VALUES
('2','1', '2018-04-11 15:23:19.988', '2018-04-11 15:23:19.988'),
('3','2', '2018-04-11 15:23:19.988', '2018-04-11 15:23:19.988'),
('4','3', '2018-04-11 15:23:19.988', '2018-04-11 15:23:19.988');

INSERT INTO KFJL_PP
(UserId,PPId, createdAt, updatedAt)
VALUES
('6','1', '2018-04-11 15:23:19.988', '2018-04-11 15:23:19.988'),
('7','2', '2018-04-11 15:23:19.988', '2018-04-11 15:23:19.988'),
('8','3', '2018-04-11 15:23:19.988', '2018-04-11 15:23:19.988');

INSERT INTO GZ_PP
(UserId,PPId, createdAt, updatedAt)
VALUES
('10','1', '2018-04-11 15:23:19.988', '2018-04-11 15:23:19.988'),
('11','1', '2018-04-11 15:23:19.988', '2018-04-11 15:23:19.988'),
('12','2', '2018-04-11 15:23:19.988', '2018-04-11 15:23:19.988'),
('13','2', '2018-04-11 15:23:19.988', '2018-04-11 15:23:19.988');

INSERT INTO GT
(id,name,code,PPId,QY,GTBAUserId,GZUserId,CS, createdAt, updatedAt)
VALUES
('1','GT1','1','1','东区','14','10','上海', '2018-04-11 15:23:19.988', '2018-04-11 15:23:19.988'),
('2','GT2','2','1','东区','15','10','上海', '2018-04-11 15:23:19.988', '2018-04-11 15:23:19.988'),
('3','GT3','3','1','北区','16','11','北京', '2018-04-11 15:23:19.988', '2018-04-11 15:23:19.988'),
('4','GT4','4','1','北区','17','11','北京', '2018-04-11 15:23:19.988', '2018-04-11 15:23:19.988'),
('5','GT5','5','2','东区','18','12','广州', '2018-04-11 15:23:19.988', '2018-04-11 15:23:19.988'),
('6','GT6','6','2','东区','19','12','广州', '2018-04-11 15:23:19.988', '2018-04-11 15:23:19.988'),
('7','GT7','7','2','北区','20','13','深圳', '2018-04-11 15:23:19.988', '2018-04-11 15:23:19.988'),
('8','GT8','8','2','北区','21','13','深圳', '2018-04-11 15:23:19.988', '2018-04-11 15:23:19.988');

INSERT INTO GT
(id,name,code,PPId,QY,GTBAUserId,CS, createdAt, updatedAt)
VALUES
('9','GT9','9','1','东区','27','上海', '2018-04-11 15:23:19.988', '2018-04-11 15:23:19.988'),
('10','GT10','10','1','东区','28','上海', '2018-04-11 15:23:19.988', '2018-04-11 15:23:19.988'),
('11','GT11','11','1','北区','29','北京', '2018-04-11 15:23:19.988', '2018-04-11 15:23:19.988'),
('12','GT12','12','1','北区','30','北京', '2018-04-11 15:23:19.988', '2018-04-11 15:23:19.988'),
('13','GT13','13','2','东区','31','广州', '2018-04-11 15:23:19.988', '2018-04-11 15:23:19.988'),
('14','GT14','14','2','东区','32','广州', '2018-04-11 15:23:19.988', '2018-04-11 15:23:19.988'),
('15','GT15','15','2','北区','33','深圳', '2018-04-11 15:23:19.988', '2018-04-11 15:23:19.988'),
('16','GT16','16','2','北区','34','深圳', '2018-04-11 15:23:19.988', '2018-04-11 15:23:19.988');

INSERT INTO GYS
(id,Name,type, createdAt, updatedAt)
VALUES
('1','GYS1','生产', '2018-04-11 15:23:19.988', '2018-04-11 15:23:19.988'),
('2','GYS2','生产', '2018-04-11 15:23:19.988', '2018-04-11 15:23:19.988'),
('3','GYS3','中转', '2018-04-11 15:23:19.988', '2018-04-11 15:23:19.988'),
('4','GYS4','生产', '2018-04-11 15:23:19.988', '2018-04-11 15:23:19.988');

INSERT INTO GLY_GYS
(UserId,GYSId, createdAt, updatedAt)
VALUES
('22','1', '2018-04-11 15:23:19.988', '2018-04-11 15:23:19.988'),
('23','2', '2018-04-11 15:23:19.988', '2018-04-11 15:23:19.988');

INSERT INTO AZGS
(id,name, createdAt, updatedAt)
VALUES
('1','AZGS1', '2018-04-11 15:23:19.988', '2018-04-11 15:23:19.988'),
('2','AZGS2', '2018-04-11 15:23:19.988', '2018-04-11 15:23:19.988');

INSERT INTO GLY_AZGS
(UserId,AZGSId, createdAt, updatedAt)
VALUES
('25','1', '2018-04-11 15:23:19.988', '2018-04-11 15:23:19.988'),
('26','2', '2018-04-11 15:23:19.988', '2018-04-11 15:23:19.988');

INSERT INTO DP
(id,name,PPId,GYSId, createdAt, updatedAt)
VALUES
('1','DP1','1','1', '2018-04-11 15:23:19.988', '2018-04-11 15:23:19.988'),
('2','DP2','1','2', '2018-04-11 15:23:19.988', '2018-04-11 15:23:19.988'),
('3','DP3','1','1', '2018-04-11 15:23:19.988', '2018-04-11 15:23:19.988'),
('4','DP4','2','1', '2018-04-11 15:23:19.988', '2018-04-11 15:23:19.988'),
('5','DP5','2','2', '2018-04-11 15:23:19.988', '2018-04-11 15:23:19.988'),
('6','DP6','2','1', '2018-04-11 15:23:19.988', '2018-04-11 15:23:19.988');

INSERT INTO DW
(id,name,GTId,DPId, createdAt, updatedAt)
VALUES
('1','DW1','1','1', '2018-04-11 15:23:19.988', '2018-04-11 15:23:19.988'),
('2','DW2','1','2', '2018-04-11 15:23:19.988', '2018-04-11 15:23:19.988'),
('3','DW3','1','2', '2018-04-11 15:23:19.988', '2018-04-11 15:23:19.988'),
('4','DW1','2','1', '2018-04-11 15:23:19.988', '2018-04-11 15:23:19.988'),
('5','DW2','2','2', '2018-04-11 15:23:19.988', '2018-04-11 15:23:19.988'),
('6','DW4','2','3', '2018-04-11 15:23:19.988', '2018-04-11 15:23:19.988'),
('7','DW1','5','4', '2018-04-11 15:23:19.988', '2018-04-11 15:23:19.988'),
('8','DW2','5','5', '2018-04-11 15:23:19.988', '2018-04-11 15:23:19.988'),
('9','DW3','5','5', '2018-04-11 15:23:19.988', '2018-04-11 15:23:19.988'),
('10','DW1','6','4', '2018-04-11 15:23:19.988', '2018-04-11 15:23:19.988'),
('11','DW2','6','5', '2018-04-11 15:23:19.988', '2018-04-11 15:23:19.988'),
('12','DW5','6','6', '2018-04-11 15:23:19.988', '2018-04-11 15:23:19.988');

INSERT INTO FG
(id,name,PPId,note, createdAt, updatedAt)
VALUES
('1','FG1','1','NoteFG1', '2018-04-11 15:23:19.988', '2018-04-11 15:23:19.988'),
('2','FG2','1','NoteFG2', '2018-04-11 15:23:19.988', '2018-04-11 15:23:19.988'),
('3','FG3','1','NoteFG3', '2018-04-11 15:23:19.988', '2018-04-11 15:23:19.988'),
('4','FG4','2','NoteFG4', '2018-04-11 15:23:19.988', '2018-04-11 15:23:19.988'),
('5','FG5','2','NoteFG5', '2018-04-11 15:23:19.988', '2018-04-11 15:23:19.988'),
('6','FG6','2','NoteFG6', '2018-04-11 15:23:19.988', '2018-04-11 15:23:19.988');

INSERT INTO Tester
(id,name,PPId, createdAt, updatedAt)
VALUES
('1','Tester1','1', '2018-04-11 15:23:19.988', '2018-04-11 15:23:19.988'),
('2','Tester2','1', '2018-04-11 15:23:19.988', '2018-04-11 15:23:19.988'),
('3','Tester3','1', '2018-04-11 15:23:19.988', '2018-04-11 15:23:19.988'),
('4','Tester5','2', '2018-04-11 15:23:19.988', '2018-04-11 15:23:19.988'),
('5','Tester6','2', '2018-04-11 15:23:19.988', '2018-04-11 15:23:19.988'),
('6','Tester7','2', '2018-04-11 15:23:19.988', '2018-04-11 15:23:19.988');

INSERT INTO FG_Tester
(id,FGId,TesterId,PPId, createdAt, updatedAt)
VALUES
('1','1','1','1', '2018-04-11 15:23:19.988', '2018-04-11 15:23:19.988'),
('2','2','2','1', '2018-04-11 15:23:19.988', '2018-04-11 15:23:19.988'),
('3','2','3','1', '2018-04-11 15:23:19.988', '2018-04-11 15:23:19.988'),
('4','3','1','1', '2018-04-11 15:23:19.988', '2018-04-11 15:23:19.988'),
('5','4','4','2', '2018-04-11 15:23:19.988', '2018-04-11 15:23:19.988'),
('6','5','5','2', '2018-04-11 15:23:19.988', '2018-04-11 15:23:19.988'),
('7','5','6','2', '2018-04-11 15:23:19.988', '2018-04-11 15:23:19.988'),
('8','6','4','2', '2018-04-11 15:23:19.988', '2018-04-11 15:23:19.988');

INSERT INTO WL
(id,name,code,level,PPId,GYSId,imageUrl, createdAt, updatedAt)
VALUES
('1','WL3_1','1_3_1','3','1','1','UrlWL3_1', '2018-04-11 15:23:19.988', '2018-04-11 15:23:19.988'),
('2','WL3_2','1_3_2','3','1','1','UrlWL3_2', '2018-04-11 15:23:19.988', '2018-04-11 15:23:19.988'),
('3','WL3_3','1_3_3','3','1','2','UrlWL3_3', '2018-04-11 15:23:19.988', '2018-04-11 15:23:19.988'),
('4','WL3_4','1_3_4','3','1','2','UrlWL3_4', '2018-04-11 15:23:19.988', '2018-04-11 15:23:19.988'),
('5','WL2_1','1_2_1','2','1','1','UrlWL2_1', '2018-04-11 15:23:19.988', '2018-04-11 15:23:19.988'),
('6','WL2_2','1_2_2','2','1','1','UrlWL2_2', '2018-04-11 15:23:19.988', '2018-04-11 15:23:19.988'),
('7','WL2_3','1_2_3','2','1','1','UrlWL2_3', '2018-04-11 15:23:19.988', '2018-04-11 15:23:19.988'),
('8','WL2_4','1_2_4','2','1','2','UrlWL2_4', '2018-04-11 15:23:19.988', '2018-04-11 15:23:19.988'),
('9','WL2_5','1_2_5','2','1','2','UrlWL2_5', '2018-04-11 15:23:19.988', '2018-04-11 15:23:19.988'),
('10','WL2_6','1_2_6','2','1','2','UrlWL2_6', '2018-04-11 15:23:19.988', '2018-04-11 15:23:19.988'),
('11','WL1_1','1_1_1','1','1','1','UrlWL1_1', '2018-04-11 15:23:19.988', '2018-04-11 15:23:19.988'),
('12','WL1_2','1_1_2','1','1','1','UrlWL1_2', '2018-04-11 15:23:19.988', '2018-04-11 15:23:19.988'),
('13','WL1_3','1_1_3','1','1','1','UrlWL1_3', '2018-04-11 15:23:19.988', '2018-04-11 15:23:19.988'),
('14','WL1_4','1_1_4','1','1','2','UrlWL1_4', '2018-04-11 15:23:19.988', '2018-04-11 15:23:19.988'),
('15','WL1_5','1_1_5','1','1','2','UrlWL1_5', '2018-04-11 15:23:19.988', '2018-04-11 15:23:19.988'),
('16','WL1_6','1_1_6','1','1','2','UrlWL1_6', '2018-04-11 15:23:19.988', '2018-04-11 15:23:19.988'),
('17','WL3_1','2_3_1','3','2','1','UrlWL3_1', '2018-04-11 15:23:19.988', '2018-04-11 15:23:19.988'),
('18','WL3_2','2_3_2','3','2','1','UrlWL3_2', '2018-04-11 15:23:19.988', '2018-04-11 15:23:19.988'),
('19','WL3_3','2_3_3','3','2','2','UrlWL3_3', '2018-04-11 15:23:19.988', '2018-04-11 15:23:19.988'),
('20','WL3_4','2_3_4','3','2','2','UrlWL3_4', '2018-04-11 15:23:19.988', '2018-04-11 15:23:19.988'),
('21','WL2_1','2_2_1','2','2','1','UrlWL2_1', '2018-04-11 15:23:19.988', '2018-04-11 15:23:19.988'),
('22','WL2_2','2_2_2','2','2','1','UrlWL2_2', '2018-04-11 15:23:19.988', '2018-04-11 15:23:19.988'),
('23','WL2_3','2_2_3','2','2','1','UrlWL2_3', '2018-04-11 15:23:19.988', '2018-04-11 15:23:19.988'),
('24','WL2_4','2_2_4','2','2','2','UrlWL2_4', '2018-04-11 15:23:19.988', '2018-04-11 15:23:19.988'),
('25','WL2_5','2_2_5','2','2','2','UrlWL2_5', '2018-04-11 15:23:19.988', '2018-04-11 15:23:19.988'),
('26','WL2_6','2_2_6','2','2','2','UrlWL2_6', '2018-04-11 15:23:19.988', '2018-04-11 15:23:19.988'),
('27','WL1_1','2_1_1','1','2','1','UrlWL1_1', '2018-04-11 15:23:19.988', '2018-04-11 15:23:19.988'),
('28','WL1_2','2_1_2','1','2','1','UrlWL1_2', '2018-04-11 15:23:19.988', '2018-04-11 15:23:19.988'),
('29','WL1_3','2_1_3','1','2','1','UrlWL1_3', '2018-04-11 15:23:19.988', '2018-04-11 15:23:19.988'),
('30','WL1_4','2_1_4','1','2','2','UrlWL1_4', '2018-04-11 15:23:19.988', '2018-04-11 15:23:19.988'),
('31','WL1_5','2_1_5','1','2','2','UrlWL1_5', '2018-04-11 15:23:19.988', '2018-04-11 15:23:19.988'),
('32','WL1_6','2_1_6','1','2','2','UrlWL1_6', '2018-04-11 15:23:19.988', '2018-04-11 15:23:19.988'),
('33','WL3_5','1_3_5','3','1','1','UrlWL3_5', '2018-04-11 15:23:19.988', '2018-04-11 15:23:19.988'),
('34','WL3_6','1_3_6','3','1','1','UrlWL3_6', '2018-04-11 15:23:19.988', '2018-04-11 15:23:19.988'),
('35','WL3_7','1_3_7','3','1','1','UrlWL3_7', '2018-04-11 15:23:19.988', '2018-04-11 15:23:19.988'),
('36','WL3_8','1_3_8','3','1','1','UrlWL3_8', '2018-04-11 15:23:19.988', '2018-04-11 15:23:19.988'),
('37','WL2_7','1_2_7','2','1','1','UrlWL2_7', '2018-04-11 15:23:19.988', '2018-04-11 15:23:19.988'),
('38','WL2_8','1_2_8','2','1','1','UrlWL2_8', '2018-04-11 15:23:19.988', '2018-04-11 15:23:19.988'),
('39','WL2_9','1_2_9','2','1','1','UrlWL2_9', '2018-04-11 15:23:19.988', '2018-04-11 15:23:19.988'),
('40','WL2_10','1_2_10','2','1','1','UrlWL2_10', '2018-04-11 15:23:19.988', '2018-04-11 15:23:19.988'),
('41','WL2_11','1_2_11','2','1','1','UrlWL2_11', '2018-04-11 15:23:19.988', '2018-04-11 15:23:19.988'),
('42','WL2_12','1_2_12','2','1','1','UrlWL2_12', '2018-04-11 15:23:19.988', '2018-04-11 15:23:19.988'),
('43','WL1_7','1_1_7','1','1','1','UrlWL1_7', '2018-04-11 15:23:19.988', '2018-04-11 15:23:19.988'),
('44','WL1_8','1_1_8','1','1','1','UrlWL1_8', '2018-04-11 15:23:19.988', '2018-04-11 15:23:19.988'),
('45','WL1_9','1_1_9','1','1','1','UrlWL1_9', '2018-04-11 15:23:19.988', '2018-04-11 15:23:19.988'),
('46','WL1_10','1_1_10','1','1','1','UrlWL1_10', '2018-04-11 15:23:19.988', '2018-04-11 15:23:19.988'),
('47','WL1_11','1_1_11','1','1','1','UrlWL1_11', '2018-04-11 15:23:19.988', '2018-04-11 15:23:19.988'),
('48','WL1_12','1_1_12','1','1','1','UrlWL1_12', '2018-04-11 15:23:19.988', '2018-04-11 15:23:19.988'),
('49','WL3_5','2_3_5','3','2','2','UrlWL3_5', '2018-04-11 15:23:19.988', '2018-04-11 15:23:19.988'),
('50','WL3_6','2_3_6','3','2','2','UrlWL3_6', '2018-04-11 15:23:19.988', '2018-04-11 15:23:19.988'),
('51','WL3_7','2_3_7','3','2','2','UrlWL3_7', '2018-04-11 15:23:19.988', '2018-04-11 15:23:19.988'),
('52','WL3_8','2_3_8','3','2','2','UrlWL3_8', '2018-04-11 15:23:19.988', '2018-04-11 15:23:19.988'),
('53','WL2_7','2_2_7','2','2','2','UrlWL2_7', '2018-04-11 15:23:19.988', '2018-04-11 15:23:19.988'),
('54','WL2_8','2_2_8','2','2','2','UrlWL2_8', '2018-04-11 15:23:19.988', '2018-04-11 15:23:19.988'),
('55','WL2_9','2_2_9','2','2','2','UrlWL2_9', '2018-04-11 15:23:19.988', '2018-04-11 15:23:19.988'),
('56','WL2_10','2_2_10','2','2','2','UrlWL2_10', '2018-04-11 15:23:19.988', '2018-04-11 15:23:19.988'),
('57','WL2_11','2_2_11','2','2','2','UrlWL2_11', '2018-04-11 15:23:19.988', '2018-04-11 15:23:19.988'),
('58','WL2_12','2_2_12','2','2','2','UrlWL2_12', '2018-04-11 15:23:19.988', '2018-04-11 15:23:19.988'),
('59','WL1_7','2_1_7','1','2','2','UrlWL1_7', '2018-04-11 15:23:19.988', '2018-04-11 15:23:19.988'),
('60','WL1_8','2_1_8','1','2','2','UrlWL1_8', '2018-04-11 15:23:19.988', '2018-04-11 15:23:19.988'),
('61','WL1_9','2_1_9','1','2','2','UrlWL1_9', '2018-04-11 15:23:19.988', '2018-04-11 15:23:19.988'),
('62','WL1_10','2_1_10','1','2','2','UrlWL1_10', '2018-04-11 15:23:19.988', '2018-04-11 15:23:19.988'),
('63','WL1_11','2_1_11','1','2','2','UrlWL1_11', '2018-04-11 15:23:19.988', '2018-04-11 15:23:19.988'),
('64','WL1_12','2_1_12','1','2','2','UrlWL1_12', '2018-04-11 15:23:19.988', '2018-04-11 15:23:19.988');

INSERT INTO EJZH
(id,name,WLId,PPId,imageUrl, createdAt, updatedAt)
VALUES
('1','EJZH1','5','1','imageUrlEJZH1', '2018-04-11 15:23:19.988', '2018-04-11 15:23:19.988'),
('2','EJZH2','6','1','imageUrlEJZH2', '2018-04-11 15:23:19.988', '2018-04-11 15:23:19.988'),
('3','EJZH3','7','1','imageUrlEJZH3', '2018-04-11 15:23:19.988', '2018-04-11 15:23:19.988'),
('4','EJZH4','8','1','imageUrlEJZH4', '2018-04-11 15:23:19.988', '2018-04-11 15:23:19.988'),
('5','EJZH5','9','1','imageUrlEJZH5', '2018-04-11 15:23:19.988', '2018-04-11 15:23:19.988'),
('6','EJZH6','10','1','imageUrlEJZH6', '2018-04-11 15:23:19.988', '2018-04-11 15:23:19.988'),
('7','EJZH7','21','2','imageUrlEJZH7', '2018-04-11 15:23:19.988', '2018-04-11 15:23:19.988'),
('8','EJZH8','22','2','imageUrlEJZH8', '2018-04-11 15:23:19.988', '2018-04-11 15:23:19.988'),
('9','EJZH9','23','2','imageUrlEJZH9', '2018-04-11 15:23:19.988', '2018-04-11 15:23:19.988'),
('10','EJZH10','24','2','imageUrlEJZH10', '2018-04-11 15:23:19.988', '2018-04-11 15:23:19.988'),
('11','EJZH11','25','2','imageUrlEJZH11', '2018-04-11 15:23:19.988', '2018-04-11 15:23:19.988'),
('12','EJZH12','26','2','imageUrlEJZH12', '2018-04-11 15:23:19.988', '2018-04-11 15:23:19.988'),
('13','EJZH13','37','1','imageUrlEJZH13', '2018-04-11 15:23:19.988', '2018-04-11 15:23:19.988'),
('14','EJZH14','38','1','imageUrlEJZH14', '2018-04-11 15:23:19.988', '2018-04-11 15:23:19.988'),
('15','EJZH15','39','1','imageUrlEJZH15', '2018-04-11 15:23:19.988', '2018-04-11 15:23:19.988'),
('16','EJZH16','40','1','imageUrlEJZH16', '2018-04-11 15:23:19.988', '2018-04-11 15:23:19.988'),
('17','EJZH17','41','1','imageUrlEJZH17', '2018-04-11 15:23:19.988', '2018-04-11 15:23:19.988'),
('18','EJZH18','42','1','imageUrlEJZH18', '2018-04-11 15:23:19.988', '2018-04-11 15:23:19.988'),
('19','EJZH19','53','2','imageUrlEJZH19', '2018-04-11 15:23:19.988', '2018-04-11 15:23:19.988'),
('20','EJZH20','54','2','imageUrlEJZH20', '2018-04-11 15:23:19.988', '2018-04-11 15:23:19.988'),
('21','EJZH21','55','2','imageUrlEJZH21', '2018-04-11 15:23:19.988', '2018-04-11 15:23:19.988'),
('22','EJZH22','56','2','imageUrlEJZH22', '2018-04-11 15:23:19.988', '2018-04-11 15:23:19.988'),
('23','EJZH23','57','2','imageUrlEJZH23', '2018-04-11 15:23:19.988', '2018-04-11 15:23:19.988'),
('24','EJZH24','58','2','imageUrlEJZH24', '2018-04-11 15:23:19.988', '2018-04-11 15:23:19.988');

INSERT INTO EJZH_FGTester
(EJZHId,FGTesterId,number, createdAt, updatedAt)
VALUES
('1','1','2', '2018-04-11 15:23:19.988', '2018-04-11 15:23:19.988'),
('2','2','2', '2018-04-11 15:23:19.988', '2018-04-11 15:23:19.988'),
('2','3','2', '2018-04-11 15:23:19.988', '2018-04-11 15:23:19.988'),
('3','1','2', '2018-04-11 15:23:19.988', '2018-04-11 15:23:19.988'),
('7','5','2', '2018-04-11 15:23:19.988', '2018-04-11 15:23:19.988'),
('8','6','2', '2018-04-11 15:23:19.988', '2018-04-11 15:23:19.988'),
('8','7','2', '2018-04-11 15:23:19.988', '2018-04-11 15:23:19.988'),
('9','5','2', '2018-04-11 15:23:19.988', '2018-04-11 15:23:19.988');

INSERT INTO EJZH_SJWL
(EJZHId,WLId,number, createdAt, updatedAt)
VALUES
('2','1','2', '2018-04-11 15:23:19.988', '2018-04-11 15:23:19.988'),
('3','2','2', '2018-04-11 15:23:19.988', '2018-04-11 15:23:19.988'),
('3','3','2', '2018-04-11 15:23:19.988', '2018-04-11 15:23:19.988'),
('4','1','2', '2018-04-11 15:23:19.988', '2018-04-11 15:23:19.988'),
('5','4','2', '2018-04-11 15:23:19.988', '2018-04-11 15:23:19.988'),
('8','17','2', '2018-04-11 15:23:19.988', '2018-04-11 15:23:19.988'),
('9','18','2', '2018-04-11 15:23:19.988', '2018-04-11 15:23:19.988'),
('9','19','2', '2018-04-11 15:23:19.988', '2018-04-11 15:23:19.988'),
('10','17','2', '2018-04-11 15:23:19.988', '2018-04-11 15:23:19.988'),
('11','20','2', '2018-04-11 15:23:19.988', '2018-04-11 15:23:19.988');

INSERT INTO YJZH
(id,name,WLId,PPId,imageUrl, createdAt, updatedAt)
VALUES
('1','YJZH1','11','1','imageUrlYJZH1', '2018-04-11 15:23:19.988', '2018-04-11 15:23:19.988'),
('2','YJZH2','12','1','imageUrlYJZH2', '2018-04-11 15:23:19.988', '2018-04-11 15:23:19.988'),
('3','YJZH3','13','1','imageUrlYJZH3', '2018-04-11 15:23:19.988', '2018-04-11 15:23:19.988'),
('4','YJZH4','14','1','imageUrlYJZH4', '2018-04-11 15:23:19.988', '2018-04-11 15:23:19.988'),
('5','YJZH5','15','1','imageUrlYJZH5', '2018-04-11 15:23:19.988', '2018-04-11 15:23:19.988'),
('6','YJZH6','16','1','imageUrlYJZH6', '2018-04-11 15:23:19.988', '2018-04-11 15:23:19.988'),
('7','YJZH7','27','2','imageUrlYJZH7', '2018-04-11 15:23:19.988', '2018-04-11 15:23:19.988'),
('8','YJZH8','28','2','imageUrlYJZH8', '2018-04-11 15:23:19.988', '2018-04-11 15:23:19.988'),
('9','YJZH9','29','2','imageUrlYJZH9', '2018-04-11 15:23:19.988', '2018-04-11 15:23:19.988'),
('10','YJZH10','30','2','imageUrlYJZH10', '2018-04-11 15:23:19.988', '2018-04-11 15:23:19.988'),
('11','YJZH11','31','2','imageUrlYJZH11', '2018-04-11 15:23:19.988', '2018-04-11 15:23:19.988'),
('12','YJZH12','32','2','imageUrlYJZH12', '2018-04-11 15:23:19.988', '2018-04-11 15:23:19.988'),
('13','YJZH13','43','1','imageUrlYJZH13', '2018-04-11 15:23:19.988', '2018-04-11 15:23:19.988'),
('14','YJZH14','44','1','imageUrlYJZH14', '2018-04-11 15:23:19.988', '2018-04-11 15:23:19.988'),
('15','YJZH15','45','1','imageUrlYJZH15', '2018-04-11 15:23:19.988', '2018-04-11 15:23:19.988'),
('16','YJZH16','46','1','imageUrlYJZH16', '2018-04-11 15:23:19.988', '2018-04-11 15:23:19.988'),
('17','YJZH17','47','1','imageUrlYJZH17', '2018-04-11 15:23:19.988', '2018-04-11 15:23:19.988'),
('18','YJZH18','48','1','imageUrlYJZH18', '2018-04-11 15:23:19.988', '2018-04-11 15:23:19.988'),
('19','YJZH19','59','2','imageUrlYJZH19', '2018-04-11 15:23:19.988', '2018-04-11 15:23:19.988'),
('20','YJZH20','60','2','imageUrlYJZH20', '2018-04-11 15:23:19.988', '2018-04-11 15:23:19.988'),
('21','YJZH21','61','2','imageUrlYJZH21', '2018-04-11 15:23:19.988', '2018-04-11 15:23:19.988'),
('22','YJZH22','62','2','imageUrlYJZH22', '2018-04-11 15:23:19.988', '2018-04-11 15:23:19.988'),
('23','YJZH23','63','2','imageUrlYJZH23', '2018-04-11 15:23:19.988', '2018-04-11 15:23:19.988'),
('24','YJZH24','64','2','imageUrlYJZH24', '2018-04-11 15:23:19.988', '2018-04-11 15:23:19.988');

INSERT INTO YJZH_EJZH
(YJZHId,EJZHId,number, createdAt, updatedAt)
VALUES
('1','1','2', '2018-04-11 15:23:19.988', '2018-04-11 15:23:19.988'),
('2','2','2', '2018-04-11 15:23:19.988', '2018-04-11 15:23:19.988'),
('2','3','2', '2018-04-11 15:23:19.988', '2018-04-11 15:23:19.988'),
('3','1','2', '2018-04-11 15:23:19.988', '2018-04-11 15:23:19.988'),
('4','4','2', '2018-04-11 15:23:19.988', '2018-04-11 15:23:19.988'),
('5','6','2', '2018-04-11 15:23:19.988', '2018-04-11 15:23:19.988'),
('7','7','2', '2018-04-11 15:23:19.988', '2018-04-11 15:23:19.988'),
('8','8','2', '2018-04-11 15:23:19.988', '2018-04-11 15:23:19.988'),
('8','9','2', '2018-04-11 15:23:19.988', '2018-04-11 15:23:19.988'),
('9','7','2', '2018-04-11 15:23:19.988', '2018-04-11 15:23:19.988'),
('10','10','2', '2018-04-11 15:23:19.988', '2018-04-11 15:23:19.988'),
('11','12','2', '2018-04-11 15:23:19.988', '2018-04-11 15:23:19.988');

INSERT INTO GT_YJZH
(GTId,YJZHId,number, createdAt, updatedAt)
VALUES
('1','1','2', '2018-04-11 15:23:19.988', '2018-04-11 15:23:19.988'),
('2','2','2', '2018-04-11 15:23:19.988', '2018-04-11 15:23:19.988'),
('2','3','2', '2018-04-11 15:23:19.988', '2018-04-11 15:23:19.988'),
('3','1','2', '2018-04-11 15:23:19.988', '2018-04-11 15:23:19.988'),
('4','4','2', '2018-04-11 15:23:19.988', '2018-04-11 15:23:19.988'),
('4','5','2', '2018-04-11 15:23:19.988', '2018-04-11 15:23:19.988'),
('4','6','2', '2018-04-11 15:23:19.988', '2018-04-11 15:23:19.988'),
('5','7','2', '2018-04-11 15:23:19.988', '2018-04-11 15:23:19.988'),
('6','8','2', '2018-04-11 15:23:19.988', '2018-04-11 15:23:19.988'),
('6','9','2', '2018-04-11 15:23:19.988', '2018-04-11 15:23:19.988'),
('7','7','2', '2018-04-11 15:23:19.988', '2018-04-11 15:23:19.988'),
('8','10','2', '2018-04-11 15:23:19.988', '2018-04-11 15:23:19.988'),
('8','11','2', '2018-04-11 15:23:19.988', '2018-04-11 15:23:19.988');

INSERT INTO YJZHXGT
(id,imageUrl,YJZHId, createdAt, updatedAt)
VALUES
('1','YJZH1Url1','1', '2018-04-11 15:23:19.988', '2018-04-11 15:23:19.988'),
('2','YJZH2Url1','2', '2018-04-11 15:23:19.988', '2018-04-11 15:23:19.988'),
('3','YJZH2Url2','2', '2018-04-11 15:23:19.988', '2018-04-11 15:23:19.988'),
('4','YJZH4Url1','4', '2018-04-11 15:23:19.988', '2018-04-11 15:23:19.988'),
('5','YJZH5Url1','5', '2018-04-11 15:23:19.988', '2018-04-11 15:23:19.988'),
('6','YJZH5Url2','5', '2018-04-11 15:23:19.988', '2018-04-11 15:23:19.988');

INSERT INTO EJZHXGT
(id,imageUrl,EJZHId, createdAt, updatedAt)
VALUES
('1','EJZH1Url1','1', '2018-04-11 15:23:19.988', '2018-04-11 15:23:19.988'),
('2','EJZH2Url1','2', '2018-04-11 15:23:19.988', '2018-04-11 15:23:19.988'),
('3','EJZH2Url2','2', '2018-04-11 15:23:19.988', '2018-04-11 15:23:19.988'),
('4','EJZH4Url1','4', '2018-04-11 15:23:19.988', '2018-04-11 15:23:19.988'),
('5','EJZH5Url1','5', '2018-04-11 15:23:19.988', '2018-04-11 15:23:19.988'),
('6','EJZH5Url2','5', '2018-04-11 15:23:19.988', '2018-04-11 15:23:19.988');
