
INSERT INTO User
(Id,username,password,JS, createdAt, updatedAt)
VALUES
('1','admin','$2a$08$pVpl7kzfMHxfHMVnJNbSEeadp.8gycVEGMebNz20Fn21HQNLI7BM.','系统管理员', '2018-04-12 19:18:22.526', '2018-04-12 19:18:22.526'),
('2','PPJL1','$2a$08$8TZqHc/DYh7wKMRAV1nBn.G.sowW8CKFwjntWzoVgWxHiy/pNeDP.','品牌经理', '2018-04-12 19:18:22.526', '2018-04-12 19:18:22.526'),
('3','PPJL2','$2a$08$VzoE9DUCzQzRm4BnluLjfeCZb4Hd8RZ3gR2DIkBBoy.aDN06nma9G','品牌经理', '2018-04-12 19:18:22.526', '2018-04-12 19:18:22.526'),
('4','PPJL3','$2a$08$PNTzey0AMj/i4tPgFp//JOsiF5Dq3IbTSKUynPsnLcbfjYcsXbSRG','品牌经理', '2018-04-12 19:18:22.526', '2018-04-12 19:18:22.526'),
('5','PPJL4','$2a$08$JEmroiYyKz0RPqmRdH22LOunuetFrYJgY459JTKU7kukfqcRyM81.','品牌经理', '2018-04-12 19:18:22.526', '2018-04-12 19:18:22.526'),
('6','KFJL1','$2a$08$b6ql2LaB8y9pwlqog98WsOAB633LNQKBx7XvWpgAgzxcepOR7QT8q','客服经理', '2018-04-12 19:18:22.526', '2018-04-12 19:18:22.526'),
('7','KFJL2','$2a$08$HtMsFLitpZciRgybjtg/Nec/Xj6hiUjIywzPUQYZFkm4WsNgBS6Ru','客服经理', '2018-04-12 19:18:22.526', '2018-04-12 19:18:22.526'),
('8','KFJL3','$2a$08$xFoWJD6YMWgzNzFUMPAs2.A5hqro3syoZE8gE9ez/4YlFmDXFmzWO','客服经理', '2018-04-12 19:18:22.526', '2018-04-12 19:18:22.526'),
('9','KFJL4','$2a$08$nHlnJqOlz09NraA9SHtZYOM3F0tLpg.0SGvER05FFJZoOiSS9wKMW','客服经理', '2018-04-12 19:18:22.526', '2018-04-12 19:18:22.526'),
('10','GZ1','$2a$08$Oqzya3u6e1i3oinfdNS4EOX3T1vO7SjlnjAITffkPMO4b3nID7h86','柜长', '2018-04-12 19:18:22.526', '2018-04-12 19:18:22.526'),
('11','GZ2','$2a$08$TNNgA0nILXF5aZFWEmIbr.yGz3ly4ZsLq4L/3I6e8A9rmP86VVcu2','柜长', '2018-04-12 19:18:22.526', '2018-04-12 19:18:22.526'),
('12','GZ3','$2a$08$u6Xo2w.EALNXB9IF7nh4z.sSzQCbrpU9/hcgzHu8VtXOdFjzxwRXq','柜长', '2018-04-12 19:18:22.526', '2018-04-12 19:18:22.526'),
('13','GZ4','$2a$08$zYkALq5YUo8Ogwqaq67Di.tCQZByInGrIdvVdVQAfn/qkoPu/8Rue','柜长', '2018-04-12 19:18:22.526', '2018-04-12 19:18:22.526'),
('14','GTBA1','$2a$08$ccFLV7Ja6UfNuznUGxHT5eR4XXwNZTwfAB9iIc/sOIaLev3J.t3pK','柜台BA', '2018-04-12 19:18:22.526', '2018-04-12 19:18:22.526'),
('15','GTBA2','$2a$08$YHJQm5hZLc9b8q56PAAeBemsaP9JCFKCvVBwJTKKofaGJSwtKe6XG','柜台BA', '2018-04-12 19:18:22.526', '2018-04-12 19:18:22.526'),
('16','GTBA3','$2a$08$Aov26HdIpdh8imK.GK1NiOupHhinYlwo9LXFldXBhK/YYBjcimEVW','柜台BA', '2018-04-12 19:18:22.526', '2018-04-12 19:18:22.526'),
('17','GTBA4','$2a$08$NoOSVl4JlDVVm0xqUoOpkOu7Qv9mnfnoBlyjBwsui8LdUUT867hU.','柜台BA', '2018-04-12 19:18:22.526', '2018-04-12 19:18:22.526'),
('18','GTBA5','$2a$08$WdQrXAUKTK7ISflavkclyujLd5Iw/.CYS4DuJWcrltaExPJOwzBvC','柜台BA', '2018-04-12 19:18:22.526', '2018-04-12 19:18:22.526'),
('19','GTBA6','$2a$08$C016JfEDm13cWSkf.UCTS.oBNxutldxbpKpm4zahPyQA3K/unBuUi','柜台BA', '2018-04-12 19:18:22.526', '2018-04-12 19:18:22.526'),
('20','GTBA7','$2a$08$wZLmT5h1VzjQTbSkQfi7kOC0.Sg7lSFi9Q.uRJckwJcubPHwcn1n2','柜台BA', '2018-04-12 19:18:22.526', '2018-04-12 19:18:22.526'),
('21','GTBA8','$2a$08$8OAhpMeGdcTMrEUjBYRxwOAClfJ85wU2nzYtT6HxHdeSlnxHAr/PS','柜台BA', '2018-04-12 19:18:22.526', '2018-04-12 19:18:22.526'),
('22','GYSGLY1','$2a$08$x1/4qDX5NMqCkx7Xr8pdze8.AmjjGS/9flUOe3mR1zav6BSV3jy7.','供应商管理员', '2018-04-12 19:18:22.526', '2018-04-12 19:18:22.526'),
('23','GYSGLY2','$2a$08$liX3zC7WCtSoSH9sb/yOYOwqShi0ewZ4T0lNq1ZMkyk0tVel9xRyC','供应商管理员', '2018-04-12 19:18:22.526', '2018-04-12 19:18:22.526'),
('24','GYSGLY3','$2a$08$4VdB0DT6tgAHtgzKHiQbY.YERpavxcHtp/jKV07mVnnb5KXQjTd7S','供应商管理员', '2018-04-12 19:18:22.526', '2018-04-12 19:18:22.526'),
('25','AZGSGLY1','$2a$08$V3DQUuy.Gwcnd7jwIvxSrOe.0PFUmbBxqylFgdOFXd69lCXzSfBfO','安装公司管理员', '2018-04-12 19:18:22.526', '2018-04-12 19:18:22.526'),
('26','AZGSGLY2','$2a$08$/dECBOAmKYc/K4A4qLpQjeMvBgnClevkTXeMzK/VrXkJP43UjxoR2','安装公司管理员', '2018-04-12 19:18:22.526', '2018-04-12 19:18:22.526'),
('27','GTBA9','$2a$08$t.yr5CBFt9dw0zRtoPypaebNLXIg97ERQYVwadMbYxigON8SZIGly','柜台BA', '2018-04-12 19:18:22.526', '2018-04-12 19:18:22.526'),
('28','GTBA10','$2a$08$LNOx2qoRP1UqgHOUZy7GKeZrsU2xzxoVYlGPb6B6WrqZoNXhfkyba','柜台BA', '2018-04-12 19:18:22.526', '2018-04-12 19:18:22.526'),
('29','GTBA11','$2a$08$5IpwB5O3XpXxhZKWlX/yXeX6loGeWmgMMbfF7Ju0.IfPuWsNu6Goy','柜台BA', '2018-04-12 19:18:22.526', '2018-04-12 19:18:22.526'),
('30','GTBA12','$2a$08$q49qfk4crJvpBwjdLTtQkOmT7fzegFj6YsP9gRcnJu1heFc1kBu/C','柜台BA', '2018-04-12 19:18:22.526', '2018-04-12 19:18:22.526'),
('31','GTBA13','$2a$08$GPAQXwis7YnYn0NHXK/mBuV9WNeTTihwnJtR9R/INPiJNa6VPK8Ma','柜台BA', '2018-04-12 19:18:22.526', '2018-04-12 19:18:22.526'),
('32','GTBA14','$2a$08$2uvVkeFG6xEbOXiA9CiPOOQL4Rv8o2uY29Whd2h7nHsw66OAJWyz2','柜台BA', '2018-04-12 19:18:22.526', '2018-04-12 19:18:22.526'),
('33','GTBA15','$2a$08$V4R92xS7915ytyjt0GNwp.E0E26s9ORIvrDHwyBkz.zqUmERY9SuO','柜台BA', '2018-04-12 19:18:22.526', '2018-04-12 19:18:22.526'),
('34','GTBA16','$2a$08$hMrsd0ncHEbKruXWNdUuuOyf4FD3JjmtuxCusP3ZnKgcF46m7ffAi','柜台BA', '2018-04-12 19:18:22.526', '2018-04-12 19:18:22.526');

INSERT INTO PP
(id,name, createdAt, updatedAt)
VALUES
('1','PP1', '2018-04-12 19:18:22.526', '2018-04-12 19:18:22.526'),
('2','PP2', '2018-04-12 19:18:22.526', '2018-04-12 19:18:22.526'),
('3','PP3', '2018-04-12 19:18:22.526', '2018-04-12 19:18:22.526');

INSERT INTO PPJL_PP
(UserId,PPId, createdAt, updatedAt)
VALUES
('2','1', '2018-04-12 19:18:22.526', '2018-04-12 19:18:22.526'),
('3','2', '2018-04-12 19:18:22.526', '2018-04-12 19:18:22.526');

INSERT INTO KFJL_PP
(UserId,PPId, createdAt, updatedAt)
VALUES
('6','1', '2018-04-12 19:18:22.526', '2018-04-12 19:18:22.526'),
('7','2', '2018-04-12 19:18:22.526', '2018-04-12 19:18:22.526');

INSERT INTO GZ_PP
(UserId,PPId, createdAt, updatedAt)
VALUES
('10','1', '2018-04-12 19:18:22.526', '2018-04-12 19:18:22.526'),
('11','1', '2018-04-12 19:18:22.526', '2018-04-12 19:18:22.526'),
('12','2', '2018-04-12 19:18:22.526', '2018-04-12 19:18:22.526'),
('13','2', '2018-04-12 19:18:22.526', '2018-04-12 19:18:22.526');

INSERT INTO GT
(id,name,code,PPId,QY,GTBAUserId,GZUserId,CS, createdAt, updatedAt)
VALUES
('1','GT1','1','1','东区','14','10','上海', '2018-04-12 19:18:22.526', '2018-04-12 19:18:22.526'),
('2','GT2','2','1','东区','15','10','上海', '2018-04-12 19:18:22.526', '2018-04-12 19:18:22.526'),
('3','GT3','3','1','北区','16','11','北京', '2018-04-12 19:18:22.526', '2018-04-12 19:18:22.526'),
('4','GT4','4','1','北区','17','11','北京', '2018-04-12 19:18:22.526', '2018-04-12 19:18:22.526'),
('5','GT5','5','2','东区','18','12','广州', '2018-04-12 19:18:22.526', '2018-04-12 19:18:22.526'),
('6','GT6','6','2','东区','19','12','广州', '2018-04-12 19:18:22.526', '2018-04-12 19:18:22.526'),
('7','GT7','7','2','北区','20','13','深圳', '2018-04-12 19:18:22.526', '2018-04-12 19:18:22.526'),
('8','GT8','8','2','北区','21','13','深圳', '2018-04-12 19:18:22.526', '2018-04-12 19:18:22.526');

INSERT INTO GT
(id,name,code,PPId,QY,GTBAUserId,CS, createdAt, updatedAt)
VALUES
('9','GT9','9','1','东区','27','上海', '2018-04-12 19:18:22.526', '2018-04-12 19:18:22.526'),
('10','GT10','10','1','东区','28','上海', '2018-04-12 19:18:22.526', '2018-04-12 19:18:22.526'),
('11','GT11','11','1','北区','29','北京', '2018-04-12 19:18:22.526', '2018-04-12 19:18:22.526'),
('12','GT12','12','1','北区','30','北京', '2018-04-12 19:18:22.526', '2018-04-12 19:18:22.526'),
('13','GT13','13','2','东区','31','广州', '2018-04-12 19:18:22.526', '2018-04-12 19:18:22.526'),
('14','GT14','14','2','东区','32','广州', '2018-04-12 19:18:22.526', '2018-04-12 19:18:22.526'),
('15','GT15','15','2','北区','33','深圳', '2018-04-12 19:18:22.526', '2018-04-12 19:18:22.526'),
('16','GT16','16','2','北区','34','深圳', '2018-04-12 19:18:22.526', '2018-04-12 19:18:22.526');

INSERT INTO GYS
(id,Name,type, createdAt, updatedAt)
VALUES
('1','GYS1','生产', '2018-04-12 19:18:22.526', '2018-04-12 19:18:22.526'),
('2','GYS2','生产', '2018-04-12 19:18:22.526', '2018-04-12 19:18:22.526'),
('3','GYS3','中转', '2018-04-12 19:18:22.526', '2018-04-12 19:18:22.526'),
('4','GYS4','生产', '2018-04-12 19:18:22.526', '2018-04-12 19:18:22.526');

INSERT INTO GLY_GYS
(UserId,GYSId, createdAt, updatedAt)
VALUES
('22','1', '2018-04-12 19:18:22.526', '2018-04-12 19:18:22.526'),
('23','2', '2018-04-12 19:18:22.526', '2018-04-12 19:18:22.526');

INSERT INTO AZGS
(id,name, createdAt, updatedAt)
VALUES
('1','AZGS1', '2018-04-12 19:18:22.526', '2018-04-12 19:18:22.526'),
('2','AZGS2', '2018-04-12 19:18:22.526', '2018-04-12 19:18:22.526');

INSERT INTO GLY_AZGS
(UserId,AZGSId, createdAt, updatedAt)
VALUES
('25','1', '2018-04-12 19:18:22.526', '2018-04-12 19:18:22.526'),
('26','2', '2018-04-12 19:18:22.526', '2018-04-12 19:18:22.526');

INSERT INTO DP
(id,name,PPId,GYSId, createdAt, updatedAt)
VALUES
('1','DP1','1','1', '2018-04-12 19:18:22.526', '2018-04-12 19:18:22.526'),
('2','DP2','1','2', '2018-04-12 19:18:22.526', '2018-04-12 19:18:22.526'),
('3','DP3','1','1', '2018-04-12 19:18:22.526', '2018-04-12 19:18:22.526'),
('4','DP4','2','1', '2018-04-12 19:18:22.526', '2018-04-12 19:18:22.526'),
('5','DP5','2','2', '2018-04-12 19:18:22.526', '2018-04-12 19:18:22.526'),
('6','DP6','2','1', '2018-04-12 19:18:22.526', '2018-04-12 19:18:22.526'),
('7','DP7','1','1', '2018-04-12 19:18:22.526', '2018-04-12 19:18:22.526'),
('8','DP8','1','1', '2018-04-12 19:18:22.526', '2018-04-12 19:18:22.526'),
('9','DP9','1','1', '2018-04-12 19:18:22.526', '2018-04-12 19:18:22.526'),
('10','DP10','2','2', '2018-04-12 19:18:22.526', '2018-04-12 19:18:22.526'),
('11','DP11','2','2', '2018-04-12 19:18:22.526', '2018-04-12 19:18:22.526'),
('12','DP12','2','2', '2018-04-12 19:18:22.526', '2018-04-12 19:18:22.526');

INSERT INTO DW
(id,name,GTId,DPId, createdAt, updatedAt)
VALUES
('1','DW1','1','1', '2018-04-12 19:18:22.526', '2018-04-12 19:18:22.526'),
('2','DW2','1','2', '2018-04-12 19:18:22.526', '2018-04-12 19:18:22.526'),
('3','DW3','1','2', '2018-04-12 19:18:22.526', '2018-04-12 19:18:22.526'),
('4','DW1','2','1', '2018-04-12 19:18:22.526', '2018-04-12 19:18:22.526'),
('5','DW2','2','2', '2018-04-12 19:18:22.526', '2018-04-12 19:18:22.526'),
('6','DW4','2','3', '2018-04-12 19:18:22.526', '2018-04-12 19:18:22.526'),
('7','DW1','5','4', '2018-04-12 19:18:22.526', '2018-04-12 19:18:22.526'),
('8','DW2','5','5', '2018-04-12 19:18:22.526', '2018-04-12 19:18:22.526'),
('9','DW3','5','5', '2018-04-12 19:18:22.526', '2018-04-12 19:18:22.526'),
('10','DW1','6','4', '2018-04-12 19:18:22.526', '2018-04-12 19:18:22.526'),
('11','DW2','6','5', '2018-04-12 19:18:22.526', '2018-04-12 19:18:22.526'),
('12','DW5','6','6', '2018-04-12 19:18:22.526', '2018-04-12 19:18:22.526');

INSERT INTO DW
(id,name,GTId, createdAt, updatedAt)
VALUES
('13','DW1','3', '2018-04-12 19:18:22.526', '2018-04-12 19:18:22.526'),
('14','DW2','3', '2018-04-12 19:18:22.526', '2018-04-12 19:18:22.526'),
('15','DW3','3', '2018-04-12 19:18:22.526', '2018-04-12 19:18:22.526'),
('16','DW1','4', '2018-04-12 19:18:22.526', '2018-04-12 19:18:22.526'),
('17','DW2','4', '2018-04-12 19:18:22.526', '2018-04-12 19:18:22.526'),
('18','DW3','4', '2018-04-12 19:18:22.526', '2018-04-12 19:18:22.526'),
('19','DW1','7', '2018-04-12 19:18:22.526', '2018-04-12 19:18:22.526'),
('20','DW2','7', '2018-04-12 19:18:22.526', '2018-04-12 19:18:22.526'),
('21','DW3','7', '2018-04-12 19:18:22.526', '2018-04-12 19:18:22.526'),
('22','DW1','8', '2018-04-12 19:18:22.526', '2018-04-12 19:18:22.526'),
('23','DW2','8', '2018-04-12 19:18:22.526', '2018-04-12 19:18:22.526'),
('24','DW3','8', '2018-04-12 19:18:22.526', '2018-04-12 19:18:22.526');

INSERT INTO FG
(id,name,PPId,note, createdAt, updatedAt)
VALUES
('1','FG1','1','NoteFG1', '2018-04-12 19:18:22.526', '2018-04-12 19:18:22.526'),
('2','FG2','1','NoteFG2', '2018-04-12 19:18:22.526', '2018-04-12 19:18:22.526'),
('3','FG3','1','NoteFG3', '2018-04-12 19:18:22.526', '2018-04-12 19:18:22.526'),
('4','FG4','2','NoteFG4', '2018-04-12 19:18:22.526', '2018-04-12 19:18:22.526'),
('5','FG5','2','NoteFG5', '2018-04-12 19:18:22.526', '2018-04-12 19:18:22.526'),
('6','FG6','2','NoteFG6', '2018-04-12 19:18:22.526', '2018-04-12 19:18:22.526'),
('7','FG7','1','NoteFG7', '2018-04-12 19:18:22.526', '2018-04-12 19:18:22.526'),
('8','FG8','2','NoteFG8', '2018-04-12 19:18:22.526', '2018-04-12 19:18:22.526');

INSERT INTO Tester
(id,name,PPId, createdAt, updatedAt)
VALUES
('1','Tester1','1', '2018-04-12 19:18:22.526', '2018-04-12 19:18:22.526'),
('2','Tester2','1', '2018-04-12 19:18:22.526', '2018-04-12 19:18:22.526'),
('3','Tester3','1', '2018-04-12 19:18:22.526', '2018-04-12 19:18:22.526'),
('4','Tester4','2', '2018-04-12 19:18:22.526', '2018-04-12 19:18:22.526'),
('5','Tester5','2', '2018-04-12 19:18:22.526', '2018-04-12 19:18:22.526'),
('6','Tester6','2', '2018-04-12 19:18:22.526', '2018-04-12 19:18:22.526'),
('7','Tester7','1', '2018-04-12 19:18:22.526', '2018-04-12 19:18:22.526'),
('8','Tester8','2', '2018-04-12 19:18:22.526', '2018-04-12 19:18:22.526');

INSERT INTO FG_Tester
(id,FGId,TesterId,PPId, createdAt, updatedAt)
VALUES
('1','1','1','1', '2018-04-12 19:18:22.526', '2018-04-12 19:18:22.526'),
('2','2','2','1', '2018-04-12 19:18:22.526', '2018-04-12 19:18:22.526'),
('3','2','3','1', '2018-04-12 19:18:22.526', '2018-04-12 19:18:22.526'),
('4','3','1','1', '2018-04-12 19:18:22.526', '2018-04-12 19:18:22.526'),
('5','4','4','2', '2018-04-12 19:18:22.526', '2018-04-12 19:18:22.526'),
('6','5','5','2', '2018-04-12 19:18:22.526', '2018-04-12 19:18:22.526'),
('7','5','6','2', '2018-04-12 19:18:22.526', '2018-04-12 19:18:22.526'),
('8','6','4','2', '2018-04-12 19:18:22.526', '2018-04-12 19:18:22.526'),
('9','7','7','1', '2018-04-12 19:18:22.526', '2018-04-12 19:18:22.526'),
('10','8','8','2', '2018-04-12 19:18:22.526', '2018-04-12 19:18:22.526');

INSERT INTO WL
(id,name,code,level,PPId,GYSId,imageUrl, createdAt, updatedAt)
VALUES
('1','WL3_1','1_3_1','3','1','1','UrlWL3_1', '2018-04-12 19:18:22.526', '2018-04-12 19:18:22.526'),
('2','WL3_2','1_3_2','3','1','1','UrlWL3_2', '2018-04-12 19:18:22.526', '2018-04-12 19:18:22.526'),
('3','WL3_3','1_3_3','3','1','2','UrlWL3_3', '2018-04-12 19:18:22.526', '2018-04-12 19:18:22.526'),
('4','WL3_4','1_3_4','3','1','2','UrlWL3_4', '2018-04-12 19:18:22.526', '2018-04-12 19:18:22.526'),
('5','WL2_1','1_2_1','2','1','1','UrlWL2_1', '2018-04-12 19:18:22.526', '2018-04-12 19:18:22.526'),
('6','WL2_2','1_2_2','2','1','1','UrlWL2_2', '2018-04-12 19:18:22.526', '2018-04-12 19:18:22.526'),
('7','WL2_3','1_2_3','2','1','1','UrlWL2_3', '2018-04-12 19:18:22.526', '2018-04-12 19:18:22.526'),
('8','WL2_4','1_2_4','2','1','2','UrlWL2_4', '2018-04-12 19:18:22.526', '2018-04-12 19:18:22.526'),
('9','WL2_5','1_2_5','2','1','2','UrlWL2_5', '2018-04-12 19:18:22.526', '2018-04-12 19:18:22.526'),
('10','WL2_6','1_2_6','2','1','2','UrlWL2_6', '2018-04-12 19:18:22.526', '2018-04-12 19:18:22.526'),
('11','WL1_1','1_1_1','1','1','1','UrlWL1_1', '2018-04-12 19:18:22.526', '2018-04-12 19:18:22.526'),
('12','WL1_2','1_1_2','1','1','1','UrlWL1_2', '2018-04-12 19:18:22.526', '2018-04-12 19:18:22.526'),
('13','WL1_3','1_1_3','1','1','1','UrlWL1_3', '2018-04-12 19:18:22.526', '2018-04-12 19:18:22.526'),
('14','WL1_4','1_1_4','1','1','2','UrlWL1_4', '2018-04-12 19:18:22.526', '2018-04-12 19:18:22.526'),
('15','WL1_5','1_1_5','1','1','2','UrlWL1_5', '2018-04-12 19:18:22.526', '2018-04-12 19:18:22.526'),
('16','WL1_6','1_1_6','1','1','2','UrlWL1_6', '2018-04-12 19:18:22.526', '2018-04-12 19:18:22.526'),
('17','WL3_1','2_3_1','3','2','1','UrlWL3_1', '2018-04-12 19:18:22.526', '2018-04-12 19:18:22.526'),
('18','WL3_2','2_3_2','3','2','1','UrlWL3_2', '2018-04-12 19:18:22.526', '2018-04-12 19:18:22.526'),
('19','WL3_3','2_3_3','3','2','2','UrlWL3_3', '2018-04-12 19:18:22.526', '2018-04-12 19:18:22.526'),
('20','WL3_4','2_3_4','3','2','2','UrlWL3_4', '2018-04-12 19:18:22.526', '2018-04-12 19:18:22.526'),
('21','WL2_1','2_2_1','2','2','1','UrlWL2_1', '2018-04-12 19:18:22.526', '2018-04-12 19:18:22.526'),
('22','WL2_2','2_2_2','2','2','1','UrlWL2_2', '2018-04-12 19:18:22.526', '2018-04-12 19:18:22.526'),
('23','WL2_3','2_2_3','2','2','1','UrlWL2_3', '2018-04-12 19:18:22.526', '2018-04-12 19:18:22.526'),
('24','WL2_4','2_2_4','2','2','2','UrlWL2_4', '2018-04-12 19:18:22.526', '2018-04-12 19:18:22.526'),
('25','WL2_5','2_2_5','2','2','2','UrlWL2_5', '2018-04-12 19:18:22.526', '2018-04-12 19:18:22.526'),
('26','WL2_6','2_2_6','2','2','2','UrlWL2_6', '2018-04-12 19:18:22.526', '2018-04-12 19:18:22.526'),
('27','WL1_1','2_1_1','1','2','1','UrlWL1_1', '2018-04-12 19:18:22.526', '2018-04-12 19:18:22.526'),
('28','WL1_2','2_1_2','1','2','1','UrlWL1_2', '2018-04-12 19:18:22.526', '2018-04-12 19:18:22.526'),
('29','WL1_3','2_1_3','1','2','1','UrlWL1_3', '2018-04-12 19:18:22.526', '2018-04-12 19:18:22.526'),
('30','WL1_4','2_1_4','1','2','2','UrlWL1_4', '2018-04-12 19:18:22.526', '2018-04-12 19:18:22.526'),
('31','WL1_5','2_1_5','1','2','2','UrlWL1_5', '2018-04-12 19:18:22.526', '2018-04-12 19:18:22.526'),
('32','WL1_6','2_1_6','1','2','2','UrlWL1_6', '2018-04-12 19:18:22.526', '2018-04-12 19:18:22.526'),
('33','WL3_5','1_3_5','3','1','1','UrlWL3_5', '2018-04-12 19:18:22.526', '2018-04-12 19:18:22.526'),
('34','WL3_6','1_3_6','3','1','1','UrlWL3_6', '2018-04-12 19:18:22.526', '2018-04-12 19:18:22.526'),
('35','WL3_7','1_3_7','3','1','1','UrlWL3_7', '2018-04-12 19:18:22.526', '2018-04-12 19:18:22.526'),
('36','WL3_8','1_3_8','3','1','1','UrlWL3_8', '2018-04-12 19:18:22.526', '2018-04-12 19:18:22.526'),
('37','WL2_7','1_2_7','2','1','1','UrlWL2_7', '2018-04-12 19:18:22.526', '2018-04-12 19:18:22.526'),
('38','WL2_8','1_2_8','2','1','1','UrlWL2_8', '2018-04-12 19:18:22.526', '2018-04-12 19:18:22.526'),
('39','WL2_9','1_2_9','2','1','1','UrlWL2_9', '2018-04-12 19:18:22.526', '2018-04-12 19:18:22.526'),
('40','WL2_10','1_2_10','2','1','1','UrlWL2_10', '2018-04-12 19:18:22.526', '2018-04-12 19:18:22.526'),
('41','WL2_11','1_2_11','2','1','1','UrlWL2_11', '2018-04-12 19:18:22.526', '2018-04-12 19:18:22.526'),
('42','WL2_12','1_2_12','2','1','1','UrlWL2_12', '2018-04-12 19:18:22.526', '2018-04-12 19:18:22.526'),
('43','WL1_7','1_1_7','1','1','1','UrlWL1_7', '2018-04-12 19:18:22.526', '2018-04-12 19:18:22.526'),
('44','WL1_8','1_1_8','1','1','1','UrlWL1_8', '2018-04-12 19:18:22.526', '2018-04-12 19:18:22.526'),
('45','WL1_9','1_1_9','1','1','1','UrlWL1_9', '2018-04-12 19:18:22.526', '2018-04-12 19:18:22.526'),
('46','WL1_10','1_1_10','1','1','1','UrlWL1_10', '2018-04-12 19:18:22.526', '2018-04-12 19:18:22.526'),
('47','WL1_11','1_1_11','1','1','1','UrlWL1_11', '2018-04-12 19:18:22.526', '2018-04-12 19:18:22.526'),
('48','WL1_12','1_1_12','1','1','1','UrlWL1_12', '2018-04-12 19:18:22.526', '2018-04-12 19:18:22.526'),
('49','WL3_5','2_3_5','3','2','2','UrlWL3_5', '2018-04-12 19:18:22.526', '2018-04-12 19:18:22.526'),
('50','WL3_6','2_3_6','3','2','2','UrlWL3_6', '2018-04-12 19:18:22.526', '2018-04-12 19:18:22.526'),
('51','WL3_7','2_3_7','3','2','2','UrlWL3_7', '2018-04-12 19:18:22.526', '2018-04-12 19:18:22.526'),
('52','WL3_8','2_3_8','3','2','2','UrlWL3_8', '2018-04-12 19:18:22.526', '2018-04-12 19:18:22.526'),
('53','WL2_7','2_2_7','2','2','2','UrlWL2_7', '2018-04-12 19:18:22.526', '2018-04-12 19:18:22.526'),
('54','WL2_8','2_2_8','2','2','2','UrlWL2_8', '2018-04-12 19:18:22.526', '2018-04-12 19:18:22.526'),
('55','WL2_9','2_2_9','2','2','2','UrlWL2_9', '2018-04-12 19:18:22.526', '2018-04-12 19:18:22.526'),
('56','WL2_10','2_2_10','2','2','2','UrlWL2_10', '2018-04-12 19:18:22.526', '2018-04-12 19:18:22.526'),
('57','WL2_11','2_2_11','2','2','2','UrlWL2_11', '2018-04-12 19:18:22.526', '2018-04-12 19:18:22.526'),
('58','WL2_12','2_2_12','2','2','2','UrlWL2_12', '2018-04-12 19:18:22.526', '2018-04-12 19:18:22.526'),
('59','WL1_7','2_1_7','1','2','2','UrlWL1_7', '2018-04-12 19:18:22.526', '2018-04-12 19:18:22.526'),
('60','WL1_8','2_1_8','1','2','2','UrlWL1_8', '2018-04-12 19:18:22.526', '2018-04-12 19:18:22.526'),
('61','WL1_9','2_1_9','1','2','2','UrlWL1_9', '2018-04-12 19:18:22.526', '2018-04-12 19:18:22.526'),
('62','WL1_10','2_1_10','1','2','2','UrlWL1_10', '2018-04-12 19:18:22.526', '2018-04-12 19:18:22.526'),
('63','WL1_11','2_1_11','1','2','2','UrlWL1_11', '2018-04-12 19:18:22.526', '2018-04-12 19:18:22.526'),
('64','WL1_12','2_1_12','1','2','2','UrlWL1_12', '2018-04-12 19:18:22.526', '2018-04-12 19:18:22.526');

INSERT INTO EJZH
(id,name,WLId,PPId,imageUrl, createdAt, updatedAt)
VALUES
('1','EJZH1','5','1','imageUrlEJZH1', '2018-04-12 19:18:22.526', '2018-04-12 19:18:22.526'),
('2','EJZH2','6','1','imageUrlEJZH2', '2018-04-12 19:18:22.526', '2018-04-12 19:18:22.526'),
('3','EJZH3','7','1','imageUrlEJZH3', '2018-04-12 19:18:22.526', '2018-04-12 19:18:22.526'),
('4','EJZH4','8','1','imageUrlEJZH4', '2018-04-12 19:18:22.526', '2018-04-12 19:18:22.526'),
('5','EJZH5','9','1','imageUrlEJZH5', '2018-04-12 19:18:22.526', '2018-04-12 19:18:22.526'),
('6','EJZH6','10','1','imageUrlEJZH6', '2018-04-12 19:18:22.526', '2018-04-12 19:18:22.526'),
('7','EJZH7','21','2','imageUrlEJZH7', '2018-04-12 19:18:22.526', '2018-04-12 19:18:22.526'),
('8','EJZH8','22','2','imageUrlEJZH8', '2018-04-12 19:18:22.526', '2018-04-12 19:18:22.526'),
('9','EJZH9','23','2','imageUrlEJZH9', '2018-04-12 19:18:22.526', '2018-04-12 19:18:22.526'),
('10','EJZH10','24','2','imageUrlEJZH10', '2018-04-12 19:18:22.526', '2018-04-12 19:18:22.526'),
('11','EJZH11','25','2','imageUrlEJZH11', '2018-04-12 19:18:22.526', '2018-04-12 19:18:22.526'),
('12','EJZH12','26','2','imageUrlEJZH12', '2018-04-12 19:18:22.526', '2018-04-12 19:18:22.526');

INSERT INTO EJZH_FGTester
(EJZHId,FGTesterId,number, createdAt, updatedAt)
VALUES
('1','1','2', '2018-04-12 19:18:22.526', '2018-04-12 19:18:22.526'),
('2','2','2', '2018-04-12 19:18:22.526', '2018-04-12 19:18:22.526'),
('2','3','2', '2018-04-12 19:18:22.526', '2018-04-12 19:18:22.526'),
('3','1','2', '2018-04-12 19:18:22.526', '2018-04-12 19:18:22.526'),
('7','5','2', '2018-04-12 19:18:22.526', '2018-04-12 19:18:22.526'),
('8','6','2', '2018-04-12 19:18:22.526', '2018-04-12 19:18:22.526'),
('8','7','2', '2018-04-12 19:18:22.526', '2018-04-12 19:18:22.526'),
('9','5','2', '2018-04-12 19:18:22.526', '2018-04-12 19:18:22.526');

INSERT INTO EJZH_SJWL
(EJZHId,WLId,number, createdAt, updatedAt)
VALUES
('2','1','2', '2018-04-12 19:18:22.526', '2018-04-12 19:18:22.526'),
('3','2','2', '2018-04-12 19:18:22.526', '2018-04-12 19:18:22.526'),
('3','3','2', '2018-04-12 19:18:22.526', '2018-04-12 19:18:22.526'),
('4','1','2', '2018-04-12 19:18:22.526', '2018-04-12 19:18:22.526'),
('5','4','2', '2018-04-12 19:18:22.526', '2018-04-12 19:18:22.526'),
('8','17','2', '2018-04-12 19:18:22.526', '2018-04-12 19:18:22.526'),
('9','18','2', '2018-04-12 19:18:22.526', '2018-04-12 19:18:22.526'),
('9','19','2', '2018-04-12 19:18:22.526', '2018-04-12 19:18:22.526'),
('10','17','2', '2018-04-12 19:18:22.526', '2018-04-12 19:18:22.526'),
('11','20','2', '2018-04-12 19:18:22.526', '2018-04-12 19:18:22.526');

INSERT INTO YJZH
(id,name,WLId,PPId,imageUrl, createdAt, updatedAt)
VALUES
('1','YJZH1','11','1','imageUrlYJZH1', '2018-04-12 19:18:22.526', '2018-04-12 19:18:22.526'),
('2','YJZH2','12','1','imageUrlYJZH2', '2018-04-12 19:18:22.526', '2018-04-12 19:18:22.526'),
('3','YJZH3','13','1','imageUrlYJZH3', '2018-04-12 19:18:22.526', '2018-04-12 19:18:22.526'),
('4','YJZH4','14','1','imageUrlYJZH4', '2018-04-12 19:18:22.526', '2018-04-12 19:18:22.526'),
('5','YJZH5','15','1','imageUrlYJZH5', '2018-04-12 19:18:22.526', '2018-04-12 19:18:22.526'),
('6','YJZH6','16','1','imageUrlYJZH6', '2018-04-12 19:18:22.526', '2018-04-12 19:18:22.526'),
('7','YJZH7','27','2','imageUrlYJZH7', '2018-04-12 19:18:22.526', '2018-04-12 19:18:22.526'),
('8','YJZH8','28','2','imageUrlYJZH8', '2018-04-12 19:18:22.526', '2018-04-12 19:18:22.526'),
('9','YJZH9','29','2','imageUrlYJZH9', '2018-04-12 19:18:22.526', '2018-04-12 19:18:22.526'),
('10','YJZH10','30','2','imageUrlYJZH10', '2018-04-12 19:18:22.526', '2018-04-12 19:18:22.526'),
('11','YJZH11','31','2','imageUrlYJZH11', '2018-04-12 19:18:22.526', '2018-04-12 19:18:22.526'),
('12','YJZH12','32','2','imageUrlYJZH12', '2018-04-12 19:18:22.526', '2018-04-12 19:18:22.526');

INSERT INTO YJZH_EJZH
(YJZHId,EJZHId,number, createdAt, updatedAt)
VALUES
('1','1','2', '2018-04-12 19:18:22.526', '2018-04-12 19:18:22.526'),
('2','2','2', '2018-04-12 19:18:22.526', '2018-04-12 19:18:22.526'),
('2','3','2', '2018-04-12 19:18:22.526', '2018-04-12 19:18:22.526'),
('3','1','2', '2018-04-12 19:18:22.526', '2018-04-12 19:18:22.526'),
('4','4','2', '2018-04-12 19:18:22.526', '2018-04-12 19:18:22.526'),
('5','6','2', '2018-04-12 19:18:22.526', '2018-04-12 19:18:22.526'),
('7','7','2', '2018-04-12 19:18:22.526', '2018-04-12 19:18:22.526'),
('8','8','2', '2018-04-12 19:18:22.526', '2018-04-12 19:18:22.526'),
('8','9','2', '2018-04-12 19:18:22.526', '2018-04-12 19:18:22.526'),
('9','7','2', '2018-04-12 19:18:22.526', '2018-04-12 19:18:22.526'),
('10','10','2', '2018-04-12 19:18:22.526', '2018-04-12 19:18:22.526'),
('11','12','2', '2018-04-12 19:18:22.526', '2018-04-12 19:18:22.526');

INSERT INTO GT_YJZH
(GTId,YJZHId,number, createdAt, updatedAt)
VALUES
('1','1','2', '2018-04-12 19:18:22.526', '2018-04-12 19:18:22.526'),
('2','2','2', '2018-04-12 19:18:22.526', '2018-04-12 19:18:22.526'),
('2','3','2', '2018-04-12 19:18:22.526', '2018-04-12 19:18:22.526'),
('3','1','2', '2018-04-12 19:18:22.526', '2018-04-12 19:18:22.526'),
('4','4','2', '2018-04-12 19:18:22.526', '2018-04-12 19:18:22.526'),
('4','5','2', '2018-04-12 19:18:22.526', '2018-04-12 19:18:22.526'),
('4','6','2', '2018-04-12 19:18:22.526', '2018-04-12 19:18:22.526'),
('5','7','2', '2018-04-12 19:18:22.526', '2018-04-12 19:18:22.526'),
('6','8','2', '2018-04-12 19:18:22.526', '2018-04-12 19:18:22.526'),
('6','9','2', '2018-04-12 19:18:22.526', '2018-04-12 19:18:22.526'),
('7','7','2', '2018-04-12 19:18:22.526', '2018-04-12 19:18:22.526'),
('8','10','2', '2018-04-12 19:18:22.526', '2018-04-12 19:18:22.526'),
('8','11','2', '2018-04-12 19:18:22.526', '2018-04-12 19:18:22.526');

INSERT INTO YJZHXGT
(id,imageUrl,YJZHId, createdAt, updatedAt)
VALUES
('1','YJZH1Url1','1', '2018-04-12 19:18:22.526', '2018-04-12 19:18:22.526'),
('2','YJZH2Url1','2', '2018-04-12 19:18:22.526', '2018-04-12 19:18:22.526'),
('3','YJZH2Url2','2', '2018-04-12 19:18:22.526', '2018-04-12 19:18:22.526'),
('4','YJZH4Url1','4', '2018-04-12 19:18:22.526', '2018-04-12 19:18:22.526'),
('5','YJZH5Url1','5', '2018-04-12 19:18:22.526', '2018-04-12 19:18:22.526'),
('6','YJZH5Url2','5', '2018-04-12 19:18:22.526', '2018-04-12 19:18:22.526');

INSERT INTO EJZHXGT
(id,imageUrl,EJZHId, createdAt, updatedAt)
VALUES
('1','EJZH1Url1','1', '2018-04-12 19:18:22.526', '2018-04-12 19:18:22.526'),
('2','EJZH2Url1','2', '2018-04-12 19:18:22.526', '2018-04-12 19:18:22.526'),
('3','EJZH2Url2','2', '2018-04-12 19:18:22.526', '2018-04-12 19:18:22.526'),
('4','EJZH4Url1','4', '2018-04-12 19:18:22.526', '2018-04-12 19:18:22.526'),
('5','EJZH5Url1','5', '2018-04-12 19:18:22.526', '2018-04-12 19:18:22.526'),
('6','EJZH5Url2','5', '2018-04-12 19:18:22.526', '2018-04-12 19:18:22.526');
