
INSERT INTO User
(Id,username,password,JS, createdAt, updatedAt)
VALUES
('1','admin','$2a$08$3/YBKZpG6fXHvJi8TkZhsuUrZxsKusYIW4zBZwN5bYne.089biQNy','系统管理员', '2018-04-16 20:51:12.651', '2018-04-16 20:51:12.651'),
('2','PPJL1','$2a$08$yq2m.C16QC/RYl5.uFubL.u2a3H8F/pbQybL.wSM/onRlhqeP11n6','品牌经理', '2018-04-16 20:51:12.651', '2018-04-16 20:51:12.651'),
('3','PPJL2','$2a$08$ww4.kBDltxx6Ey.jn9Li1uuwI6BcvJUDnB2ALBC4eCuZHpSavh7Qu','品牌经理', '2018-04-16 20:51:12.651', '2018-04-16 20:51:12.651'),
('4','PPJL3','$2a$08$mLbeXz1E3YGgRwN6mWdN3OGGcBllzlq0AH5jqVCQID9WawMP66Yoq','品牌经理', '2018-04-16 20:51:12.651', '2018-04-16 20:51:12.651'),
('5','PPJL4','$2a$08$pEc3NWvwEc4ZfK3ZoKU3vu/IK6HpCOhbTYanl8oVLA1EjwOmSAxWe','品牌经理', '2018-04-16 20:51:12.651', '2018-04-16 20:51:12.651'),
('6','PPJL5','$2a$08$FOk1bTZT44KsAfpkEkm4neOYeugfJfEat7uEf.l8ZH/7DCGUcTu6K','品牌经理', '2018-04-16 20:51:12.651', '2018-04-16 20:51:12.651'),
('7','PPJL6','$2a$08$H8SR9JgGTBtaK8d53Jl1XOnksmNf76sWwZOPUU70pn6ewbGQ3yDr6','品牌经理', '2018-04-16 20:51:12.651', '2018-04-16 20:51:12.651'),
('8','KFJL1','$2a$08$pZ99Mmp7dBD4Ve6Fq1Qele.JUlYT.ppuBcvsphjNreouoYIvLOJn.','客服经理', '2018-04-16 20:51:12.651', '2018-04-16 20:51:12.651'),
('9','KFJL2','$2a$08$GU0Ewa.iHiDxtS0mZZA/BuESAOZEjjCuV3h8FOsHSWTkOtSezvEpO','客服经理', '2018-04-16 20:51:12.651', '2018-04-16 20:51:12.651'),
('10','KFJL3','$2a$08$Brsyevoeia0ViqAGCiYI4edSir0h.amYPt5RCSpxE/mOZjzXNTeUi','客服经理', '2018-04-16 20:51:12.651', '2018-04-16 20:51:12.651'),
('11','KFJL4','$2a$08$XYbNO3ycgLrC1iaN1ztyJ.8znK590WICCCOXc9Y64S/kckH3ojfoi','客服经理', '2018-04-16 20:51:12.651', '2018-04-16 20:51:12.651'),
('12','KFJL5','$2a$08$IhvgFWMLTqTRA0TGelcDrOBkHZzHDB7nxY1AG1a//zXIRqHWglIca','客服经理', '2018-04-16 20:51:12.651', '2018-04-16 20:51:12.651'),
('13','KFJL6','$2a$08$CS.hgMoM637DuKhM3TBFzuBZBM4H.NU.Jpro87BuBXdWs3pFzw92W','客服经理', '2018-04-16 20:51:12.651', '2018-04-16 20:51:12.651'),
('14','GZ1','$2a$08$VaM9447Cq.iT3SVlkzMCcukr8Id9/OI3OfTL/hrC.pE0gfLJq91wy','柜长', '2018-04-16 20:51:12.651', '2018-04-16 20:51:12.651'),
('15','GZ2','$2a$08$2vL6wvP0tqyMwKb3CN1sx.HuvcnRGkZdI5lXPs73DtJ/tkYRhI912','柜长', '2018-04-16 20:51:12.651', '2018-04-16 20:51:12.651'),
('16','GZ3','$2a$08$X4GsKwWOvspGwlZfheoaBOTID2IuD0RUfe10iKJugXFiEppMScQ1q','柜长', '2018-04-16 20:51:12.651', '2018-04-16 20:51:12.651'),
('17','GTBA1','$2a$08$EM4bU25RwqaZsuAPTddHHe3dlG.tSZv8tS9go4N79eILK81.mWBPC','柜台BA', '2018-04-16 20:51:12.651', '2018-04-16 20:51:12.651'),
('18','GTBA2','$2a$08$oEKuEgWaSPZVcfyQCV2xquTjEK3NGBx4vT4rhagfJ/BeG9ES9WDzW','柜台BA', '2018-04-16 20:51:12.651', '2018-04-16 20:51:12.651'),
('19','GTBA3','$2a$08$a1EfH04AXfztB6eU8wndCOiEvYouiUCwNLigrSHv7LmUivRbEewny','柜台BA', '2018-04-16 20:51:12.651', '2018-04-16 20:51:12.651'),
('20','GTBA4','$2a$08$VMeV8OTuA.rgqjZibpGWCeVkpx/eutFZ0rdKryTUGmdhNuYMYNf5i','柜台BA', '2018-04-16 20:51:12.651', '2018-04-16 20:51:12.651'),
('21','GTBA5','$2a$08$ASVvwZ7cw/nZh2XB7zg.Oehs9LpdDufRDWOyjQrmiauOFZu9ctCxG','柜台BA', '2018-04-16 20:51:12.651', '2018-04-16 20:51:12.651'),
('22','GTBA6','$2a$08$cbNDl5vWCIDetZefgeqjZOV5IVGdR8d.OrLp6S9RsY8uMmxZGWTre','柜台BA', '2018-04-16 20:51:12.651', '2018-04-16 20:51:12.651'),
('23','GTBA7','$2a$08$piUMu1vulDEKm.MLvo84eeCpQov.VqKgSQU8F.igQO7EU2GEV.3gy','柜台BA', '2018-04-16 20:51:12.651', '2018-04-16 20:51:12.651'),
('24','GTBA8','$2a$08$yL9ZjzGwXXueV/BeOnoKse8RFx3PHnGysVtCQMUu.Y5gceF6fC392','柜台BA', '2018-04-16 20:51:12.651', '2018-04-16 20:51:12.651'),
('25','GTBA9','$2a$08$W.l086oyyOtbrfGCWABRZuWc8dWGSs1Eg5AeYCl26OnlNWRX79gm6','柜台BA', '2018-04-16 20:51:12.651', '2018-04-16 20:51:12.651'),
('26','GYSGLY1','$2a$08$PskZB.Xvl5n./ayITXncxOQf0VHYb1bFKuwooNF.P7WQORfkmehK.','供应商管理员', '2018-04-16 20:51:12.651', '2018-04-16 20:51:12.651'),
('27','GYSGLY2','$2a$08$32LzcwLgqq5c16TppTc5xeiaEDPuHWtf48mG9C0NJEUrhQzt001em','供应商管理员', '2018-04-16 20:51:12.651', '2018-04-16 20:51:12.651'),
('28','GYSGLY3','$2a$08$jpLsLwFVGff0g/5goG8kAOHAGQChDYCqfQF/FIEpOSayAnlPhp/RC','供应商管理员', '2018-04-16 20:51:12.651', '2018-04-16 20:51:12.651'),
('29','ZHY1','$2a$08$fkKwnicT1yx9O5YsABeDA.ctvR4xBHbtbrUcpgo7JXFKgQckh1jPm','装货员', '2018-04-16 20:51:12.651', '2018-04-16 20:51:12.651'),
('30','ZHY2','$2a$08$CePTNq/JQilbmRGd3sGxbOFmLfO2geBsYBYL6TN.togiZphN6ITa2','装货员', '2018-04-16 20:51:12.651', '2018-04-16 20:51:12.651'),
('31','ZHY3','$2a$08$A2XXK0PbjFcNWQzTT27szOLLkOrY7LUNY9kv/aO9UslMssF/8zDia','装货员', '2018-04-16 20:51:12.651', '2018-04-16 20:51:12.651'),
('32','AZGSGLY1','$2a$08$Ysrkh4h/HFdhSaFgIaO5ru4md0G0e8Nr9AcIMUm8JF3dkBgqgvksa','安装公司管理员', '2018-04-16 20:51:12.651', '2018-04-16 20:51:12.651'),
('33','AZGSGLY2','$2a$08$avtYtAT0CcvKqOGg65Qf8ubqhB9mfFmy0NqFAKkgnokPrxRkZWFBK','安装公司管理员', '2018-04-16 20:51:12.651', '2018-04-16 20:51:12.651'),
('34','AZG1','$2a$08$6Yj/FA.XoK2ZKSFpf2iD..Pa3SpJlY9nxiza8/NHCTjZwZwqT5HQa','安装工', '2018-04-16 20:51:12.651', '2018-04-16 20:51:12.651'),
('35','AZG2','$2a$08$t1NfJCFbchOPdVplj6eW9.KBf9mdJXOJEEMAmw8m2PtvAEwAFVSTO','安装工', '2018-04-16 20:51:12.651', '2018-04-16 20:51:12.651'),
('36','AZG3','$2a$08$4IpsbbDmK/XeXHrLGwDLA.LugUCPqMX6HLjo6epYflSb93DDhE3O2','安装工', '2018-04-16 20:51:12.651', '2018-04-16 20:51:12.651'),
('37','AZG4','$2a$08$M4YYQ.I.4SXfGYi1GMdajexYUWy5sgMtJQIjEU52Ql7yQ2VhImc42','安装工', '2018-04-16 20:51:12.651', '2018-04-16 20:51:12.651'),
('38','AZG5','$2a$08$IvCvnB77vITHdlbiTqAFH.ToNg0qtapelfriPHLfEzeQM4IK2zH6K','安装工', '2018-04-16 20:51:12.651', '2018-04-16 20:51:12.651'),
('39','AZG6','$2a$08$B3y/2X4ICenKuLmYD/rNseO0bJ4bTspOfSYDuSkcoUzyrO1HVRGDW','安装工', '2018-04-16 20:51:12.651', '2018-04-16 20:51:12.651'),
('40','ZHY4','$2a$08$CgOSAWYRLXZ0uOpMhnFExOsyETFeRuUOpaNXF.txt2a0uIJKvGyEO','装货员', '2018-04-16 20:51:12.651', '2018-04-16 20:51:12.651'),
('41','GTBA10','$2a$08$E1qRZQgkawPMIXlBGiyYiO9kVuYopfkc5DqOMCAtzIWapErOSzYhS','柜台BA', '2018-04-16 20:51:12.651', '2018-04-16 20:51:12.651'),
('42','GZ4','$2a$08$RMK71cB.pzx7YeW53OX5iuECdsSEn.n2VteYtb0sTfen54wjm8Rgq','柜长', '2018-04-16 20:51:12.651', '2018-04-16 20:51:12.651'),
('43','GTBA11','$2a$08$p3NtbmS0zsqe4egHv36XOeuYHWrPupUWyxNPqm/PsupMZb.wDc1Hy','柜台BA', '2018-04-16 20:51:12.651', '2018-04-16 20:51:12.651');

INSERT INTO PP
(id,name, createdAt, updatedAt)
VALUES
('1','PP1', '2018-04-16 20:51:12.651', '2018-04-16 20:51:12.651'),
('2','PP2', '2018-04-16 20:51:12.651', '2018-04-16 20:51:12.651'),
('3','PP3', '2018-04-16 20:51:12.651', '2018-04-16 20:51:12.651'),
('4','PP4', '2018-04-16 20:51:12.651', '2018-04-16 20:51:12.651'),
('5','PP5', '2018-04-16 20:51:12.651', '2018-04-16 20:51:12.651'),
('6','PP6', '2018-04-16 20:51:12.651', '2018-04-16 20:51:12.651'),
('7','PP7', '2018-04-16 20:51:12.651', '2018-04-16 20:51:12.651');

INSERT INTO PPJL_PP
(UserId,PPId, createdAt, updatedAt)
VALUES
('2','1', '2018-04-16 20:51:12.651', '2018-04-16 20:51:12.651'),
('3','2', '2018-04-16 20:51:12.651', '2018-04-16 20:51:12.651'),
('5','4', '2018-04-16 20:51:12.651', '2018-04-16 20:51:12.651'),
('6','5', '2018-04-16 20:51:12.651', '2018-04-16 20:51:12.651'),
('7','6', '2018-04-16 20:51:12.651', '2018-04-16 20:51:12.651');

INSERT INTO KFJL_PP
(UserId,PPId, createdAt, updatedAt)
VALUES
('8','1', '2018-04-16 20:51:12.651', '2018-04-16 20:51:12.651'),
('9','2', '2018-04-16 20:51:12.651', '2018-04-16 20:51:12.651'),
('11','4', '2018-04-16 20:51:12.651', '2018-04-16 20:51:12.651'),
('12','5', '2018-04-16 20:51:12.651', '2018-04-16 20:51:12.651'),
('13','6', '2018-04-16 20:51:12.651', '2018-04-16 20:51:12.651');

INSERT INTO GZ_PP
(UserId,PPId, createdAt, updatedAt)
VALUES
('14','1', '2018-04-16 20:51:12.651', '2018-04-16 20:51:12.651'),
('15','1', '2018-04-16 20:51:12.651', '2018-04-16 20:51:12.651'),
('16','2', '2018-04-16 20:51:12.651', '2018-04-16 20:51:12.651'),
('42','7', '2018-04-16 20:51:12.651', '2018-04-16 20:51:12.651');

INSERT INTO GT
(id,name,code,PPId,QY,GTBAUserId,GZUserId,CS, createdAt, updatedAt)
VALUES
('1','GT1','1','1','东区','17','14','上海', '2018-04-16 20:51:12.651', '2018-04-16 20:51:12.651'),
('2','GT2','2','1','东区','18','14','上海', '2018-04-16 20:51:12.651', '2018-04-16 20:51:12.651'),
('3','GT3','3','1','北区','19','15','北京', '2018-04-16 20:51:12.651', '2018-04-16 20:51:12.651'),
('4','GT4','4','1','北区','20','15','北京', '2018-04-16 20:51:12.651', '2018-04-16 20:51:12.651'),
('5','GT5','5','2','东区','21','16','广州', '2018-04-16 20:51:12.651', '2018-04-16 20:51:12.651');

INSERT INTO GT
(id,name,code,PPId,QY,GTBAUserId,CS, createdAt, updatedAt)
VALUES
('6','GT6','6','3','东区','22','上海', '2018-04-16 20:51:12.651', '2018-04-16 20:51:12.651'),
('7','GT7','7','4','东区','23','上海', '2018-04-16 20:51:12.651', '2018-04-16 20:51:12.651'),
('8','GT8','8','5','东区','24','上海', '2018-04-16 20:51:12.651', '2018-04-16 20:51:12.651'),
('9','GT9','9','6','东区','25','上海', '2018-04-16 20:51:12.651', '2018-04-16 20:51:12.651'),
('10','GT10','10','7','东区','41','上海', '2018-04-16 20:51:12.651', '2018-04-16 20:51:12.651'),
('11','GT11','11','7','东区','43','上海', '2018-04-16 20:51:12.651', '2018-04-16 20:51:12.651');

INSERT INTO GYS
(id,Name,type, createdAt, updatedAt)
VALUES
('1','GYS1','生产', '2018-04-16 20:51:12.651', '2018-04-16 20:51:12.651'),
('2','GYS2','生产', '2018-04-16 20:51:12.651', '2018-04-16 20:51:12.651'),
('3','GYS3','生产', '2018-04-16 20:51:12.651', '2018-04-16 20:51:12.651'),
('4','GYS4','生产', '2018-04-16 20:51:12.651', '2018-04-16 20:51:12.651'),
('5','GYS5','中转', '2018-04-16 20:51:12.651', '2018-04-16 20:51:12.651'),
('6','GYS6','生产', '2018-04-16 20:51:12.651', '2018-04-16 20:51:12.651');

INSERT INTO GLY_GYS
(UserId,GYSId, createdAt, updatedAt)
VALUES
('26','1', '2018-04-16 20:51:12.651', '2018-04-16 20:51:12.651'),
('27','1', '2018-04-16 20:51:12.651', '2018-04-16 20:51:12.651'),
('28','2', '2018-04-16 20:51:12.651', '2018-04-16 20:51:12.651');

INSERT INTO ZHY_GYS
(UserId,GYSId, createdAt, updatedAt)
VALUES
('29','1', '2018-04-16 20:51:12.651', '2018-04-16 20:51:12.651'),
('30','2', '2018-04-16 20:51:12.651', '2018-04-16 20:51:12.651'),
('31','3', '2018-04-16 20:51:12.651', '2018-04-16 20:51:12.651'),
('40','6', '2018-04-16 20:51:12.651', '2018-04-16 20:51:12.651');

INSERT INTO AZGS
(id,name, createdAt, updatedAt)
VALUES
('1','AZGS1', '2018-04-16 20:51:12.651', '2018-04-16 20:51:12.651'),
('2','AZGS2', '2018-04-16 20:51:12.651', '2018-04-16 20:51:12.651'),
('3','AZGS3', '2018-04-16 20:51:12.651', '2018-04-16 20:51:12.651'),
('4','AZGS4', '2018-04-16 20:51:12.651', '2018-04-16 20:51:12.651'),
('5','AZGS5', '2018-04-16 20:51:12.651', '2018-04-16 20:51:12.651');

INSERT INTO GLY_AZGS
(UserId,AZGSId, createdAt, updatedAt)
VALUES
('32','1', '2018-04-16 20:51:12.651', '2018-04-16 20:51:12.651'),
('33','2', '2018-04-16 20:51:12.651', '2018-04-16 20:51:12.651');

INSERT INTO AZG_AZGS
(UserId,AZGSId, createdAt, updatedAt)
VALUES
('34','1', '2018-04-16 20:51:12.651', '2018-04-16 20:51:12.651'),
('35','1', '2018-04-16 20:51:12.651', '2018-04-16 20:51:12.651'),
('36','2', '2018-04-16 20:51:12.651', '2018-04-16 20:51:12.651'),
('37','3', '2018-04-16 20:51:12.651', '2018-04-16 20:51:12.651'),
('38','4', '2018-04-16 20:51:12.651', '2018-04-16 20:51:12.651'),
('39','5', '2018-04-16 20:51:12.651', '2018-04-16 20:51:12.651');

INSERT INTO DP
(id,name,PPId,GYSId, createdAt, updatedAt)
VALUES
('1','DP1','1','3', '2018-04-16 20:51:12.651', '2018-04-16 20:51:12.651'),
('2','DP2','1','4', '2018-04-16 20:51:12.651', '2018-04-16 20:51:12.651'),
('3','DP3','1','3', '2018-04-16 20:51:12.651', '2018-04-16 20:51:12.651'),
('4','DP4','2','3', '2018-04-16 20:51:12.651', '2018-04-16 20:51:12.651'),
('5','DP5','2','3', '2018-04-16 20:51:12.651', '2018-04-16 20:51:12.651'),
('6','DP6','3','3', '2018-04-16 20:51:12.651', '2018-04-16 20:51:12.651'),
('7','DP7','3','3', '2018-04-16 20:51:12.651', '2018-04-16 20:51:12.651'),
('8','DP8','4','6', '2018-04-16 20:51:12.651', '2018-04-16 20:51:12.651'),
('9','DP9','4','6', '2018-04-16 20:51:12.651', '2018-04-16 20:51:12.651'),
('10','DP10','5','6', '2018-04-16 20:51:12.651', '2018-04-16 20:51:12.651'),
('11','DP11','5','6', '2018-04-16 20:51:12.651', '2018-04-16 20:51:12.651'),
('12','DP12','6','6', '2018-04-16 20:51:12.651', '2018-04-16 20:51:12.651'),
('13','DP13','6','6', '2018-04-16 20:51:12.651', '2018-04-16 20:51:12.651'),
('14','DP14','7','6', '2018-04-16 20:51:12.651', '2018-04-16 20:51:12.651');

INSERT INTO DW
(id,name,GTId,DPId, createdAt, updatedAt)
VALUES
('1','DW1','1','1', '2018-04-16 20:51:12.651', '2018-04-16 20:51:12.651'),
('2','DW2','1','2', '2018-04-16 20:51:12.651', '2018-04-16 20:51:12.651'),
('3','DW3','1','2', '2018-04-16 20:51:12.651', '2018-04-16 20:51:12.651'),
('4','DW1','2','1', '2018-04-16 20:51:12.651', '2018-04-16 20:51:12.651'),
('5','DW2','2','2', '2018-04-16 20:51:12.651', '2018-04-16 20:51:12.651'),
('6','DW4','2','3', '2018-04-16 20:51:12.651', '2018-04-16 20:51:12.651'),
('9','DW1','6','6', '2018-04-16 20:51:12.651', '2018-04-16 20:51:12.651'),
('10','DW2','6','7', '2018-04-16 20:51:12.651', '2018-04-16 20:51:12.651'),
('11','DW1','7','8', '2018-04-16 20:51:12.651', '2018-04-16 20:51:12.651'),
('12','DW2','7','9', '2018-04-16 20:51:12.651', '2018-04-16 20:51:12.651'),
('13','DW1','8','10', '2018-04-16 20:51:12.651', '2018-04-16 20:51:12.651'),
('14','DW2','8','11', '2018-04-16 20:51:12.651', '2018-04-16 20:51:12.651'),
('15','DW1','9','12', '2018-04-16 20:51:12.651', '2018-04-16 20:51:12.651'),
('16','DW2','9','13', '2018-04-16 20:51:12.651', '2018-04-16 20:51:12.651'),
('17','DW1','10','14', '2018-04-16 20:51:12.651', '2018-04-16 20:51:12.651'),
('20','DW3','5','4', '2018-04-16 20:51:12.651', '2018-04-16 20:51:12.651'),
('21','DW4','5','5', '2018-04-16 20:51:12.651', '2018-04-16 20:51:12.651'),
('22','DW3','7','8', '2018-04-16 20:51:12.651', '2018-04-16 20:51:12.651');

INSERT INTO DW
(id,name,GTId, createdAt, updatedAt)
VALUES
('7','DW1','5', '2018-04-16 20:51:12.651', '2018-04-16 20:51:12.651'),
('8','DW2','5', '2018-04-16 20:51:12.651', '2018-04-16 20:51:12.651'),
('18','DW2','10', '2018-04-16 20:51:12.651', '2018-04-16 20:51:12.651'),
('19','DW1','11', '2018-04-16 20:51:12.651', '2018-04-16 20:51:12.651');

INSERT INTO FG
(id,name,PPId,note, createdAt, updatedAt)
VALUES
('1','FG1','1','NoteFG1', '2018-04-16 20:51:12.651', '2018-04-16 20:51:12.651'),
('2','FG2','1','NoteFG2', '2018-04-16 20:51:12.651', '2018-04-16 20:51:12.651'),
('3','FG3','1','NoteFG3', '2018-04-16 20:51:12.651', '2018-04-16 20:51:12.651');

INSERT INTO Tester
(id,name,PPId, createdAt, updatedAt)
VALUES
('1','Tester1','1', '2018-04-16 20:51:12.651', '2018-04-16 20:51:12.651'),
('2','Tester2','1', '2018-04-16 20:51:12.651', '2018-04-16 20:51:12.651'),
('3','Tester3','1', '2018-04-16 20:51:12.651', '2018-04-16 20:51:12.651');

INSERT INTO FG_Tester
(id,FGId,TesterId,PPId, createdAt, updatedAt)
VALUES
('1','1','1','1', '2018-04-16 20:51:12.651', '2018-04-16 20:51:12.651'),
('2','2','2','1', '2018-04-16 20:51:12.651', '2018-04-16 20:51:12.651'),
('3','2','3','1', '2018-04-16 20:51:12.651', '2018-04-16 20:51:12.651'),
('4','3','1','1', '2018-04-16 20:51:12.651', '2018-04-16 20:51:12.651');

INSERT INTO WL
(id,name,code,level,PPId,GYSId,imageUrl, createdAt, updatedAt)
VALUES
('1','WL3_1','1_3_1','3','1','1','UrlWL3_1', '2018-04-16 20:51:12.651', '2018-04-16 20:51:12.651'),
('2','WL3_2','1_3_2','3','1','1','UrlWL3_2', '2018-04-16 20:51:12.651', '2018-04-16 20:51:12.651'),
('3','WL3_3','1_3_3','3','1','2','UrlWL3_3', '2018-04-16 20:51:12.651', '2018-04-16 20:51:12.651'),
('4','WL3_4','1_3_4','3','1','2','UrlWL3_4', '2018-04-16 20:51:12.651', '2018-04-16 20:51:12.651'),
('5','WL2_1','1_2_1','2','1','1','UrlWL2_1', '2018-04-16 20:51:12.651', '2018-04-16 20:51:12.651'),
('6','WL2_2','1_2_2','2','1','1','UrlWL2_2', '2018-04-16 20:51:12.651', '2018-04-16 20:51:12.651'),
('7','WL2_3','1_2_3','2','1','1','UrlWL2_3', '2018-04-16 20:51:12.651', '2018-04-16 20:51:12.651'),
('8','WL2_4','1_2_4','2','1','2','UrlWL2_4', '2018-04-16 20:51:12.651', '2018-04-16 20:51:12.651'),
('9','WL2_5','1_2_5','2','1','2','UrlWL2_5', '2018-04-16 20:51:12.651', '2018-04-16 20:51:12.651'),
('10','WL2_6','1_2_6','2','1','2','UrlWL2_6', '2018-04-16 20:51:12.651', '2018-04-16 20:51:12.651'),
('11','WL1_1','1_1_1','1','1','1','UrlWL1_1', '2018-04-16 20:51:12.651', '2018-04-16 20:51:12.651'),
('12','WL1_2','1_1_2','1','1','1','UrlWL1_2', '2018-04-16 20:51:12.651', '2018-04-16 20:51:12.651'),
('13','WL1_3','1_1_3','1','1','1','UrlWL1_3', '2018-04-16 20:51:12.651', '2018-04-16 20:51:12.651'),
('14','WL1_4','1_1_4','1','1','2','UrlWL1_4', '2018-04-16 20:51:12.651', '2018-04-16 20:51:12.651'),
('15','WL1_5','1_1_5','1','1','2','UrlWL1_5', '2018-04-16 20:51:12.651', '2018-04-16 20:51:12.651'),
('16','WL1_6','1_1_6','1','1','2','UrlWL1_6', '2018-04-16 20:51:12.651', '2018-04-16 20:51:12.651'),
('17','WL3_1','2_3_1','3','2','1','UrlWL3_1', '2018-04-16 20:51:12.651', '2018-04-16 20:51:12.651'),
('18','WL2_1','2_2_1','2','2','1','UrlWL2_1', '2018-04-16 20:51:12.651', '2018-04-16 20:51:12.651'),
('19','WL1_1','2_1_1','1','2','1','UrlWL1_1', '2018-04-16 20:51:12.651', '2018-04-16 20:51:12.651'),
('20','WL3_1','3_3_1','3','3','6','UrlWL3_1', '2018-04-16 20:51:12.651', '2018-04-16 20:51:12.651'),
('21','WL2_1','3_2_1','2','3','6','UrlWL2_1', '2018-04-16 20:51:12.651', '2018-04-16 20:51:12.651'),
('22','WL1_1','3_1_1','1','3','6','UrlWL1_1', '2018-04-16 20:51:12.651', '2018-04-16 20:51:12.651'),
('23','WL3_1','4_3_1','3','4','6','UrlWL3_1', '2018-04-16 20:51:12.651', '2018-04-16 20:51:12.651'),
('24','WL2_1','4_2_1','2','4','6','UrlWL2_1', '2018-04-16 20:51:12.651', '2018-04-16 20:51:12.651'),
('25','WL1_1','4_1_1','1','4','6','UrlWL1_1', '2018-04-16 20:51:12.651', '2018-04-16 20:51:12.651'),
('26','WL3_1','5_3_1','3','5','6','UrlWL3_1', '2018-04-16 20:51:12.651', '2018-04-16 20:51:12.651'),
('27','WL2_1','5_2_1','2','5','6','UrlWL2_1', '2018-04-16 20:51:12.651', '2018-04-16 20:51:12.651'),
('28','WL1_1','5_1_1','1','5','6','UrlWL1_1', '2018-04-16 20:51:12.651', '2018-04-16 20:51:12.651'),
('29','WL3_1','6_3_1','3','6','6','UrlWL3_1', '2018-04-16 20:51:12.651', '2018-04-16 20:51:12.651'),
('30','WL2_1','6_2_1','2','6','6','UrlWL2_1', '2018-04-16 20:51:12.651', '2018-04-16 20:51:12.651'),
('31','WL1_1','6_1_1','1','6','6','UrlWL1_1', '2018-04-16 20:51:12.651', '2018-04-16 20:51:12.651'),
('32','WL1_1','7_1_1','1','7','6','UrlWL1_1', '2018-04-16 20:51:12.651', '2018-04-16 20:51:12.651');

INSERT INTO EJZH
(id,name,WLId,PPId,imageUrl, createdAt, updatedAt)
VALUES
('1','EJZH1','5','1','imageUrlEJZH1', '2018-04-16 20:51:12.651', '2018-04-16 20:51:12.651'),
('2','EJZH2','6','1','imageUrlEJZH2', '2018-04-16 20:51:12.651', '2018-04-16 20:51:12.651'),
('3','EJZH3','7','1','imageUrlEJZH3', '2018-04-16 20:51:12.651', '2018-04-16 20:51:12.651'),
('4','EJZH4','8','1','imageUrlEJZH4', '2018-04-16 20:51:12.651', '2018-04-16 20:51:12.651'),
('5','EJZH5','9','1','imageUrlEJZH5', '2018-04-16 20:51:12.651', '2018-04-16 20:51:12.651'),
('6','EJZH6','10','1','imageUrlEJZH6', '2018-04-16 20:51:12.651', '2018-04-16 20:51:12.651'),
('7','EJZH7','18','2','imageUrlEJZH7', '2018-04-16 20:51:12.651', '2018-04-16 20:51:12.651'),
('8','EJZH8','21','3','imageUrlEJZH8', '2018-04-16 20:51:12.651', '2018-04-16 20:51:12.651'),
('9','EJZH9','24','4','imageUrlEJZH9', '2018-04-16 20:51:12.651', '2018-04-16 20:51:12.651'),
('10','EJZH10','27','5','imageUrlEJZH10', '2018-04-16 20:51:12.651', '2018-04-16 20:51:12.651'),
('11','EJZH11','30','6','imageUrlEJZH11', '2018-04-16 20:51:12.651', '2018-04-16 20:51:12.651');

INSERT INTO EJZH_FGTester
(EJZHId,FGTesterId,number, createdAt, updatedAt)
VALUES
('1','1','2', '2018-04-16 20:51:12.651', '2018-04-16 20:51:12.651'),
('2','2','2', '2018-04-16 20:51:12.651', '2018-04-16 20:51:12.651'),
('2','3','2', '2018-04-16 20:51:12.651', '2018-04-16 20:51:12.651'),
('3','1','2', '2018-04-16 20:51:12.651', '2018-04-16 20:51:12.651');

INSERT INTO EJZH_SJWL
(EJZHId,WLId,number, createdAt, updatedAt)
VALUES
('2','1','2', '2018-04-16 20:51:12.651', '2018-04-16 20:51:12.651'),
('3','2','2', '2018-04-16 20:51:12.651', '2018-04-16 20:51:12.651'),
('3','3','2', '2018-04-16 20:51:12.651', '2018-04-16 20:51:12.651'),
('4','1','2', '2018-04-16 20:51:12.651', '2018-04-16 20:51:12.651'),
('5','4','2', '2018-04-16 20:51:12.651', '2018-04-16 20:51:12.651'),
('7','17','2', '2018-04-16 20:51:12.651', '2018-04-16 20:51:12.651'),
('8','20','2', '2018-04-16 20:51:12.651', '2018-04-16 20:51:12.651'),
('9','23','2', '2018-04-16 20:51:12.651', '2018-04-16 20:51:12.651'),
('10','26','2', '2018-04-16 20:51:12.651', '2018-04-16 20:51:12.651'),
('11','29','2', '2018-04-16 20:51:12.651', '2018-04-16 20:51:12.651');

INSERT INTO YJZH
(id,name,WLId,PPId,imageUrl, createdAt, updatedAt)
VALUES
('1','YJZH1','11','1','imageUrlYJZH1', '2018-04-16 20:51:12.651', '2018-04-16 20:51:12.651'),
('2','YJZH2','12','1','imageUrlYJZH2', '2018-04-16 20:51:12.651', '2018-04-16 20:51:12.651'),
('3','YJZH3','13','1','imageUrlYJZH3', '2018-04-16 20:51:12.651', '2018-04-16 20:51:12.651'),
('4','YJZH4','14','1','imageUrlYJZH4', '2018-04-16 20:51:12.651', '2018-04-16 20:51:12.651'),
('5','YJZH5','15','1','imageUrlYJZH5', '2018-04-16 20:51:12.651', '2018-04-16 20:51:12.651'),
('6','YJZH6','16','1','imageUrlYJZH6', '2018-04-16 20:51:12.651', '2018-04-16 20:51:12.651'),
('7','YJZH7','19','2','imageUrlYJZH7', '2018-04-16 20:51:12.651', '2018-04-16 20:51:12.651'),
('8','YJZH8','22','3','imageUrlYJZH8', '2018-04-16 20:51:12.651', '2018-04-16 20:51:12.651'),
('9','YJZH9','25','4','imageUrlYJZH9', '2018-04-16 20:51:12.651', '2018-04-16 20:51:12.651'),
('10','YJZH10','28','5','imageUrlYJZH10', '2018-04-16 20:51:12.651', '2018-04-16 20:51:12.651'),
('11','YJZH11','31','6','imageUrlYJZH11', '2018-04-16 20:51:12.651', '2018-04-16 20:51:12.651'),
('12','YJZH12','32','7','imageUrlYJZH12', '2018-04-16 20:51:12.651', '2018-04-16 20:51:12.651');

INSERT INTO YJZH_EJZH
(YJZHId,EJZHId,number, createdAt, updatedAt)
VALUES
('1','1','2', '2018-04-16 20:51:12.651', '2018-04-16 20:51:12.651'),
('2','2','2', '2018-04-16 20:51:12.651', '2018-04-16 20:51:12.651'),
('2','3','2', '2018-04-16 20:51:12.651', '2018-04-16 20:51:12.651'),
('3','1','2', '2018-04-16 20:51:12.651', '2018-04-16 20:51:12.651'),
('4','4','2', '2018-04-16 20:51:12.651', '2018-04-16 20:51:12.651'),
('5','6','2', '2018-04-16 20:51:12.651', '2018-04-16 20:51:12.651'),
('7','7','2', '2018-04-16 20:51:12.651', '2018-04-16 20:51:12.651'),
('8','8','2', '2018-04-16 20:51:12.651', '2018-04-16 20:51:12.651'),
('9','9','2', '2018-04-16 20:51:12.651', '2018-04-16 20:51:12.651'),
('10','10','2', '2018-04-16 20:51:12.651', '2018-04-16 20:51:12.651'),
('11','11','2', '2018-04-16 20:51:12.651', '2018-04-16 20:51:12.651');

INSERT INTO GT_YJZH
(GTId,YJZHId,number, createdAt, updatedAt)
VALUES
('1','1','2', '2018-04-16 20:51:12.651', '2018-04-16 20:51:12.651'),
('2','2','2', '2018-04-16 20:51:12.651', '2018-04-16 20:51:12.651'),
('2','3','2', '2018-04-16 20:51:12.651', '2018-04-16 20:51:12.651'),
('3','1','2', '2018-04-16 20:51:12.651', '2018-04-16 20:51:12.651'),
('4','4','2', '2018-04-16 20:51:12.651', '2018-04-16 20:51:12.651'),
('4','5','2', '2018-04-16 20:51:12.651', '2018-04-16 20:51:12.651'),
('4','6','2', '2018-04-16 20:51:12.651', '2018-04-16 20:51:12.651'),
('5','7','2', '2018-04-16 20:51:12.651', '2018-04-16 20:51:12.651'),
('6','8','2', '2018-04-16 20:51:12.651', '2018-04-16 20:51:12.651'),
('7','9','2', '2018-04-16 20:51:12.651', '2018-04-16 20:51:12.651'),
('8','10','2', '2018-04-16 20:51:12.651', '2018-04-16 20:51:12.651'),
('9','11','2', '2018-04-16 20:51:12.651', '2018-04-16 20:51:12.651'),
('10','12','2', '2018-04-16 20:51:12.651', '2018-04-16 20:51:12.651');

INSERT INTO YJZHXGT
(id,imageUrl,YJZHId, createdAt, updatedAt)
VALUES
('1','YJZH1Url1','1', '2018-04-16 20:51:12.651', '2018-04-16 20:51:12.651'),
('2','YJZH2Url1','2', '2018-04-16 20:51:12.651', '2018-04-16 20:51:12.651'),
('3','YJZH2Url2','2', '2018-04-16 20:51:12.651', '2018-04-16 20:51:12.651'),
('4','YJZH4Url1','4', '2018-04-16 20:51:12.651', '2018-04-16 20:51:12.651'),
('5','YJZH5Url1','5', '2018-04-16 20:51:12.651', '2018-04-16 20:51:12.651'),
('6','YJZH5Url2','5', '2018-04-16 20:51:12.651', '2018-04-16 20:51:12.651');

INSERT INTO EJZHXGT
(id,imageUrl,EJZHId, createdAt, updatedAt)
VALUES
('1','EJZH1Url1','1', '2018-04-16 20:51:12.651', '2018-04-16 20:51:12.651'),
('2','EJZH2Url1','2', '2018-04-16 20:51:12.651', '2018-04-16 20:51:12.651'),
('3','EJZH2Url2','2', '2018-04-16 20:51:12.651', '2018-04-16 20:51:12.651'),
('4','EJZH4Url1','4', '2018-04-16 20:51:12.651', '2018-04-16 20:51:12.651'),
('5','EJZH5Url1','5', '2018-04-16 20:51:12.651', '2018-04-16 20:51:12.651'),
('6','EJZH5Url2','5', '2018-04-16 20:51:12.651', '2018-04-16 20:51:12.651');

INSERT INTO DD
(id,name,status,PPId, createdAt, updatedAt)
VALUES
('1','DD_PP2','待审批','2', '2018-04-16 20:51:12.651', '2018-04-16 20:51:12.651'),
('2','DD_PP3','待审批','3', '2018-04-16 20:51:12.651', '2018-04-16 20:51:12.651'),
('3','DD_PP4','已审批','4', '2018-04-16 20:51:12.651', '2018-04-16 20:51:12.651'),
('4','DD_PP5','已审批','5', '2018-04-16 20:51:12.651', '2018-04-16 20:51:12.651'),
('5','DD_PP6','已审批','6', '2018-04-16 20:51:12.651', '2018-04-16 20:51:12.651'),
('6','DD_PP7','已审批','7', '2018-04-16 20:51:12.651', '2018-04-16 20:51:12.651');

INSERT INTO DD_GT_WL
(id,DDId,GTId,WLId,number,GYSId, createdAt, updatedAt)
VALUES
('1','1','5','17','8','1', '2018-04-16 20:51:12.651', '2018-04-16 20:51:12.651'),
('2','1','5','18','4','1', '2018-04-16 20:51:12.651', '2018-04-16 20:51:12.651'),
('3','1','5','19','2','1', '2018-04-16 20:51:12.651', '2018-04-16 20:51:12.651'),
('4','2','6','20','8','6', '2018-04-16 20:51:12.651', '2018-04-16 20:51:12.651'),
('5','2','6','21','4','6', '2018-04-16 20:51:12.651', '2018-04-16 20:51:12.651'),
('6','2','6','22','2','6', '2018-04-16 20:51:12.651', '2018-04-16 20:51:12.651');

INSERT INTO DD_GT_WLSnapshot
(id,DDId,GTId,WLId,number, createdAt, updatedAt)
VALUES
('1','1','5','17','8', '2018-04-16 20:51:12.651', '2018-04-16 20:51:12.651'),
('2','1','5','18','4', '2018-04-16 20:51:12.651', '2018-04-16 20:51:12.651'),
('3','1','5','19','2', '2018-04-16 20:51:12.651', '2018-04-16 20:51:12.651'),
('4','2','6','20','8', '2018-04-16 20:51:12.651', '2018-04-16 20:51:12.651'),
('5','2','6','21','4', '2018-04-16 20:51:12.651', '2018-04-16 20:51:12.651'),
('6','2','6','22','2', '2018-04-16 20:51:12.651', '2018-04-16 20:51:12.651'),
('7','3','7','23','8', '2018-04-16 20:51:12.651', '2018-04-16 20:51:12.651'),
('8','3','7','24','4', '2018-04-16 20:51:12.651', '2018-04-16 20:51:12.651'),
('9','3','7','25','2', '2018-04-16 20:51:12.651', '2018-04-16 20:51:12.651'),
('10','4','8','26','8', '2018-04-16 20:51:12.651', '2018-04-16 20:51:12.651'),
('11','4','8','27','4', '2018-04-16 20:51:12.651', '2018-04-16 20:51:12.651'),
('12','4','8','28','2', '2018-04-16 20:51:12.651', '2018-04-16 20:51:12.651'),
('13','5','9','29','8', '2018-04-16 20:51:12.651', '2018-04-16 20:51:12.651'),
('14','5','9','30','4', '2018-04-16 20:51:12.651', '2018-04-16 20:51:12.651'),
('15','5','9','31','2', '2018-04-16 20:51:12.651', '2018-04-16 20:51:12.651'),
('16','6','10','32','2', '2018-04-16 20:51:12.651', '2018-04-16 20:51:12.651');

INSERT INTO DD_GT_WL
(id,DDId,GTId,WLId,number,GYSId,ZXNumber,AZGSId, createdAt, updatedAt)
VALUES
('7','3','7','23','8','6','3','5', '2018-04-16 20:51:12.651', '2018-04-16 20:51:12.651'),
('8','3','7','24','4','6','2','5', '2018-04-16 20:51:12.651', '2018-04-16 20:51:12.651'),
('9','3','7','25','2','6','1','5', '2018-04-16 20:51:12.651', '2018-04-16 20:51:12.651');

INSERT INTO DD_GT_WL
(id,DDId,GTId,WLId,number,GYSId,ZXNumber,AZGSId,AZGUserId,YJRKDate,YJZXDate,YJAZDate, createdAt, updatedAt)
VALUES
('10','4','8','26','8','6','8','5','39','2018-06-01','2018-06-18','2018-06-25', '2018-04-16 20:51:12.651', '2018-04-16 20:51:12.651'),
('11','4','8','27','4','6','4','5','39','2018-06-01','2018-06-18','2018-06-25', '2018-04-16 20:51:12.651', '2018-04-16 20:51:12.651'),
('12','4','8','28','2','6','2','5','39','2018-06-01','2018-06-18','2018-06-25', '2018-04-16 20:51:12.651', '2018-04-16 20:51:12.651'),
('13','5','9','29','8','6','8','5','39','2018-06-01','2018-06-18','2018-06-25', '2018-04-16 20:51:12.651', '2018-04-16 20:51:12.651'),
('14','5','9','30','4','6','4','5','39','2018-06-01','2018-06-18','2018-06-25', '2018-04-16 20:51:12.651', '2018-04-16 20:51:12.651'),
('15','5','9','31','2','6','2','5','39','2018-06-01','2018-06-18','2018-06-25', '2018-04-16 20:51:12.651', '2018-04-16 20:51:12.651'),
('16','6','10','32','2','6','2','5','39','2018-06-01','2018-06-18','2018-06-25', '2018-04-16 20:51:12.651', '2018-04-16 20:51:12.651');

INSERT INTO DD_DW_DP
(id,DDId,DWId,DPId,GYSId, createdAt, updatedAt)
VALUES
('1','1','20','4','3', '2018-04-16 20:51:12.651', '2018-04-16 20:51:12.651'),
('2','1','21','5','3', '2018-04-16 20:51:12.651', '2018-04-16 20:51:12.651'),
('3','2','9','6','3', '2018-04-16 20:51:12.651', '2018-04-16 20:51:12.651'),
('4','2','10','7','3', '2018-04-16 20:51:12.651', '2018-04-16 20:51:12.651');

INSERT INTO DD_DW_DPSnapshot
(id,DDId,DWId,DPId, createdAt, updatedAt)
VALUES
('1','1','20','4', '2018-04-16 20:51:12.651', '2018-04-16 20:51:12.651'),
('2','1','21','5', '2018-04-16 20:51:12.651', '2018-04-16 20:51:12.651'),
('3','2','9','6', '2018-04-16 20:51:12.651', '2018-04-16 20:51:12.651'),
('4','2','10','7', '2018-04-16 20:51:12.651', '2018-04-16 20:51:12.651'),
('5','3','11','8', '2018-04-16 20:51:12.651', '2018-04-16 20:51:12.651'),
('6','3','12','9', '2018-04-16 20:51:12.651', '2018-04-16 20:51:12.651'),
('7','4','13','10', '2018-04-16 20:51:12.651', '2018-04-16 20:51:12.651'),
('8','4','14','11', '2018-04-16 20:51:12.651', '2018-04-16 20:51:12.651'),
('9','5','15','12', '2018-04-16 20:51:12.651', '2018-04-16 20:51:12.651'),
('10','5','16','13', '2018-04-16 20:51:12.651', '2018-04-16 20:51:12.651'),
('11','6','17','14', '2018-04-16 20:51:12.651', '2018-04-16 20:51:12.651');

INSERT INTO DD_DW_DP
(id,DDId,DWId,DPId,GYSId,ZXNumber,AZGSId, createdAt, updatedAt)
VALUES
('5','3','11','8','6','1','5', '2018-04-16 20:51:12.651', '2018-04-16 20:51:12.651'),
('6','3','12','9','6','0','5', '2018-04-16 20:51:12.651', '2018-04-16 20:51:12.651');

INSERT INTO DD_DW_DP
(id,DDId,DWId,DPId,GYSId,ZXNumber,AZGSId,AZGUserId,YJRKDate,YJZXDate,YJAZDate, createdAt, updatedAt)
VALUES
('7','3','22','8','6','1','5','39','2018-06-01','2018-06-18','2018-06-25', '2018-04-16 20:51:12.651', '2018-04-16 20:51:12.651'),
('8','4','13','10','6','1','5','39','2018-06-01','2018-06-18','2018-06-25', '2018-04-16 20:51:12.651', '2018-04-16 20:51:12.651'),
('9','4','14','11','6','1','5','39','2018-06-01','2018-06-18','2018-06-25', '2018-04-16 20:51:12.651', '2018-04-16 20:51:12.651'),
('10','5','15','12','6','1','5','39','2018-06-01','2018-06-18','2018-06-25', '2018-04-16 20:51:12.651', '2018-04-16 20:51:12.651'),
('11','5','16','13','6','1','5','39','2018-06-01','2018-06-18','2018-06-25', '2018-04-16 20:51:12.651', '2018-04-16 20:51:12.651'),
('12','6','17','14','6','1','5','39','2018-06-01','2018-06-18','2018-06-25', '2018-04-16 20:51:12.651', '2018-04-16 20:51:12.651');

INSERT INTO KDD
(id,code, createdAt, updatedAt)
VALUES
('1','KDD1', '2018-04-16 20:51:12.651', '2018-04-16 20:51:12.651'),
('2','KDD2', '2018-04-16 20:51:12.651', '2018-04-16 20:51:12.651'),
('3','KDD3', '2018-04-16 20:51:12.651', '2018-04-16 20:51:12.651'),
('4','KDD4', '2018-04-16 20:51:12.651', '2018-04-16 20:51:12.651'),
('5','KDD5', '2018-04-16 20:51:12.651', '2018-04-16 20:51:12.651'),
('6','KDD6', '2018-04-16 20:51:12.651', '2018-04-16 20:51:12.651'),
('7','KDD7', '2018-04-16 20:51:12.651', '2018-04-16 20:51:12.651'),
('8','KDD8', '2018-04-16 20:51:12.651', '2018-04-16 20:51:12.651'),
('9','KDD9', '2018-04-16 20:51:12.651', '2018-04-16 20:51:12.651');

INSERT INTO KDX
(id,EWM,GTId,KDDId,status, createdAt, updatedAt)
VALUES
('2','KDX2','7','1','发货', '2018-04-16 20:51:12.651', '2018-04-16 20:51:12.651'),
('3','KDX3','8','2','发货', '2018-04-16 20:51:12.651', '2018-04-16 20:51:12.651'),
('4','KDX4','8','3','收箱', '2018-04-16 20:51:12.651', '2018-04-16 20:51:12.651'),
('5','KDX5','9','4','收箱', '2018-04-16 20:51:12.651', '2018-04-16 20:51:12.651'),
('6','KDX6','9','4','收箱', '2018-04-16 20:51:12.651', '2018-04-16 20:51:12.651'),
('8','KDX8','8','5','发货', '2018-04-16 20:51:12.651', '2018-04-16 20:51:12.651'),
('9','KDX9','8','6','收箱', '2018-04-16 20:51:12.651', '2018-04-16 20:51:12.651'),
('10','KDX10','9','7','收箱', '2018-04-16 20:51:12.651', '2018-04-16 20:51:12.651'),
('11','KDX11','9','7','收箱', '2018-04-16 20:51:12.651', '2018-04-16 20:51:12.651'),
('12','KDX12','10','8','收箱', '2018-04-16 20:51:12.651', '2018-04-16 20:51:12.651'),
('13','KDX13','10','9','收箱', '2018-04-16 20:51:12.651', '2018-04-16 20:51:12.651');

INSERT INTO KDX
(id,EWM,GTId,status, createdAt, updatedAt)
VALUES
('1','KDX1','7','装箱', '2018-04-16 20:51:12.651', '2018-04-16 20:51:12.651'),
('7','KDX7','7','装箱', '2018-04-16 20:51:12.651', '2018-04-16 20:51:12.651'),
('14','KDX14','7','装箱', '2018-04-16 20:51:12.651', '2018-04-16 20:51:12.651');

INSERT INTO WYWL
(id,EWM,status,WLId,GYSId,DDGTWLId, createdAt, updatedAt)
VALUES
('1','WL23_1','入库','23','6','7', '2018-04-16 20:51:12.651', '2018-04-16 20:51:12.651'),
('2','WL23_2','入库','23','6','7', '2018-04-16 20:51:12.651', '2018-04-16 20:51:12.651');

INSERT INTO WYWL
(id,EWM,status,WLId,GYSId,DDGTWLId,KDXId, createdAt, updatedAt)
VALUES
('3','WL23_3','装箱','23','6','7','1', '2018-04-16 20:51:12.651', '2018-04-16 20:51:12.651'),
('4','WL23_4','装箱','23','6','7','1', '2018-04-16 20:51:12.651', '2018-04-16 20:51:12.651'),
('5','WL23_5','装箱','23','6','7','1', '2018-04-16 20:51:12.651', '2018-04-16 20:51:12.651'),
('6','WL24_1','装箱','24','6','8','1', '2018-04-16 20:51:12.651', '2018-04-16 20:51:12.651'),
('7','WL24_2','装箱','24','6','8','1', '2018-04-16 20:51:12.651', '2018-04-16 20:51:12.651'),
('10','WL25_1','发货','25','6','9','2', '2018-04-16 20:51:12.651', '2018-04-16 20:51:12.651'),
('12','WL26_1','发货','26','6','10','3', '2018-04-16 20:51:12.651', '2018-04-16 20:51:12.651'),
('13','WL26_2','发货','26','6','10','3', '2018-04-16 20:51:12.651', '2018-04-16 20:51:12.651'),
('14','WL26_3','发货','26','6','10','3', '2018-04-16 20:51:12.651', '2018-04-16 20:51:12.651'),
('15','WL26_4','发货','26','6','10','3', '2018-04-16 20:51:12.651', '2018-04-16 20:51:12.651'),
('16','WL26_5','发货','26','6','10','3', '2018-04-16 20:51:12.651', '2018-04-16 20:51:12.651'),
('17','WL26_6','发货','26','6','10','3', '2018-04-16 20:51:12.651', '2018-04-16 20:51:12.651'),
('18','WL26_7','发货','26','6','10','3', '2018-04-16 20:51:12.651', '2018-04-16 20:51:12.651'),
('19','WL26_8','发货','26','6','10','3', '2018-04-16 20:51:12.651', '2018-04-16 20:51:12.651'),
('20','WL27_1','收箱','27','6','11','4', '2018-04-16 20:51:12.651', '2018-04-16 20:51:12.651'),
('21','WL27_2','收箱','27','6','11','4', '2018-04-16 20:51:12.651', '2018-04-16 20:51:12.651'),
('22','WL27_3','收箱','27','6','11','4', '2018-04-16 20:51:12.651', '2018-04-16 20:51:12.651'),
('23','WL27_4','收箱','27','6','11','4', '2018-04-16 20:51:12.651', '2018-04-16 20:51:12.651'),
('24','WL28_1','收货','28','6','12','4', '2018-04-16 20:51:12.651', '2018-04-16 20:51:12.651'),
('25','WL28_2','收货','28','6','12','4', '2018-04-16 20:51:12.651', '2018-04-16 20:51:12.651');

INSERT INTO WYWL
(id,EWM,status,WLId,GYSId,DDGTWLId,KDXId,AZFKType,imageUrl, createdAt, updatedAt)
VALUES
('26','WL29_1','反馈图','29','6','13','5','安装成功','UrlWL29_1', '2018-04-16 20:51:12.651', '2018-04-16 20:51:12.651'),
('27','WL29_2','反馈图','29','6','13','5','安装成功','UrlWL29_2', '2018-04-16 20:51:12.651', '2018-04-16 20:51:12.651'),
('28','WL29_3','反馈图','29','6','13','5','安装成功','UrlWL29_3', '2018-04-16 20:51:12.651', '2018-04-16 20:51:12.651'),
('29','WL29_4','反馈图','29','6','13','5','安装成功','UrlWL29_4', '2018-04-16 20:51:12.651', '2018-04-16 20:51:12.651'),
('30','WL29_5','反馈图','29','6','13','5','安装成功','UrlWL29_5', '2018-04-16 20:51:12.651', '2018-04-16 20:51:12.651'),
('31','WL29_6','反馈图','29','6','13','5','安装成功','UrlWL29_6', '2018-04-16 20:51:12.651', '2018-04-16 20:51:12.651'),
('32','WL29_7','反馈图','29','6','13','5','安装成功','UrlWL29_7', '2018-04-16 20:51:12.651', '2018-04-16 20:51:12.651'),
('33','WL29_8','反馈图','29','6','13','5','安装成功','UrlWL29_8', '2018-04-16 20:51:12.651', '2018-04-16 20:51:12.651'),
('34','WL30_1','反馈图','30','6','14','6','安装成功','UrlWL30_1', '2018-04-16 20:51:12.651', '2018-04-16 20:51:12.651'),
('35','WL30_2','反馈图','30','6','14','6','安装成功','UrlWL30_2', '2018-04-16 20:51:12.651', '2018-04-16 20:51:12.651'),
('36','WL30_3','反馈图','30','6','14','6','安装成功','UrlWL30_3', '2018-04-16 20:51:12.651', '2018-04-16 20:51:12.651'),
('37','WL30_4','反馈图','30','6','14','6','安装成功','UrlWL30_4', '2018-04-16 20:51:12.651', '2018-04-16 20:51:12.651'),
('38','WL31_1','反馈图','31','6','15','6','丢失','UrlWL31_1', '2018-04-16 20:51:12.651', '2018-04-16 20:51:12.651'),
('39','WL31_2','反馈图','31','6','15','6','丢失','UrlWL31_2', '2018-04-16 20:51:12.651', '2018-04-16 20:51:12.651');

INSERT INTO WYWL
(id,EWM,status,WLId,GYSId,DDGTWLId,KDXId,AZFKType, createdAt, updatedAt)
VALUES
('40','WL32_1','反馈','32','6','16','12','安装成功', '2018-04-16 20:51:12.651', '2018-04-16 20:51:12.651'),
('41','WL32_2','反馈','32','6','16','12','安装成功', '2018-04-16 20:51:12.651', '2018-04-16 20:51:12.651');

INSERT INTO WYWLCZ
(id,WYWLId,status,UserId, createdAt, updatedAt)
VALUES
('1','1','入库','40', '2018-04-16 20:51:12.651', '2018-04-16 20:51:12.651'),
('2','2','入库','40', '2018-04-16 20:51:12.651', '2018-04-16 20:51:12.651'),
('3','3','装箱','40', '2018-04-16 20:51:12.651', '2018-04-16 20:51:12.651'),
('4','4','装箱','40', '2018-04-16 20:51:12.651', '2018-04-16 20:51:12.651'),
('5','5','装箱','40', '2018-04-16 20:51:12.651', '2018-04-16 20:51:12.651'),
('6','6','装箱','40', '2018-04-16 20:51:12.651', '2018-04-16 20:51:12.651'),
('7','7','装箱','40', '2018-04-16 20:51:12.651', '2018-04-16 20:51:12.651'),
('8','10','装箱','40', '2018-04-16 20:51:12.651', '2018-04-16 20:51:12.651'),
('9','10','发货','40', '2018-04-16 20:51:12.651', '2018-04-16 20:51:12.651'),
('10','12','装箱','40', '2018-04-16 20:51:12.651', '2018-04-16 20:51:12.651'),
('11','13','装箱','40', '2018-04-16 20:51:12.651', '2018-04-16 20:51:12.651'),
('12','14','装箱','40', '2018-04-16 20:51:12.651', '2018-04-16 20:51:12.651'),
('13','15','装箱','40', '2018-04-16 20:51:12.651', '2018-04-16 20:51:12.651'),
('14','16','装箱','40', '2018-04-16 20:51:12.651', '2018-04-16 20:51:12.651'),
('15','17','装箱','40', '2018-04-16 20:51:12.651', '2018-04-16 20:51:12.651'),
('16','18','装箱','40', '2018-04-16 20:51:12.651', '2018-04-16 20:51:12.651'),
('17','19','装箱','40', '2018-04-16 20:51:12.651', '2018-04-16 20:51:12.651'),
('18','12','发货','40', '2018-04-16 20:51:12.651', '2018-04-16 20:51:12.651'),
('19','13','发货','40', '2018-04-16 20:51:12.651', '2018-04-16 20:51:12.651'),
('20','14','发货','40', '2018-04-16 20:51:12.651', '2018-04-16 20:51:12.651'),
('21','15','发货','40', '2018-04-16 20:51:12.651', '2018-04-16 20:51:12.651'),
('22','16','发货','40', '2018-04-16 20:51:12.651', '2018-04-16 20:51:12.651'),
('23','17','发货','40', '2018-04-16 20:51:12.651', '2018-04-16 20:51:12.651'),
('24','18','发货','40', '2018-04-16 20:51:12.651', '2018-04-16 20:51:12.651'),
('25','19','发货','40', '2018-04-16 20:51:12.651', '2018-04-16 20:51:12.651'),
('26','20','装箱','40', '2018-04-16 20:51:12.651', '2018-04-16 20:51:12.651'),
('27','21','装箱','40', '2018-04-16 20:51:12.651', '2018-04-16 20:51:12.651'),
('28','22','装箱','40', '2018-04-16 20:51:12.651', '2018-04-16 20:51:12.651'),
('29','23','装箱','40', '2018-04-16 20:51:12.651', '2018-04-16 20:51:12.651'),
('30','20','发货','40', '2018-04-16 20:51:12.651', '2018-04-16 20:51:12.651'),
('31','21','发货','40', '2018-04-16 20:51:12.651', '2018-04-16 20:51:12.651'),
('32','22','发货','40', '2018-04-16 20:51:12.651', '2018-04-16 20:51:12.651'),
('33','23','发货','40', '2018-04-16 20:51:12.651', '2018-04-16 20:51:12.651'),
('34','20','收箱','24', '2018-04-16 20:51:12.651', '2018-04-16 20:51:12.651'),
('35','21','收箱','24', '2018-04-16 20:51:12.651', '2018-04-16 20:51:12.651'),
('36','22','收箱','24', '2018-04-16 20:51:12.651', '2018-04-16 20:51:12.651'),
('37','23','收箱','24', '2018-04-16 20:51:12.651', '2018-04-16 20:51:12.651'),
('38','24','装箱','40', '2018-04-16 20:51:12.651', '2018-04-16 20:51:12.651'),
('39','25','装箱','40', '2018-04-16 20:51:12.651', '2018-04-16 20:51:12.651'),
('40','24','发货','40', '2018-04-16 20:51:12.651', '2018-04-16 20:51:12.651'),
('41','25','发货','40', '2018-04-16 20:51:12.651', '2018-04-16 20:51:12.651'),
('42','24','收箱','24', '2018-04-16 20:51:12.651', '2018-04-16 20:51:12.651'),
('43','25','收箱','24', '2018-04-16 20:51:12.651', '2018-04-16 20:51:12.651'),
('44','24','收货','39', '2018-04-16 20:51:12.651', '2018-04-16 20:51:12.651'),
('45','25','收货','39', '2018-04-16 20:51:12.651', '2018-04-16 20:51:12.651'),
('46','26','装箱','40', '2018-04-16 20:51:12.651', '2018-04-16 20:51:12.651'),
('47','27','装箱','40', '2018-04-16 20:51:12.651', '2018-04-16 20:51:12.651'),
('48','28','装箱','40', '2018-04-16 20:51:12.651', '2018-04-16 20:51:12.651'),
('49','29','装箱','40', '2018-04-16 20:51:12.651', '2018-04-16 20:51:12.651'),
('50','30','装箱','40', '2018-04-16 20:51:12.651', '2018-04-16 20:51:12.651'),
('51','31','装箱','40', '2018-04-16 20:51:12.651', '2018-04-16 20:51:12.651'),
('52','32','装箱','40', '2018-04-16 20:51:12.651', '2018-04-16 20:51:12.651'),
('53','33','装箱','40', '2018-04-16 20:51:12.651', '2018-04-16 20:51:12.651'),
('54','34','装箱','40', '2018-04-16 20:51:12.651', '2018-04-16 20:51:12.651'),
('55','35','装箱','40', '2018-04-16 20:51:12.651', '2018-04-16 20:51:12.651'),
('56','36','装箱','40', '2018-04-16 20:51:12.651', '2018-04-16 20:51:12.651'),
('57','37','装箱','40', '2018-04-16 20:51:12.651', '2018-04-16 20:51:12.651'),
('58','38','装箱','40', '2018-04-16 20:51:12.651', '2018-04-16 20:51:12.651'),
('59','39','装箱','40', '2018-04-16 20:51:12.651', '2018-04-16 20:51:12.651'),
('60','26','发货','40', '2018-04-16 20:51:12.651', '2018-04-16 20:51:12.651'),
('61','27','发货','40', '2018-04-16 20:51:12.651', '2018-04-16 20:51:12.651'),
('62','28','发货','40', '2018-04-16 20:51:12.651', '2018-04-16 20:51:12.651'),
('63','29','发货','40', '2018-04-16 20:51:12.651', '2018-04-16 20:51:12.651'),
('64','30','发货','40', '2018-04-16 20:51:12.651', '2018-04-16 20:51:12.651'),
('65','31','发货','40', '2018-04-16 20:51:12.651', '2018-04-16 20:51:12.651'),
('66','32','发货','40', '2018-04-16 20:51:12.651', '2018-04-16 20:51:12.651'),
('67','33','发货','40', '2018-04-16 20:51:12.651', '2018-04-16 20:51:12.651'),
('68','34','发货','40', '2018-04-16 20:51:12.651', '2018-04-16 20:51:12.651'),
('69','35','发货','40', '2018-04-16 20:51:12.651', '2018-04-16 20:51:12.651'),
('70','36','发货','40', '2018-04-16 20:51:12.651', '2018-04-16 20:51:12.651'),
('71','37','发货','40', '2018-04-16 20:51:12.651', '2018-04-16 20:51:12.651'),
('72','38','发货','40', '2018-04-16 20:51:12.651', '2018-04-16 20:51:12.651'),
('73','39','发货','40', '2018-04-16 20:51:12.651', '2018-04-16 20:51:12.651'),
('74','26','收箱','25', '2018-04-16 20:51:12.651', '2018-04-16 20:51:12.651'),
('75','27','收箱','25', '2018-04-16 20:51:12.651', '2018-04-16 20:51:12.651'),
('76','28','收箱','25', '2018-04-16 20:51:12.651', '2018-04-16 20:51:12.651'),
('77','29','收箱','25', '2018-04-16 20:51:12.651', '2018-04-16 20:51:12.651'),
('78','30','收箱','25', '2018-04-16 20:51:12.651', '2018-04-16 20:51:12.651'),
('79','31','收箱','25', '2018-04-16 20:51:12.651', '2018-04-16 20:51:12.651'),
('80','32','收箱','25', '2018-04-16 20:51:12.651', '2018-04-16 20:51:12.651'),
('81','33','收箱','25', '2018-04-16 20:51:12.651', '2018-04-16 20:51:12.651'),
('82','34','收箱','25', '2018-04-16 20:51:12.651', '2018-04-16 20:51:12.651'),
('83','35','收箱','25', '2018-04-16 20:51:12.651', '2018-04-16 20:51:12.651'),
('84','36','收箱','25', '2018-04-16 20:51:12.651', '2018-04-16 20:51:12.651'),
('85','37','收箱','25', '2018-04-16 20:51:12.651', '2018-04-16 20:51:12.651'),
('86','38','收箱','25', '2018-04-16 20:51:12.651', '2018-04-16 20:51:12.651'),
('87','39','收箱','25', '2018-04-16 20:51:12.651', '2018-04-16 20:51:12.651'),
('88','26','收货','39', '2018-04-16 20:51:12.651', '2018-04-16 20:51:12.651'),
('89','27','收货','39', '2018-04-16 20:51:12.651', '2018-04-16 20:51:12.651'),
('90','28','收货','39', '2018-04-16 20:51:12.651', '2018-04-16 20:51:12.651'),
('91','29','收货','39', '2018-04-16 20:51:12.651', '2018-04-16 20:51:12.651'),
('92','30','收货','39', '2018-04-16 20:51:12.651', '2018-04-16 20:51:12.651'),
('93','31','收货','39', '2018-04-16 20:51:12.651', '2018-04-16 20:51:12.651'),
('94','32','收货','39', '2018-04-16 20:51:12.651', '2018-04-16 20:51:12.651'),
('95','33','收货','39', '2018-04-16 20:51:12.651', '2018-04-16 20:51:12.651'),
('96','34','收货','39', '2018-04-16 20:51:12.651', '2018-04-16 20:51:12.651'),
('97','35','收货','39', '2018-04-16 20:51:12.651', '2018-04-16 20:51:12.651'),
('98','36','收货','39', '2018-04-16 20:51:12.651', '2018-04-16 20:51:12.651'),
('99','37','收货','39', '2018-04-16 20:51:12.651', '2018-04-16 20:51:12.651'),
('100','38','收货','39', '2018-04-16 20:51:12.651', '2018-04-16 20:51:12.651'),
('101','39','收货','39', '2018-04-16 20:51:12.651', '2018-04-16 20:51:12.651'),
('102','26','反馈','39', '2018-04-16 20:51:12.651', '2018-04-16 20:51:12.651'),
('103','27','反馈','39', '2018-04-16 20:51:12.651', '2018-04-16 20:51:12.651'),
('104','28','反馈','39', '2018-04-16 20:51:12.651', '2018-04-16 20:51:12.651'),
('105','29','反馈','39', '2018-04-16 20:51:12.651', '2018-04-16 20:51:12.651'),
('106','30','反馈','39', '2018-04-16 20:51:12.651', '2018-04-16 20:51:12.651'),
('107','31','反馈','39', '2018-04-16 20:51:12.651', '2018-04-16 20:51:12.651'),
('108','32','反馈','39', '2018-04-16 20:51:12.651', '2018-04-16 20:51:12.651'),
('109','33','反馈','39', '2018-04-16 20:51:12.651', '2018-04-16 20:51:12.651'),
('110','34','反馈','39', '2018-04-16 20:51:12.651', '2018-04-16 20:51:12.651'),
('111','35','反馈','39', '2018-04-16 20:51:12.651', '2018-04-16 20:51:12.651'),
('112','36','反馈','39', '2018-04-16 20:51:12.651', '2018-04-16 20:51:12.651'),
('113','37','反馈','39', '2018-04-16 20:51:12.651', '2018-04-16 20:51:12.651'),
('114','38','反馈','39', '2018-04-16 20:51:12.651', '2018-04-16 20:51:12.651'),
('115','39','反馈','39', '2018-04-16 20:51:12.651', '2018-04-16 20:51:12.651'),
('116','26','反馈图','39', '2018-04-16 20:51:12.651', '2018-04-16 20:51:12.651'),
('117','27','反馈图','39', '2018-04-16 20:51:12.651', '2018-04-16 20:51:12.651'),
('118','28','反馈图','39', '2018-04-16 20:51:12.651', '2018-04-16 20:51:12.651'),
('119','29','反馈图','39', '2018-04-16 20:51:12.651', '2018-04-16 20:51:12.651'),
('120','30','反馈图','39', '2018-04-16 20:51:12.651', '2018-04-16 20:51:12.651'),
('121','31','反馈图','39', '2018-04-16 20:51:12.651', '2018-04-16 20:51:12.651'),
('122','32','反馈图','39', '2018-04-16 20:51:12.651', '2018-04-16 20:51:12.651'),
('123','33','反馈图','39', '2018-04-16 20:51:12.651', '2018-04-16 20:51:12.651'),
('124','34','反馈图','39', '2018-04-16 20:51:12.651', '2018-04-16 20:51:12.651'),
('125','35','反馈图','39', '2018-04-16 20:51:12.651', '2018-04-16 20:51:12.651'),
('126','36','反馈图','39', '2018-04-16 20:51:12.651', '2018-04-16 20:51:12.651'),
('127','37','反馈图','39', '2018-04-16 20:51:12.651', '2018-04-16 20:51:12.651'),
('128','38','反馈图','39', '2018-04-16 20:51:12.651', '2018-04-16 20:51:12.651'),
('129','39','反馈图','39', '2018-04-16 20:51:12.651', '2018-04-16 20:51:12.651'),
('130','40','入库','40', '2018-04-16 20:51:12.651', '2018-04-16 20:51:12.651'),
('131','41','入库','40', '2018-04-16 20:51:12.651', '2018-04-16 20:51:12.651'),
('132','40','装箱','40', '2018-04-16 20:51:12.651', '2018-04-16 20:51:12.651'),
('133','41','装箱','40', '2018-04-16 20:51:12.651', '2018-04-16 20:51:12.651'),
('134','40','发货','40', '2018-04-16 20:51:12.651', '2018-04-16 20:51:12.651'),
('135','41','发货','40', '2018-04-16 20:51:12.651', '2018-04-16 20:51:12.651'),
('136','40','收箱','41', '2018-04-16 20:51:12.651', '2018-04-16 20:51:12.651'),
('137','41','收箱','41', '2018-04-16 20:51:12.651', '2018-04-16 20:51:12.651'),
('138','40','收货','39', '2018-04-16 20:51:12.651', '2018-04-16 20:51:12.651'),
('139','41','收货','39', '2018-04-16 20:51:12.651', '2018-04-16 20:51:12.651'),
('140','40','反馈','39', '2018-04-16 20:51:12.651', '2018-04-16 20:51:12.651'),
('141','41','反馈','39', '2018-04-16 20:51:12.651', '2018-04-16 20:51:12.651');

INSERT INTO WYDP
(id,EWM,status,DPId,GYSId,DDDWDPId,KDXId, createdAt, updatedAt)
VALUES
('1','DP9','装箱','8','6','7','14', '2018-04-16 20:51:12.651', '2018-04-16 20:51:12.651'),
('2','DP8','发货','8','6','5','7', '2018-04-16 20:51:12.651', '2018-04-16 20:51:12.651'),
('3','DP10','收箱','10','6','7','8', '2018-04-16 20:51:12.651', '2018-04-16 20:51:12.651'),
('4','DP11','收货','11','6','8','9', '2018-04-16 20:51:12.651', '2018-04-16 20:51:12.651');

INSERT INTO WYDP
(id,EWM,status,DPId,GYSId,DDDWDPId,KDXId,AZFKType,imageUrl, createdAt, updatedAt)
VALUES
('5','DP12','反馈图','12','6','9','10','安装成功','UrlDP12', '2018-04-16 20:51:12.651', '2018-04-16 20:51:12.651'),
('6','DP13','反馈图','13','6','10','11','尺寸不对','UrlDP13', '2018-04-16 20:51:12.651', '2018-04-16 20:51:12.651');

INSERT INTO WYDP
(id,EWM,status,DPId,GYSId,DDDWDPId,KDXId,AZFKType, createdAt, updatedAt)
VALUES
('7','DP14','反馈','14','6','11','13','安装成功', '2018-04-16 20:51:12.651', '2018-04-16 20:51:12.651');

INSERT INTO WYDPCZ
(id,WYDPId,status,UserId, createdAt, updatedAt)
VALUES
('1','1','装箱','40', '2018-04-16 20:51:12.651', '2018-04-16 20:51:12.651'),
('2','2','装箱','40', '2018-04-16 20:51:12.651', '2018-04-16 20:51:12.651'),
('3','2','发货','40', '2018-04-16 20:51:12.651', '2018-04-16 20:51:12.651'),
('4','3','装箱','40', '2018-04-16 20:51:12.651', '2018-04-16 20:51:12.651'),
('5','3','发货','40', '2018-04-16 20:51:12.651', '2018-04-16 20:51:12.651'),
('6','3','收箱','23', '2018-04-16 20:51:12.651', '2018-04-16 20:51:12.651'),
('7','4','装箱','40', '2018-04-16 20:51:12.651', '2018-04-16 20:51:12.651'),
('8','4','发货','40', '2018-04-16 20:51:12.651', '2018-04-16 20:51:12.651'),
('9','4','收箱','24', '2018-04-16 20:51:12.651', '2018-04-16 20:51:12.651'),
('10','4','收货','39', '2018-04-16 20:51:12.651', '2018-04-16 20:51:12.651'),
('11','5','装箱','40', '2018-04-16 20:51:12.651', '2018-04-16 20:51:12.651'),
('12','6','装箱','40', '2018-04-16 20:51:12.651', '2018-04-16 20:51:12.651'),
('13','5','发货','40', '2018-04-16 20:51:12.651', '2018-04-16 20:51:12.651'),
('14','6','发货','40', '2018-04-16 20:51:12.651', '2018-04-16 20:51:12.651'),
('15','5','收箱','25', '2018-04-16 20:51:12.651', '2018-04-16 20:51:12.651'),
('16','6','收箱','25', '2018-04-16 20:51:12.651', '2018-04-16 20:51:12.651'),
('17','5','收货','39', '2018-04-16 20:51:12.651', '2018-04-16 20:51:12.651'),
('18','6','收货','39', '2018-04-16 20:51:12.651', '2018-04-16 20:51:12.651'),
('19','5','反馈','39', '2018-04-16 20:51:12.651', '2018-04-16 20:51:12.651'),
('20','6','反馈','39', '2018-04-16 20:51:12.651', '2018-04-16 20:51:12.651'),
('21','5','反馈图','39', '2018-04-16 20:51:12.651', '2018-04-16 20:51:12.651'),
('22','6','反馈图','39', '2018-04-16 20:51:12.651', '2018-04-16 20:51:12.651'),
('23','7','装箱','40', '2018-04-16 20:51:12.651', '2018-04-16 20:51:12.651'),
('24','7','发货','40', '2018-04-16 20:51:12.651', '2018-04-16 20:51:12.651'),
('25','7','收箱','41', '2018-04-16 20:51:12.651', '2018-04-16 20:51:12.651'),
('26','7','收货','39', '2018-04-16 20:51:12.651', '2018-04-16 20:51:12.651'),
('27','7','反馈','39', '2018-04-16 20:51:12.651', '2018-04-16 20:51:12.651');
