
INSERT INTO PP
(id,name, createdAt, updatedAt)
VALUES
('1','PP1_C', '2018-04-02 13:31:48.363', '2018-04-02 13:31:48.363'),
('2','PP2', '2018-04-02 13:31:48.363', '2018-04-02 13:31:48.363'),
('3','PP3', '2018-04-02 13:31:48.363', '2018-04-02 13:31:48.363');

INSERT INTO GYS
(id,name,isSC,isKC, createdAt, updatedAt)
VALUES
('1','GYS1',TRUE,TRUE, '2018-04-02 13:31:48.363', '2018-04-02 13:31:48.363'),
('2','GYS2',TRUE,FALSE, '2018-04-02 13:31:48.363', '2018-04-02 13:31:48.363'),
('3','GYS3',FALSE,TRUE, '2018-04-02 13:31:48.363', '2018-04-02 13:31:48.363'),
('4','GYS4',TRUE,TRUE, '2018-04-02 13:31:48.363', '2018-04-02 13:31:48.363'),
('5','GYS5',TRUE,FALSE, '2018-04-02 13:31:48.363', '2018-04-02 13:31:48.363'),
('6','GYS6',FALSE,TRUE, '2018-04-02 13:31:48.363', '2018-04-02 13:31:48.363');

INSERT INTO AZGS
(id,name, createdAt, updatedAt)
VALUES
('1','AZGS1', '2018-04-02 13:31:48.363', '2018-04-02 13:31:48.363'),
('2','AZGS2', '2018-04-02 13:31:48.363', '2018-04-02 13:31:48.363'),
('3','AZGS3', '2018-04-02 13:31:48.363', '2018-04-02 13:31:48.363'),
('4','AZGS4', '2018-04-02 13:31:48.363', '2018-04-02 13:31:48.363'),
('5','AZGS5', '2018-04-02 13:31:48.363', '2018-04-02 13:31:48.363'),
('6','AZGS6', '2018-04-02 13:31:48.363', '2018-04-02 13:31:48.363');

INSERT INTO User
(id,JS,username,password, createdAt, updatedAt)
VALUES
('1','系统管理员','admin','$2a$08$VaRTgVpw1ShqKfbEJQ7Oeeq2Ehoc2X33Vb2FIX/WD1Pw6Rn9mAOrG', '2018-04-02 13:31:48.363', '2018-04-02 13:31:48.363'),
('2','品牌经理','PPJL1','$2a$08$MXdZmi9dKT7N4kalt0Eleuy0jptWC1IaRE/EG896RF3OCJztdwjGa', '2018-04-02 13:31:48.363', '2018-04-02 13:31:48.363'),
('3','品牌经理','PPJL2','$2a$08$MddW8GOvcOzzbmshhX4OHO9M9HAriqak0ruBNZsu6djn4KjSKFC9q', '2018-04-02 13:31:48.363', '2018-04-02 13:31:48.363'),
('4','客服经理','KFJL1','$2a$08$PTicu2fte82tQbNZ6WFgRe0WE.2xTqwFkO4dESlN/BfwMEHFRaRwu', '2018-04-02 13:31:48.363', '2018-04-02 13:31:48.363'),
('5','客服经理','KFJL2','$2a$08$HdbF1xRrBKBcRsqhLTYH5uj4ui9fsHjrbz.p6LUJgPKn3fcF49ziu', '2018-04-02 13:31:48.363', '2018-04-02 13:31:48.363'),
('6','柜长','GZ1','$2a$08$i0n.ZsKEwkjjWdhwBmPs3uUF6hBWSNBWsshj1XTCSeqrKe/Fv.oSG', '2018-04-02 13:31:48.363', '2018-04-02 13:31:48.363'),
('7','柜长','GZ2','$2a$08$nB5YsQDBcj8T9LjqniRRJ.Y84EgpO4zLDoEgYvy/9GNa2/pz25LZ.', '2018-04-02 13:31:48.363', '2018-04-02 13:31:48.363'),
('8','柜长','GZ3','$2a$08$ttUPjxB/rHMPvr0inB0.5.BlFyIbEcffHfZwriVULLfpE1zfduq0y', '2018-04-02 13:31:48.363', '2018-04-02 13:31:48.363'),
('9','柜长','GZ4','$2a$08$ZzFrQuWriN5lbRZBpQ9jGO7QmWKqrYc5/cuDwYUQIs5ZSiKdknnbi', '2018-04-02 13:31:48.363', '2018-04-02 13:31:48.363'),
('10','柜长','GZ5','$2a$08$oBhfr7ribzVOOJYxZXp6B.CA9lAqERBHPEHFKxfAP75jkNtiyeFnG', '2018-04-02 13:31:48.363', '2018-04-02 13:31:48.363'),
('11','柜长','GZ6','$2a$08$Q0EC3e3kPQ2c5zvkvrpqredzlSV4ZeQ9gBACL04LzjxgDsior2/OO', '2018-04-02 13:31:48.363', '2018-04-02 13:31:48.363'),
('12','柜长','GZ7','$2a$08$YUwAHYKuIzkEpCB/ujVb7.TNiS.Z4Kf7Nykt.TByqMYln20dsLoeG', '2018-04-02 13:31:48.363', '2018-04-02 13:31:48.363'),
('13','柜长','GZ8','$2a$08$XLmhapSrnl8sZK662BRyoOtq7lp9qcKI5YrsZv/CimrADgP1wiuWa', '2018-04-02 13:31:48.363', '2018-04-02 13:31:48.363'),
('14','柜台BA','GT1BA','$2a$08$k1J.h4vbu066rTQH2M11GOnaazvuLUi.3aHeSQnK/HktJqzpDAbdC', '2018-04-02 13:31:48.363', '2018-04-02 13:31:48.363'),
('15','柜台BA','GT2BA','$2a$08$zFAj.gJqk4mEm4ijKoMuM.oova4j9SiKtTs8O.y3MP4wNk1t4F8pa', '2018-04-02 13:31:48.363', '2018-04-02 13:31:48.363'),
('16','柜台BA','GT3BA','$2a$08$fJFuwlEUtwwrJ2obtHMj1..yEwmcb4CW3pk.AR3ovy33EcxmMuS7u', '2018-04-02 13:31:48.363', '2018-04-02 13:31:48.363'),
('17','柜台BA','GT4BA','$2a$08$v1il9nHH6e0f658GVb/QUOEG4TRpFOf1cKBJlp.1vEcGB2qwrWm5S', '2018-04-02 13:31:48.363', '2018-04-02 13:31:48.363'),
('18','柜台BA','GT5BA','$2a$08$l2/UeSYAQZpmmR0ODt2IBuSCSY5YO6KlkBJOEbkGyaJUmfTWg51t6', '2018-04-02 13:31:48.363', '2018-04-02 13:31:48.363'),
('19','柜台BA','GT6BA','$2a$08$.8JohAsA/q2PqsvJ78u6wehxt3Yz584/625LrSBA4KrnlDmjP4OYO', '2018-04-02 13:31:48.363', '2018-04-02 13:31:48.363'),
('20','柜台BA','GT7BA','$2a$08$EB0gUrS3/42aTkPGrIBPUe6Spjmbq55et8OhkTPCgOHTjUO1EyGoC', '2018-04-02 13:31:48.363', '2018-04-02 13:31:48.363'),
('21','柜台BA','GT8BA','$2a$08$tf4ZIa3O5MjpH2jflgM7dOQJiTJuIOd3rSrlaawbC.HytbSuN3e2G', '2018-04-02 13:31:48.363', '2018-04-02 13:31:48.363'),
('22','供应商管理员','GYSGLY1','$2a$08$eyJzCKDS9orqZ7rraMviVepOQ3lBo59yMV6hAFm/hmfXs1.IOCHWG', '2018-04-02 13:31:48.363', '2018-04-02 13:31:48.363'),
('23','供应商管理员','GYSGLY2','$2a$08$IuyO9xbdPxZVbi8qt0NJ7ue9uS2spGX1UlyDZCVwgwd3X4DsTj5jG', '2018-04-02 13:31:48.363', '2018-04-02 13:31:48.363'),
('24','供应商管理员','GYSGLY3','$2a$08$/6Wo6Of/ZzGar7A/.n5n1.xfmC1b64EMlVl.eDFRyCbZASztjU9XO', '2018-04-02 13:31:48.363', '2018-04-02 13:31:48.363'),
('25','供应商管理员','GYSGLY4','$2a$08$VbaVoX5/Jo1ROWVIDqeaW.zY8EtkFB5EKZzKS.eAxdBklqpsTeaI6', '2018-04-02 13:31:48.363', '2018-04-02 13:31:48.363'),
('26','供应商管理员','GYSGLY5','$2a$08$K4YtVEQ2OBWZatI8ppFOK.gMZhZKHcgOFqPSiJpmwyr8C5ZwkmGr6', '2018-04-02 13:31:48.363', '2018-04-02 13:31:48.363'),
('27','供应商管理员','GYSGLY6','$2a$08$bk9wIlwez3UIIGxdgKKPd.vZsYOGO5r6djXxZnbV3VMJCh9RqT3kO', '2018-04-02 13:31:48.363', '2018-04-02 13:31:48.363'),
('28','安装公司管理员','AZGSGLY1','$2a$08$VHw91/ETIANctxg3wTByfuCSHn2znUxgJve3BF3/bZj1ArAnlTiRK', '2018-04-02 13:31:48.363', '2018-04-02 13:31:48.363'),
('29','安装公司管理员','AZGSGLY2','$2a$08$5BXFSncg2jWRgr3odaV1Ke5QMSCfplJzEaVGMpX1sdn8h59uIUvs6', '2018-04-02 13:31:48.363', '2018-04-02 13:31:48.363'),
('30','安装公司管理员','AZGSGLY3','$2a$08$MF0816s4Wn6dulgzExzvGurP8560.On.mq1abt70M27W/uHZyoPoq', '2018-04-02 13:31:48.363', '2018-04-02 13:31:48.363'),
('31','安装公司管理员','AZGSGLY4','$2a$08$WQXZ.5twsasFV7U4eZ7u1.WDwFKIgAxkYbdkQUKzxtEkUzdlXEdjK', '2018-04-02 13:31:48.363', '2018-04-02 13:31:48.363'),
('32','安装公司管理员','AZGSGLY5','$2a$08$sTGERMRi3vMIqWWsq/bEzOgHX29Gea5V/I9pedwRYqqHp66SZQf9a', '2018-04-02 13:31:48.363', '2018-04-02 13:31:48.363'),
('33','安装公司管理员','AZGSGLY6','$2a$08$gXYhqv/bOl/w0oQiykCbBeFFcQb.twAv6ww0JjT5I5x3V91tuEhEe', '2018-04-02 13:31:48.363', '2018-04-02 13:31:48.363'),
('34','装货员','ZHY1','$2a$08$9OQYFSbUz.EJ/x1au6x64.cIUFk5mHxejQTP9TbsmJgdmT/9IYg3e', '2018-04-02 13:31:48.363', '2018-04-02 13:31:48.363'),
('35','装货员','ZHY2','$2a$08$FK8aCIUOgCnm8n5k7zv89OJFOoxSaAeFgtTqZ34TJo8/iHLXwPLOK', '2018-04-02 13:31:48.363', '2018-04-02 13:31:48.363'),
('36','装货员','ZHY3','$2a$08$XjdwlN4XjuNSFsXA0/bJ7eZc8U76eZHaztArojYHD.PPdcbbtZqAK', '2018-04-02 13:31:48.363', '2018-04-02 13:31:48.363'),
('37','装货员','ZHY4','$2a$08$TTOvRxQSz.WuLYd8NH0nk.pJ0sxeY40hN.gM1yRZbnqshirBQMq.e', '2018-04-02 13:31:48.363', '2018-04-02 13:31:48.363'),
('38','装货员','ZHY5','$2a$08$51oNwFPECG.1pSOPnmLwO.qEMFiK9uttifynODXd2xjc7tPxGpr4a', '2018-04-02 13:31:48.363', '2018-04-02 13:31:48.363'),
('39','装货员','ZHY6','$2a$08$M4eAQ8iP/CphZthPoM2WL.9esWwXNpvb5UYrdOPHNY9lJfvmUt2Gm', '2018-04-02 13:31:48.363', '2018-04-02 13:31:48.363'),
('40','安装工','AZG1','$2a$08$R5ccMxFzeQdZwZUV0X3RO.gdE7toJ2.1wTziaicuhJzK4SwJx7nYC', '2018-04-02 13:31:48.363', '2018-04-02 13:31:48.363'),
('41','安装工','AZG2','$2a$08$zAnTHnkcv6V2EpsMxngFPei4k0Bw22pJoYY1cDd/w1k3DJfGsmqXa', '2018-04-02 13:31:48.363', '2018-04-02 13:31:48.363'),
('42','安装工','AZG3','$2a$08$C9V7zizbpkzOy5Mp9/LhguE9FW2CA0b7LSR0xNt5JWecj8DOBMv1W', '2018-04-02 13:31:48.363', '2018-04-02 13:31:48.363'),
('43','安装工','AZG4','$2a$08$nAEnELpvQ15AUv5AYuji6eMsGxXBs5fY7eRsrHHSZkyjicN6CQfvi', '2018-04-02 13:31:48.363', '2018-04-02 13:31:48.363'),
('44','安装工','AZG5','$2a$08$dX5xJKLQs5CrYc3AHuPETeOlqHP2TNnf//.VFQiLXj8rnapuQTXo.', '2018-04-02 13:31:48.363', '2018-04-02 13:31:48.363'),
('45','安装工','AZG6','$2a$08$su0yiTpXg2NHjEm54gv67uE4h8L0J/rUsH8wi2oR4EN2UAVLd0NMW', '2018-04-02 13:31:48.363', '2018-04-02 13:31:48.363');

INSERT INTO PPJL_PP
(UserId,PPId, createdAt, updatedAt)
VALUES
('2','1', '2018-04-02 13:31:48.363', '2018-04-02 13:31:48.363'),
('3','2', '2018-04-02 13:31:48.363', '2018-04-02 13:31:48.363');

INSERT INTO KFJL_PP
(UserId,PPId, createdAt, updatedAt)
VALUES
('4','1', '2018-04-02 13:31:48.363', '2018-04-02 13:31:48.363'),
('5','2', '2018-04-02 13:31:48.363', '2018-04-02 13:31:48.363');

INSERT INTO GLY_AZGS
(UserId,AZGSId, createdAt, updatedAt)
VALUES
('28','1', '2018-04-02 13:31:48.363', '2018-04-02 13:31:48.363'),
('29','2', '2018-04-02 13:31:48.363', '2018-04-02 13:31:48.363'),
('30','3', '2018-04-02 13:31:48.363', '2018-04-02 13:31:48.363'),
('31','4', '2018-04-02 13:31:48.363', '2018-04-02 13:31:48.363'),
('32','5', '2018-04-02 13:31:48.363', '2018-04-02 13:31:48.363'),
('33','6', '2018-04-02 13:31:48.363', '2018-04-02 13:31:48.363');

INSERT INTO GLY_GYS
(UserId,GYSId, createdAt, updatedAt)
VALUES
('22','1', '2018-04-02 13:31:48.363', '2018-04-02 13:31:48.363'),
('23','2', '2018-04-02 13:31:48.363', '2018-04-02 13:31:48.363'),
('24','3', '2018-04-02 13:31:48.363', '2018-04-02 13:31:48.363'),
('25','4', '2018-04-02 13:31:48.363', '2018-04-02 13:31:48.363'),
('26','5', '2018-04-02 13:31:48.363', '2018-04-02 13:31:48.363'),
('27','6', '2018-04-02 13:31:48.363', '2018-04-02 13:31:48.363');

INSERT INTO GZ_PP
(UserId,PPId, createdAt, updatedAt)
VALUES
('6','1', '2018-04-02 13:31:48.363', '2018-04-02 13:31:48.363'),
('7','1', '2018-04-02 13:31:48.363', '2018-04-02 13:31:48.363'),
('8','1', '2018-04-02 13:31:48.363', '2018-04-02 13:31:48.363'),
('9','1', '2018-04-02 13:31:48.363', '2018-04-02 13:31:48.363'),
('10','1', '2018-04-02 13:31:48.363', '2018-04-02 13:31:48.363'),
('11','1', '2018-04-02 13:31:48.363', '2018-04-02 13:31:48.363'),
('12','2', '2018-04-02 13:31:48.363', '2018-04-02 13:31:48.363'),
('13','2', '2018-04-02 13:31:48.363', '2018-04-02 13:31:48.363');

INSERT INTO ZHY_GYS
(UserId,GYSId, createdAt, updatedAt)
VALUES
('34','1', '2018-04-02 13:31:48.363', '2018-04-02 13:31:48.363'),
('35','1', '2018-04-02 13:31:48.363', '2018-04-02 13:31:48.363'),
('36','2', '2018-04-02 13:31:48.363', '2018-04-02 13:31:48.363'),
('37','2', '2018-04-02 13:31:48.363', '2018-04-02 13:31:48.363'),
('38','3', '2018-04-02 13:31:48.363', '2018-04-02 13:31:48.363'),
('39','3', '2018-04-02 13:31:48.363', '2018-04-02 13:31:48.363');

INSERT INTO AZG_AZGS
(UserId,AZGSId, createdAt, updatedAt)
VALUES
('40','1', '2018-04-02 13:31:48.363', '2018-04-02 13:31:48.363'),
('41','1', '2018-04-02 13:31:48.363', '2018-04-02 13:31:48.363'),
('42','1', '2018-04-02 13:31:48.363', '2018-04-02 13:31:48.363'),
('43','2', '2018-04-02 13:31:48.363', '2018-04-02 13:31:48.363'),
('44','2', '2018-04-02 13:31:48.363', '2018-04-02 13:31:48.363'),
('45','2', '2018-04-02 13:31:48.363', '2018-04-02 13:31:48.363');

INSERT INTO GT
(id,name,code,PPId,QY,GTBAUserId,GZUserId,CS, createdAt, updatedAt)
VALUES
('1','GT1','GT1Code','1','东区','14','6','上海', '2018-04-02 13:31:48.363', '2018-04-02 13:31:48.363'),
('2','GT2','GT2Code','1','东区','15','6','上海', '2018-04-02 13:31:48.363', '2018-04-02 13:31:48.363'),
('3','GT3','GT3Code','1','北区','16','7','北京', '2018-04-02 13:31:48.363', '2018-04-02 13:31:48.363'),
('4','GT4','GT4Code','1','北区','17','7','北京', '2018-04-02 13:31:48.363', '2018-04-02 13:31:48.363'),
('5','GT5','GT5Code','1','南区','18','8','广州', '2018-04-02 13:31:48.363', '2018-04-02 13:31:48.363'),
('6','GT6','GT6Code','1','南区','19','8','广州', '2018-04-02 13:31:48.363', '2018-04-02 13:31:48.363'),
('7','GT7','GT7Code','2','东区','20','12','上海', '2018-04-02 13:31:48.363', '2018-04-02 13:31:48.363'),
('8','GT8','GT8Code','2','东区','21','13','上海', '2018-04-02 13:31:48.363', '2018-04-02 13:31:48.363');

INSERT INTO DP
(id,name,PPId,GYSId, createdAt, updatedAt)
VALUES
('1','DP1','1','1', '2018-04-02 13:31:48.363', '2018-04-02 13:31:48.363'),
('2','DP2','1','1', '2018-04-02 13:31:48.363', '2018-04-02 13:31:48.363'),
('3','DP3','1','2', '2018-04-02 13:31:48.363', '2018-04-02 13:31:48.363'),
('4','DP4','1','2', '2018-04-02 13:31:48.363', '2018-04-02 13:31:48.363'),
('5','DP5','2','1', '2018-04-02 13:31:48.363', '2018-04-02 13:31:48.363'),
('6','DP6','2','1', '2018-04-02 13:31:48.363', '2018-04-02 13:31:48.363'),
('7','DP7','2','2', '2018-04-02 13:31:48.363', '2018-04-02 13:31:48.363'),
('8','DP8','2','2', '2018-04-02 13:31:48.363', '2018-04-02 13:31:48.363');

INSERT INTO DW
(id,name,GTId,DPId, createdAt, updatedAt)
VALUES
('1','DW1','1','1', '2018-04-02 13:31:48.363', '2018-04-02 13:31:48.363'),
('2','DW2','1','1', '2018-04-02 13:31:48.363', '2018-04-02 13:31:48.363'),
('3','DW3','1','2', '2018-04-02 13:31:48.363', '2018-04-02 13:31:48.363'),
('4','DW4','2','1', '2018-04-02 13:31:48.363', '2018-04-02 13:31:48.363'),
('5','DW5','2','2', '2018-04-02 13:31:48.363', '2018-04-02 13:31:48.363'),
('6','DW6','2','2', '2018-04-02 13:31:48.363', '2018-04-02 13:31:48.363'),
('7','DW7','7','5', '2018-04-02 13:31:48.363', '2018-04-02 13:31:48.363'),
('8','DW8','7','6', '2018-04-02 13:31:48.363', '2018-04-02 13:31:48.363'),
('9','DW9','8','7', '2018-04-02 13:31:48.363', '2018-04-02 13:31:48.363'),
('10','DW10','8','8', '2018-04-02 13:31:48.363', '2018-04-02 13:31:48.363');

INSERT INTO FG
(id,name,PPId,note, createdAt, updatedAt)
VALUES
('1','FG1','1','FG1Note', '2018-04-02 13:31:48.363', '2018-04-02 13:31:48.363'),
('2','FG2','1','FG2Note', '2018-04-02 13:31:48.363', '2018-04-02 13:31:48.363'),
('3','FG3','1','FG3Note', '2018-04-02 13:31:48.363', '2018-04-02 13:31:48.363'),
('4','FG4','1','FG4Note', '2018-04-02 13:31:48.363', '2018-04-02 13:31:48.363'),
('5','FG5','2','FG5Note', '2018-04-02 13:31:48.363', '2018-04-02 13:31:48.363'),
('6','FG6','2','FG6Note', '2018-04-02 13:31:48.363', '2018-04-02 13:31:48.363');

INSERT INTO Tester
(id,name,PPId, createdAt, updatedAt)
VALUES
('1','Tester1','1', '2018-04-02 13:31:48.363', '2018-04-02 13:31:48.363'),
('2','Tester2','1', '2018-04-02 13:31:48.363', '2018-04-02 13:31:48.363'),
('3','Tester3','1', '2018-04-02 13:31:48.363', '2018-04-02 13:31:48.363'),
('4','Tester4','1', '2018-04-02 13:31:48.363', '2018-04-02 13:31:48.363'),
('5','Tester5','2', '2018-04-02 13:31:48.363', '2018-04-02 13:31:48.363'),
('6','Tester6','2', '2018-04-02 13:31:48.363', '2018-04-02 13:31:48.363');

INSERT INTO FG_Tester
(id,FGId,TesterId,PPId, createdAt, updatedAt)
VALUES
('1','1','1','1', '2018-04-02 13:31:48.363', '2018-04-02 13:31:48.363'),
('2','1','2','1', '2018-04-02 13:31:48.363', '2018-04-02 13:31:48.363'),
('3','1','3','1', '2018-04-02 13:31:48.363', '2018-04-02 13:31:48.363'),
('4','1','4','1', '2018-04-02 13:31:48.363', '2018-04-02 13:31:48.363'),
('5','2','1','1', '2018-04-02 13:31:48.363', '2018-04-02 13:31:48.363'),
('6','2','2','1', '2018-04-02 13:31:48.363', '2018-04-02 13:31:48.363'),
('7','5','5','2', '2018-04-02 13:31:48.363', '2018-04-02 13:31:48.363'),
('8','5','6','2', '2018-04-02 13:31:48.363', '2018-04-02 13:31:48.363'),
('9','6','5','2', '2018-04-02 13:31:48.363', '2018-04-02 13:31:48.363'),
('10','6','6','2', '2018-04-02 13:31:48.363', '2018-04-02 13:31:48.363');

INSERT INTO WL
(id,name,code,level,PPId,GYSId, createdAt, updatedAt)
VALUES
('1','WL1_1','WL1_1Code','1','1','1', '2018-04-02 13:31:48.363', '2018-04-02 13:31:48.363'),
('2','WL1_2','WL1_2Code','1','1','1', '2018-04-02 13:31:48.363', '2018-04-02 13:31:48.363'),
('3','WL1_3','WL1_3Code','1','1','2', '2018-04-02 13:31:48.363', '2018-04-02 13:31:48.363'),
('4','WL1_4','WL1_4Code','1','1','2', '2018-04-02 13:31:48.363', '2018-04-02 13:31:48.363'),
('5','WL1_5','WL1_5Code','1','1','3', '2018-04-02 13:31:48.363', '2018-04-02 13:31:48.363'),
('6','WL1_6','WL1_6Code','1','1','3', '2018-04-02 13:31:48.363', '2018-04-02 13:31:48.363'),
('7','WL2_1','WL2_1Code','2','1','1', '2018-04-02 13:31:48.363', '2018-04-02 13:31:48.363'),
('8','WL2_2','WL2_2Code','2','1','1', '2018-04-02 13:31:48.363', '2018-04-02 13:31:48.363'),
('9','WL2_3','WL2_3Code','2','1','2', '2018-04-02 13:31:48.363', '2018-04-02 13:31:48.363'),
('10','WL2_4','WL2_4Code','2','1','2', '2018-04-02 13:31:48.363', '2018-04-02 13:31:48.363'),
('11','WL2_5','WL2_5Code','2','1','3', '2018-04-02 13:31:48.363', '2018-04-02 13:31:48.363'),
('12','WL2_6','WL2_6Code','2','1','3', '2018-04-02 13:31:48.363', '2018-04-02 13:31:48.363'),
('13','WL3_1','WL3_1Code','3','1','1', '2018-04-02 13:31:48.363', '2018-04-02 13:31:48.363'),
('14','WL3_2','WL3_2Code','3','1','1', '2018-04-02 13:31:48.363', '2018-04-02 13:31:48.363'),
('15','WL3_3','WL3_3Code','3','1','2', '2018-04-02 13:31:48.363', '2018-04-02 13:31:48.363'),
('16','WL3_4','WL3_4Code','3','1','2', '2018-04-02 13:31:48.363', '2018-04-02 13:31:48.363'),
('17','WL3_5','WL3_5Code','3','1','3', '2018-04-02 13:31:48.363', '2018-04-02 13:31:48.363'),
('18','WL3_6','WL3_6Code','3','1','3', '2018-04-02 13:31:48.363', '2018-04-02 13:31:48.363'),
('19','WL4_1','WL4_1Code','1','2','1', '2018-04-02 13:31:48.363', '2018-04-02 13:31:48.363'),
('20','WL4_2','WL4_2Code','1','2','1', '2018-04-02 13:31:48.363', '2018-04-02 13:31:48.363'),
('21','WL4_3','WL4_3Code','1','2','2', '2018-04-02 13:31:48.363', '2018-04-02 13:31:48.363'),
('22','WL4_4','WL4_4Code','1','2','2', '2018-04-02 13:31:48.363', '2018-04-02 13:31:48.363'),
('23','WL4_5','WL4_5Code','1','2','3', '2018-04-02 13:31:48.363', '2018-04-02 13:31:48.363'),
('24','WL4_6','WL4_6Code','1','2','3', '2018-04-02 13:31:48.363', '2018-04-02 13:31:48.363'),
('25','WL5_1','WL5_1Code','2','2','1', '2018-04-02 13:31:48.363', '2018-04-02 13:31:48.363'),
('26','WL5_2','WL5_2Code','2','2','1', '2018-04-02 13:31:48.363', '2018-04-02 13:31:48.363'),
('27','WL5_3','WL5_3Code','2','2','2', '2018-04-02 13:31:48.363', '2018-04-02 13:31:48.363'),
('28','WL5_4','WL5_4Code','2','2','2', '2018-04-02 13:31:48.363', '2018-04-02 13:31:48.363'),
('29','WL5_5','WL5_5Code','2','2','3', '2018-04-02 13:31:48.363', '2018-04-02 13:31:48.363'),
('30','WL5_6','WL5_6Code','2','2','3', '2018-04-02 13:31:48.363', '2018-04-02 13:31:48.363'),
('31','WL6_1','WL6_1Code','3','2','1', '2018-04-02 13:31:48.363', '2018-04-02 13:31:48.363'),
('32','WL6_2','WL6_2Code','3','2','1', '2018-04-02 13:31:48.363', '2018-04-02 13:31:48.363'),
('33','WL6_3','WL6_3Code','3','2','2', '2018-04-02 13:31:48.363', '2018-04-02 13:31:48.363'),
('34','WL6_4','WL6_4Code','3','2','2', '2018-04-02 13:31:48.363', '2018-04-02 13:31:48.363'),
('35','WL6_5','WL6_5Code','3','2','3', '2018-04-02 13:31:48.363', '2018-04-02 13:31:48.363'),
('36','WL6_6','WL6_6Code','3','2','3', '2018-04-02 13:31:48.363', '2018-04-02 13:31:48.363');

INSERT INTO EJZH
(id,name,WLId,PPId,imageUrl, createdAt, updatedAt)
VALUES
('1','EJZH1','7','1','imageUrl1', '2018-04-02 13:31:48.363', '2018-04-02 13:31:48.363'),
('2','EJZH2','7','1','imageUrl2', '2018-04-02 13:31:48.363', '2018-04-02 13:31:48.363'),
('3','EJZH3','9','1','imageUrl3', '2018-04-02 13:31:48.363', '2018-04-02 13:31:48.363'),
('4','EJZH4','25','2','imageUrl4', '2018-04-02 13:31:48.363', '2018-04-02 13:31:48.363'),
('5','EJZH5','26','2','imageUrl5', '2018-04-02 13:31:48.363', '2018-04-02 13:31:48.363'),
('6','EJZH6','27','2','imageUrl6', '2018-04-02 13:31:48.363', '2018-04-02 13:31:48.363');

INSERT INTO EJZH_FGTester
(EJZHId,FGTesterId,number, createdAt, updatedAt)
VALUES
('1','1','1', '2018-04-02 13:31:48.363', '2018-04-02 13:31:48.363'),
('1','2','2', '2018-04-02 13:31:48.363', '2018-04-02 13:31:48.363'),
('1','3','3', '2018-04-02 13:31:48.363', '2018-04-02 13:31:48.363'),
('1','4','1', '2018-04-02 13:31:48.363', '2018-04-02 13:31:48.363'),
('1','5','2', '2018-04-02 13:31:48.363', '2018-04-02 13:31:48.363'),
('1','6','3', '2018-04-02 13:31:48.363', '2018-04-02 13:31:48.363'),
('4','7','1', '2018-04-02 13:31:48.363', '2018-04-02 13:31:48.363'),
('4','8','2', '2018-04-02 13:31:48.363', '2018-04-02 13:31:48.363'),
('4','9','3', '2018-04-02 13:31:48.363', '2018-04-02 13:31:48.363'),
('4','10','4', '2018-04-02 13:31:48.363', '2018-04-02 13:31:48.363');

INSERT INTO EJZH_SJWL
(EJZHId,WLId,number, createdAt, updatedAt)
VALUES
('1','13','1', '2018-04-02 13:31:48.363', '2018-04-02 13:31:48.363'),
('1','14','2', '2018-04-02 13:31:48.363', '2018-04-02 13:31:48.363'),
('1','15','3', '2018-04-02 13:31:48.363', '2018-04-02 13:31:48.363'),
('1','16','1', '2018-04-02 13:31:48.363', '2018-04-02 13:31:48.363'),
('1','17','2', '2018-04-02 13:31:48.363', '2018-04-02 13:31:48.363'),
('1','18','3', '2018-04-02 13:31:48.363', '2018-04-02 13:31:48.363'),
('2','13','2', '2018-04-02 13:31:48.363', '2018-04-02 13:31:48.363'),
('2','14','3', '2018-04-02 13:31:48.363', '2018-04-02 13:31:48.363'),
('4','31','1', '2018-04-02 13:31:48.363', '2018-04-02 13:31:48.363'),
('4','32','2', '2018-04-02 13:31:48.363', '2018-04-02 13:31:48.363'),
('4','33','3', '2018-04-02 13:31:48.363', '2018-04-02 13:31:48.363'),
('4','34','4', '2018-04-02 13:31:48.363', '2018-04-02 13:31:48.363');

INSERT INTO YJZH
(id,name,WLId,PPId,imageUrl, createdAt, updatedAt)
VALUES
('1','YJZH1','1','1','imageUrl1', '2018-04-02 13:31:48.363', '2018-04-02 13:31:48.363'),
('2','YJZH2','2','1','imageUrl2', '2018-04-02 13:31:48.363', '2018-04-02 13:31:48.363'),
('3','YJZH3','1','2','imageUrl3', '2018-04-02 13:31:48.363', '2018-04-02 13:31:48.363'),
('4','YJZH4','19','2','imageUrl4', '2018-04-02 13:31:48.363', '2018-04-02 13:31:48.363'),
('5','YJZH5','20','2','imageUrl5', '2018-04-02 13:31:48.363', '2018-04-02 13:31:48.363');

INSERT INTO YJZH_EJZH
(YJZHId,EJZHId,number, createdAt, updatedAt)
VALUES
('1','1','1', '2018-04-02 13:31:48.363', '2018-04-02 13:31:48.363'),
('1','2','2', '2018-04-02 13:31:48.363', '2018-04-02 13:31:48.363'),
('1','3','3', '2018-04-02 13:31:48.363', '2018-04-02 13:31:48.363'),
('2','3','3', '2018-04-02 13:31:48.363', '2018-04-02 13:31:48.363'),
('2','2','2', '2018-04-02 13:31:48.363', '2018-04-02 13:31:48.363'),
('2','1','1', '2018-04-02 13:31:48.363', '2018-04-02 13:31:48.363'),
('4','4','1', '2018-04-02 13:31:48.363', '2018-04-02 13:31:48.363'),
('4','5','2', '2018-04-02 13:31:48.363', '2018-04-02 13:31:48.363'),
('4','6','3', '2018-04-02 13:31:48.363', '2018-04-02 13:31:48.363'),
('5','6','3', '2018-04-02 13:31:48.363', '2018-04-02 13:31:48.363'),
('5','5','2', '2018-04-02 13:31:48.363', '2018-04-02 13:31:48.363'),
('5','4','1', '2018-04-02 13:31:48.363', '2018-04-02 13:31:48.363');

INSERT INTO GT_YJZH
(GTId,YJZHId,number, createdAt, updatedAt)
VALUES
('1','1','2', '2018-04-02 13:31:48.363', '2018-04-02 13:31:48.363'),
('1','2','3', '2018-04-02 13:31:48.363', '2018-04-02 13:31:48.363'),
('1','3','2', '2018-04-02 13:31:48.363', '2018-04-02 13:31:48.363'),
('2','1','3', '2018-04-02 13:31:48.363', '2018-04-02 13:31:48.363'),
('3','2','3', '2018-04-02 13:31:48.363', '2018-04-02 13:31:48.363'),
('4','1','2', '2018-04-02 13:31:48.363', '2018-04-02 13:31:48.363'),
('5','2','1', '2018-04-02 13:31:48.363', '2018-04-02 13:31:48.363'),
('6','1','1', '2018-04-02 13:31:48.363', '2018-04-02 13:31:48.363'),
('7','4','2', '2018-04-02 13:31:48.363', '2018-04-02 13:31:48.363'),
('8','5','3', '2018-04-02 13:31:48.363', '2018-04-02 13:31:48.363');

INSERT INTO YJZHXGT
(id,imageUrl,YJZHId, createdAt, updatedAt)
VALUES
('1','YJZH_XGT1','1', '2018-04-02 13:31:48.363', '2018-04-02 13:31:48.363'),
('2','YJZH_XGT2','1', '2018-04-02 13:31:48.363', '2018-04-02 13:31:48.363'),
('3','YJZH_XGT3','2', '2018-04-02 13:31:48.363', '2018-04-02 13:31:48.363'),
('4','YJZH_XGT4','2', '2018-04-02 13:31:48.363', '2018-04-02 13:31:48.363'),
('5','YJZH_XGT5','3', '2018-04-02 13:31:48.363', '2018-04-02 13:31:48.363'),
('6','YJZH_XGT6','3', '2018-04-02 13:31:48.363', '2018-04-02 13:31:48.363'),
('7','YJZH_XGT7','4', '2018-04-02 13:31:48.363', '2018-04-02 13:31:48.363'),
('8','YJZH_XGT8','4', '2018-04-02 13:31:48.363', '2018-04-02 13:31:48.363');

INSERT INTO EJZHXGT
(id,imageUrl,EJZHId, createdAt, updatedAt)
VALUES
('1','EJZH_XGT1','1', '2018-04-02 13:31:48.363', '2018-04-02 13:31:48.363'),
('2','EJZH_XGT2','1', '2018-04-02 13:31:48.363', '2018-04-02 13:31:48.363'),
('3','EJZH_XGT3','2', '2018-04-02 13:31:48.363', '2018-04-02 13:31:48.363'),
('4','EJZH_XGT4','2', '2018-04-02 13:31:48.363', '2018-04-02 13:31:48.363'),
('5','EJZH_XGT5','3', '2018-04-02 13:31:48.363', '2018-04-02 13:31:48.363'),
('6','EJZH_XGT6','3', '2018-04-02 13:31:48.363', '2018-04-02 13:31:48.363'),
('7','EJZH_XGT7','4', '2018-04-02 13:31:48.363', '2018-04-02 13:31:48.363'),
('8','EJZH_XGT8','4', '2018-04-02 13:31:48.363', '2018-04-02 13:31:48.363');
