
INSERT INTO PP
(id,name, createdAt, updatedAt)
VALUES
('1','PP1_C', '2018-04-07 20:11:04.108', '2018-04-07 20:11:04.108'),
('2','PP2', '2018-04-07 20:11:04.108', '2018-04-07 20:11:04.108'),
('3','PP3', '2018-04-07 20:11:04.108', '2018-04-07 20:11:04.108');

INSERT INTO GYS
(id,name,type, createdAt, updatedAt)
VALUES
('1','GYS1','生产', '2018-04-07 20:11:04.108', '2018-04-07 20:11:04.108'),
('2','GYS2','生产', '2018-04-07 20:11:04.108', '2018-04-07 20:11:04.108'),
('3','GYS3','生产', '2018-04-07 20:11:04.108', '2018-04-07 20:11:04.108'),
('4','GYS4','生产', '2018-04-07 20:11:04.108', '2018-04-07 20:11:04.108'),
('5','GYS5','生产', '2018-04-07 20:11:04.108', '2018-04-07 20:11:04.108'),
('6','GYS6','中转', '2018-04-07 20:11:04.108', '2018-04-07 20:11:04.108');

INSERT INTO AZGS
(id,name, createdAt, updatedAt)
VALUES
('1','AZGS1', '2018-04-07 20:11:04.108', '2018-04-07 20:11:04.108'),
('2','AZGS2', '2018-04-07 20:11:04.108', '2018-04-07 20:11:04.108'),
('3','AZGS3', '2018-04-07 20:11:04.108', '2018-04-07 20:11:04.108'),
('4','AZGS4', '2018-04-07 20:11:04.108', '2018-04-07 20:11:04.108'),
('5','AZGS5', '2018-04-07 20:11:04.108', '2018-04-07 20:11:04.108'),
('6','AZGS6', '2018-04-07 20:11:04.108', '2018-04-07 20:11:04.108');

INSERT INTO User
(id,JS,username,password, createdAt, updatedAt)
VALUES
('1','系统管理员','admin','$2a$08$L0.LfGHcX4CsXP1H5DBmlustuUNWoFGhwVUcxLjHDkfWAO6M0MCxq', '2018-04-07 20:11:04.108', '2018-04-07 20:11:04.108'),
('2','品牌经理','PPJL1','$2a$08$TuxSrDYFsCarJnrJqezhruFTGn7is2qzZaVpkSd8HbTUXuKWiF1/a', '2018-04-07 20:11:04.108', '2018-04-07 20:11:04.108'),
('3','品牌经理','PPJL2','$2a$08$wzKq1P59wWcUfQiDFgsavObAqP5LbuPzAGM/ZiEYDkqk6QVHeT1Oa', '2018-04-07 20:11:04.108', '2018-04-07 20:11:04.108'),
('4','客服经理','KFJL1','$2a$08$PPNJWAg5GHtsIANrHaLrHOfiB47z9pbGZzY.kimyKgf2cpXMXn8.G', '2018-04-07 20:11:04.108', '2018-04-07 20:11:04.108'),
('5','客服经理','KFJL2','$2a$08$nfHvgCI1FiIaQ.08zYre/.kLag7YLj8uNkd0WiRBtWKD4Aq6Y4dma', '2018-04-07 20:11:04.108', '2018-04-07 20:11:04.108'),
('6','柜长','GZ1','$2a$08$BjL9aUDGAFks/4MZ33YpG.ZzicAE/oo.ktlViCy4Ai/DyaZh9Tapy', '2018-04-07 20:11:04.108', '2018-04-07 20:11:04.108'),
('7','柜长','GZ2','$2a$08$5mC11BCI2.j/dGnJ8Mu6HO4YMnkBe0PxdIWtbEG7e0Td4J5dxSYQ6', '2018-04-07 20:11:04.108', '2018-04-07 20:11:04.108'),
('8','柜长','GZ3','$2a$08$0hOhK6j9qtqelOaxgyYcGuAY8qw1.s6RLVxSAEpsfd1aNDnuv02hi', '2018-04-07 20:11:04.108', '2018-04-07 20:11:04.108'),
('9','柜长','GZ4','$2a$08$5bBEzwAOb7EHsW0LJtDlieMnJvzWJ8EK9MZY2RA1Y.d2r705/g/fi', '2018-04-07 20:11:04.108', '2018-04-07 20:11:04.108'),
('10','柜长','GZ5','$2a$08$Ym0pWL9.bUoAnIIUit1EkO9x59OUYP8w8U7i.IadrubP4N84vUs8u', '2018-04-07 20:11:04.108', '2018-04-07 20:11:04.108'),
('11','柜长','GZ6','$2a$08$5qIsnx6IoZdyMXNQweQGLOjbK6L5v0ni1YDeqGA9QmcYMzGJHVfeC', '2018-04-07 20:11:04.108', '2018-04-07 20:11:04.108'),
('12','柜长','GZ7','$2a$08$XgjsJ78MGzx9rb24U7dha.sKHWfEjc/tbIxKmERYdow..OFw7cOV2', '2018-04-07 20:11:04.108', '2018-04-07 20:11:04.108'),
('13','柜长','GZ8','$2a$08$xrI4cggMjQb43XjS4PyUYeWjdlZ1jJ.HrTSbW4cBDthUyl3RoYCJS', '2018-04-07 20:11:04.108', '2018-04-07 20:11:04.108'),
('14','柜台BA','GT1BA','$2a$08$UklxmQ35QuvAz.sJJrNyl.jn4XGMqCcA4n5CrltqFENEQilS63fd6', '2018-04-07 20:11:04.108', '2018-04-07 20:11:04.108'),
('15','柜台BA','GT2BA','$2a$08$rJBSOHUbRIq21DvwCJzN/.HLnDNI.zuk0ugSk3tinEGp5cfVWBnGm', '2018-04-07 20:11:04.108', '2018-04-07 20:11:04.108'),
('16','柜台BA','GT3BA','$2a$08$QsP.4iBbWSXBjGwmY9ZrweJtDI.1eQzDIBwh6tZlBIz3eSaoOuHFO', '2018-04-07 20:11:04.108', '2018-04-07 20:11:04.108'),
('17','柜台BA','GT4BA','$2a$08$YDXt9jfPv0kfVfZLtC7yjeO5lnNuvv8cylDpTu5yxRjFN.FHejB.y', '2018-04-07 20:11:04.108', '2018-04-07 20:11:04.108'),
('18','柜台BA','GT5BA','$2a$08$MH9p5HvpS6kKuQ2TWQmgw.E.cWAVTvzB9bSXiLTl1l7tfMWFDSI4u', '2018-04-07 20:11:04.108', '2018-04-07 20:11:04.108'),
('19','柜台BA','GT6BA','$2a$08$e5gfmQSAH/wXNbwYz4b77OZr.tAQXtUziqwloENHD.kRRfKqmSnYW', '2018-04-07 20:11:04.108', '2018-04-07 20:11:04.108'),
('20','柜台BA','GT7BA','$2a$08$Qy5KHYlNVUfezn7ga4ZZd.FwOZVhrKc6uankgMUZ7v6FNv9zugz8O', '2018-04-07 20:11:04.108', '2018-04-07 20:11:04.108'),
('21','柜台BA','GT8BA','$2a$08$0FnyQCZaT6lJoCHdgPjoYuxc8T/OqEB6QITQiQsjwOGnT/.33./ZW', '2018-04-07 20:11:04.108', '2018-04-07 20:11:04.108'),
('22','供应商管理员','GYSGLY1','$2a$08$8nfrI8zgsEGWysG.ScDQAuFKnb6JhM8My5t2PEIExW3.I9o.AsSNW', '2018-04-07 20:11:04.108', '2018-04-07 20:11:04.108'),
('23','供应商管理员','GYSGLY2','$2a$08$3mI8q8lhhFTrjdj6Mm4Lv.HYY3WtbcUmWCVOULff3muRXJdSxIgUO', '2018-04-07 20:11:04.108', '2018-04-07 20:11:04.108'),
('24','供应商管理员','GYSGLY3','$2a$08$q9S88xOWRPoBm/3z0mJt6uHVKcvGNfNqtdAsLwWKwxVnTU51OD7Ea', '2018-04-07 20:11:04.108', '2018-04-07 20:11:04.108'),
('25','供应商管理员','GYSGLY4','$2a$08$KpG0dGeZ1rhIGX7LLjXviu8T3xDp2rJvtum3gAmdbb/W9QROUT2W.', '2018-04-07 20:11:04.108', '2018-04-07 20:11:04.108'),
('26','供应商管理员','GYSGLY5','$2a$08$hdk3.3yrfsZAbfz9X6Il2ehThFXAu1UDH1cs2UHwjodU4ruPKrv/y', '2018-04-07 20:11:04.108', '2018-04-07 20:11:04.108'),
('27','供应商管理员','GYSGLY6','$2a$08$vmnm4PkhCmAgAx7g5KYhzOf01C18zCd6cAt6Y2BkbxoOI3oFtH4.O', '2018-04-07 20:11:04.108', '2018-04-07 20:11:04.108'),
('28','安装公司管理员','AZGSGLY1','$2a$08$4sEDN8zBbEiUTd46dy56eupRC/oWbuQVBeAoxwmOOizzCVYiAyhVG', '2018-04-07 20:11:04.108', '2018-04-07 20:11:04.108'),
('29','安装公司管理员','AZGSGLY2','$2a$08$jv0Gqml/df0/bgOkpPzkfuxYLTJuHHBf1tvZwoG88zqfZ3JbyKvbC', '2018-04-07 20:11:04.108', '2018-04-07 20:11:04.108'),
('30','安装公司管理员','AZGSGLY3','$2a$08$hfuyQaREx3qI6Ezuw1k/9.LnljtRLtuCNt7GyjzFeAPplL/oVNW9S', '2018-04-07 20:11:04.108', '2018-04-07 20:11:04.108'),
('31','安装公司管理员','AZGSGLY4','$2a$08$BoGCtXZYzDUssOY40FTgbOIO7mf8f8hM/Jc0rAuoUqnfGrsCN9EJy', '2018-04-07 20:11:04.108', '2018-04-07 20:11:04.108'),
('32','安装公司管理员','AZGSGLY5','$2a$08$mIlvo7MX.fRH.XEyJuLV1u17j8.WwmxcaiR0ejHlUHdc76GdqMfwy', '2018-04-07 20:11:04.108', '2018-04-07 20:11:04.108'),
('33','安装公司管理员','AZGSGLY6','$2a$08$vsfJVidWz8u76fSINEQ6XuQEPeq.otbaNxgg5WIFLO85AAJzL9tnq', '2018-04-07 20:11:04.108', '2018-04-07 20:11:04.108'),
('34','装货员','ZHY1','$2a$08$nYEQ.HSs1.wPbjJSB9gBGef1NOtdRdiT5VPccHWU.sy8noLS7fPva', '2018-04-07 20:11:04.108', '2018-04-07 20:11:04.108'),
('35','装货员','ZHY2','$2a$08$pW/F2vtBHK95s0rMy1i4rO9vC3.9ExSN2ko3ScbtAKFuRlTM0GpJi', '2018-04-07 20:11:04.108', '2018-04-07 20:11:04.108'),
('36','装货员','ZHY3','$2a$08$a9c639Bsh0jSGr4LB0rv4.ljSlvyl74NsQSZQCSvoCym9h/pM4DfO', '2018-04-07 20:11:04.108', '2018-04-07 20:11:04.108'),
('37','装货员','ZHY4','$2a$08$.OwfyVlWLgVfaurCI/LhWulRyRGhuJm7oGrGMgo9ZmNB7XM/AM6oO', '2018-04-07 20:11:04.108', '2018-04-07 20:11:04.108'),
('38','装货员','ZHY5','$2a$08$UDboTAmjsj2TnJ4qnRnlyOLzq.sBNZf.JsoGwSVRT7scnTSNpBOnW', '2018-04-07 20:11:04.108', '2018-04-07 20:11:04.108'),
('39','装货员','ZHY6','$2a$08$4g6I9YYvxZhKiBvDY8J/rOYdc8R1NQF4rOAA5sn9anipnfKfbKEdm', '2018-04-07 20:11:04.108', '2018-04-07 20:11:04.108'),
('40','安装工','AZG1','$2a$08$tXnlrVPyLWxP570TUidBYOtcD5miftYJY1VOD9zgWDud0geEov9ni', '2018-04-07 20:11:04.108', '2018-04-07 20:11:04.108'),
('41','安装工','AZG2','$2a$08$H5AGYG4.nXb/zg/6A3aEdOJ3BQ0wVxaf9sSaoktRhb6mIolcU0a.u', '2018-04-07 20:11:04.108', '2018-04-07 20:11:04.108'),
('42','安装工','AZG3','$2a$08$3LTuzd9kx1iGtdI0pbjz5uo.jTljAGbTk.OmAjJgAbQBEpd3eU4E.', '2018-04-07 20:11:04.108', '2018-04-07 20:11:04.108'),
('43','安装工','AZG4','$2a$08$WhURJwE25xMPCvnyhF8Od.BMeeA5aW.JfFjmJFe7f4zz3m/RTA602', '2018-04-07 20:11:04.108', '2018-04-07 20:11:04.108'),
('44','安装工','AZG5','$2a$08$bO3uSJJ7U6xBuxPPC0xFaOnCCcyOSlzj30ByUTAHg.U8.PYgyD2ny', '2018-04-07 20:11:04.108', '2018-04-07 20:11:04.108'),
('45','安装工','AZG6','$2a$08$ZdjXcn622zhJ400pNRbwm.H/LApjafig5cdxyqE/70wV9aDYSfs/.', '2018-04-07 20:11:04.108', '2018-04-07 20:11:04.108');

INSERT INTO PPJL_PP
(UserId,PPId, createdAt, updatedAt)
VALUES
('2','1', '2018-04-07 20:11:04.108', '2018-04-07 20:11:04.108'),
('3','2', '2018-04-07 20:11:04.108', '2018-04-07 20:11:04.108');

INSERT INTO KFJL_PP
(UserId,PPId, createdAt, updatedAt)
VALUES
('4','1', '2018-04-07 20:11:04.108', '2018-04-07 20:11:04.108'),
('5','2', '2018-04-07 20:11:04.108', '2018-04-07 20:11:04.108');

INSERT INTO GLY_AZGS
(UserId,AZGSId, createdAt, updatedAt)
VALUES
('28','1', '2018-04-07 20:11:04.108', '2018-04-07 20:11:04.108'),
('29','2', '2018-04-07 20:11:04.108', '2018-04-07 20:11:04.108'),
('30','3', '2018-04-07 20:11:04.108', '2018-04-07 20:11:04.108'),
('31','4', '2018-04-07 20:11:04.108', '2018-04-07 20:11:04.108'),
('32','5', '2018-04-07 20:11:04.108', '2018-04-07 20:11:04.108'),
('33','6', '2018-04-07 20:11:04.108', '2018-04-07 20:11:04.108');

INSERT INTO GLY_GYS
(UserId,GYSId, createdAt, updatedAt)
VALUES
('22','1', '2018-04-07 20:11:04.108', '2018-04-07 20:11:04.108'),
('23','2', '2018-04-07 20:11:04.108', '2018-04-07 20:11:04.108'),
('24','3', '2018-04-07 20:11:04.108', '2018-04-07 20:11:04.108'),
('25','4', '2018-04-07 20:11:04.108', '2018-04-07 20:11:04.108'),
('26','5', '2018-04-07 20:11:04.108', '2018-04-07 20:11:04.108'),
('27','6', '2018-04-07 20:11:04.108', '2018-04-07 20:11:04.108');

INSERT INTO GZ_PP
(UserId,PPId, createdAt, updatedAt)
VALUES
('6','1', '2018-04-07 20:11:04.108', '2018-04-07 20:11:04.108'),
('7','1', '2018-04-07 20:11:04.108', '2018-04-07 20:11:04.108'),
('8','1', '2018-04-07 20:11:04.108', '2018-04-07 20:11:04.108'),
('9','1', '2018-04-07 20:11:04.108', '2018-04-07 20:11:04.108'),
('10','1', '2018-04-07 20:11:04.108', '2018-04-07 20:11:04.108'),
('11','1', '2018-04-07 20:11:04.108', '2018-04-07 20:11:04.108'),
('12','2', '2018-04-07 20:11:04.108', '2018-04-07 20:11:04.108'),
('13','2', '2018-04-07 20:11:04.108', '2018-04-07 20:11:04.108');

INSERT INTO ZHY_GYS
(UserId,GYSId, createdAt, updatedAt)
VALUES
('34','1', '2018-04-07 20:11:04.108', '2018-04-07 20:11:04.108'),
('35','1', '2018-04-07 20:11:04.108', '2018-04-07 20:11:04.108'),
('36','2', '2018-04-07 20:11:04.108', '2018-04-07 20:11:04.108'),
('37','2', '2018-04-07 20:11:04.108', '2018-04-07 20:11:04.108'),
('38','3', '2018-04-07 20:11:04.108', '2018-04-07 20:11:04.108'),
('39','3', '2018-04-07 20:11:04.108', '2018-04-07 20:11:04.108');

INSERT INTO AZG_AZGS
(UserId,AZGSId, createdAt, updatedAt)
VALUES
('40','1', '2018-04-07 20:11:04.108', '2018-04-07 20:11:04.108'),
('41','1', '2018-04-07 20:11:04.108', '2018-04-07 20:11:04.108'),
('42','1', '2018-04-07 20:11:04.108', '2018-04-07 20:11:04.108'),
('43','2', '2018-04-07 20:11:04.108', '2018-04-07 20:11:04.108'),
('44','2', '2018-04-07 20:11:04.108', '2018-04-07 20:11:04.108'),
('45','2', '2018-04-07 20:11:04.108', '2018-04-07 20:11:04.108');

INSERT INTO GT
(id,name,code,PPId,QY,GTBAUserId,GZUserId,CS, createdAt, updatedAt)
VALUES
('1','GT1','GT1Code','1','东区','14','6','上海', '2018-04-07 20:11:04.108', '2018-04-07 20:11:04.108'),
('2','GT2','GT2Code','1','东区','15','6','上海', '2018-04-07 20:11:04.108', '2018-04-07 20:11:04.108'),
('3','GT3','GT3Code','1','北区','16','7','北京', '2018-04-07 20:11:04.108', '2018-04-07 20:11:04.108'),
('4','GT4','GT4Code','1','北区','17','7','北京', '2018-04-07 20:11:04.108', '2018-04-07 20:11:04.108'),
('5','GT5','GT5Code','1','南区','18','8','广州', '2018-04-07 20:11:04.108', '2018-04-07 20:11:04.108'),
('6','GT6','GT6Code','1','南区','19','8','广州', '2018-04-07 20:11:04.108', '2018-04-07 20:11:04.108'),
('7','GT7','GT7Code','2','东区','20','12','上海', '2018-04-07 20:11:04.108', '2018-04-07 20:11:04.108'),
('8','GT8','GT8Code','2','东区','21','13','上海', '2018-04-07 20:11:04.108', '2018-04-07 20:11:04.108');

INSERT INTO DP
(id,name,PPId,GYSId, createdAt, updatedAt)
VALUES
('1','DP1','1','1', '2018-04-07 20:11:04.108', '2018-04-07 20:11:04.108'),
('2','DP2','1','1', '2018-04-07 20:11:04.108', '2018-04-07 20:11:04.108'),
('3','DP3','1','2', '2018-04-07 20:11:04.108', '2018-04-07 20:11:04.108'),
('4','DP4','1','2', '2018-04-07 20:11:04.108', '2018-04-07 20:11:04.108'),
('5','DP5','2','1', '2018-04-07 20:11:04.108', '2018-04-07 20:11:04.108'),
('6','DP6','2','1', '2018-04-07 20:11:04.108', '2018-04-07 20:11:04.108'),
('7','DP7','2','2', '2018-04-07 20:11:04.108', '2018-04-07 20:11:04.108'),
('8','DP8','2','2', '2018-04-07 20:11:04.108', '2018-04-07 20:11:04.108');

INSERT INTO DW
(id,name,GTId,DPId, createdAt, updatedAt)
VALUES
('1','DW1','1','1', '2018-04-07 20:11:04.108', '2018-04-07 20:11:04.108'),
('2','DW2','1','1', '2018-04-07 20:11:04.108', '2018-04-07 20:11:04.108'),
('3','DW3','1','2', '2018-04-07 20:11:04.108', '2018-04-07 20:11:04.108'),
('4','DW4','2','1', '2018-04-07 20:11:04.108', '2018-04-07 20:11:04.108'),
('5','DW5','2','2', '2018-04-07 20:11:04.108', '2018-04-07 20:11:04.108'),
('6','DW6','2','2', '2018-04-07 20:11:04.108', '2018-04-07 20:11:04.108'),
('7','DW7','7','5', '2018-04-07 20:11:04.108', '2018-04-07 20:11:04.108'),
('8','DW8','7','6', '2018-04-07 20:11:04.108', '2018-04-07 20:11:04.108'),
('9','DW9','8','7', '2018-04-07 20:11:04.108', '2018-04-07 20:11:04.108'),
('10','DW10','8','8', '2018-04-07 20:11:04.108', '2018-04-07 20:11:04.108');

INSERT INTO FG
(id,name,PPId,note, createdAt, updatedAt)
VALUES
('1','FG1','1','FG1Note', '2018-04-07 20:11:04.108', '2018-04-07 20:11:04.108'),
('2','FG2','1','FG2Note', '2018-04-07 20:11:04.108', '2018-04-07 20:11:04.108'),
('3','FG3','1','FG3Note', '2018-04-07 20:11:04.108', '2018-04-07 20:11:04.108'),
('4','FG4','1','FG4Note', '2018-04-07 20:11:04.108', '2018-04-07 20:11:04.108'),
('5','FG5','2','FG5Note', '2018-04-07 20:11:04.108', '2018-04-07 20:11:04.108'),
('6','FG6','2','FG6Note', '2018-04-07 20:11:04.108', '2018-04-07 20:11:04.108');

INSERT INTO Tester
(id,name,PPId, createdAt, updatedAt)
VALUES
('1','Tester1','1', '2018-04-07 20:11:04.108', '2018-04-07 20:11:04.108'),
('2','Tester2','1', '2018-04-07 20:11:04.108', '2018-04-07 20:11:04.108'),
('3','Tester3','1', '2018-04-07 20:11:04.108', '2018-04-07 20:11:04.108'),
('4','Tester4','1', '2018-04-07 20:11:04.108', '2018-04-07 20:11:04.108'),
('5','Tester5','2', '2018-04-07 20:11:04.108', '2018-04-07 20:11:04.108'),
('6','Tester6','2', '2018-04-07 20:11:04.108', '2018-04-07 20:11:04.108');

INSERT INTO FG_Tester
(id,FGId,TesterId,PPId, createdAt, updatedAt)
VALUES
('1','1','1','1', '2018-04-07 20:11:04.108', '2018-04-07 20:11:04.108'),
('2','1','2','1', '2018-04-07 20:11:04.108', '2018-04-07 20:11:04.108'),
('3','1','3','1', '2018-04-07 20:11:04.108', '2018-04-07 20:11:04.108'),
('4','1','4','1', '2018-04-07 20:11:04.108', '2018-04-07 20:11:04.108'),
('5','2','1','1', '2018-04-07 20:11:04.108', '2018-04-07 20:11:04.108'),
('6','2','2','1', '2018-04-07 20:11:04.108', '2018-04-07 20:11:04.108'),
('7','5','5','2', '2018-04-07 20:11:04.108', '2018-04-07 20:11:04.108'),
('8','5','6','2', '2018-04-07 20:11:04.108', '2018-04-07 20:11:04.108'),
('9','6','5','2', '2018-04-07 20:11:04.108', '2018-04-07 20:11:04.108'),
('10','6','6','2', '2018-04-07 20:11:04.108', '2018-04-07 20:11:04.108');

INSERT INTO WL
(id,name,code,level,PPId,GYSId, createdAt, updatedAt)
VALUES
('1','WL1_1','WL1_1Code','1','1','1', '2018-04-07 20:11:04.108', '2018-04-07 20:11:04.108'),
('2','WL1_2','WL1_2Code','1','1','1', '2018-04-07 20:11:04.108', '2018-04-07 20:11:04.108'),
('3','WL1_3','WL1_3Code','1','1','2', '2018-04-07 20:11:04.108', '2018-04-07 20:11:04.108'),
('4','WL1_4','WL1_4Code','1','1','2', '2018-04-07 20:11:04.108', '2018-04-07 20:11:04.108'),
('5','WL1_5','WL1_5Code','1','1','3', '2018-04-07 20:11:04.108', '2018-04-07 20:11:04.108'),
('6','WL1_6','WL1_6Code','1','1','3', '2018-04-07 20:11:04.108', '2018-04-07 20:11:04.108'),
('7','WL2_1','WL2_1Code','2','1','1', '2018-04-07 20:11:04.108', '2018-04-07 20:11:04.108'),
('8','WL2_2','WL2_2Code','2','1','1', '2018-04-07 20:11:04.108', '2018-04-07 20:11:04.108'),
('9','WL2_3','WL2_3Code','2','1','2', '2018-04-07 20:11:04.108', '2018-04-07 20:11:04.108'),
('10','WL2_4','WL2_4Code','2','1','2', '2018-04-07 20:11:04.108', '2018-04-07 20:11:04.108'),
('11','WL2_5','WL2_5Code','2','1','3', '2018-04-07 20:11:04.108', '2018-04-07 20:11:04.108'),
('12','WL2_6','WL2_6Code','2','1','3', '2018-04-07 20:11:04.108', '2018-04-07 20:11:04.108'),
('13','WL3_1','WL3_1Code','3','1','1', '2018-04-07 20:11:04.108', '2018-04-07 20:11:04.108'),
('14','WL3_2','WL3_2Code','3','1','1', '2018-04-07 20:11:04.108', '2018-04-07 20:11:04.108'),
('15','WL3_3','WL3_3Code','3','1','2', '2018-04-07 20:11:04.108', '2018-04-07 20:11:04.108'),
('16','WL3_4','WL3_4Code','3','1','2', '2018-04-07 20:11:04.108', '2018-04-07 20:11:04.108'),
('17','WL3_5','WL3_5Code','3','1','3', '2018-04-07 20:11:04.108', '2018-04-07 20:11:04.108'),
('18','WL3_6','WL3_6Code','3','1','3', '2018-04-07 20:11:04.108', '2018-04-07 20:11:04.108'),
('19','WL4_1','WL4_1Code','1','2','1', '2018-04-07 20:11:04.108', '2018-04-07 20:11:04.108'),
('20','WL4_2','WL4_2Code','1','2','1', '2018-04-07 20:11:04.108', '2018-04-07 20:11:04.108'),
('21','WL4_3','WL4_3Code','1','2','2', '2018-04-07 20:11:04.108', '2018-04-07 20:11:04.108'),
('22','WL4_4','WL4_4Code','1','2','2', '2018-04-07 20:11:04.108', '2018-04-07 20:11:04.108'),
('23','WL4_5','WL4_5Code','1','2','3', '2018-04-07 20:11:04.108', '2018-04-07 20:11:04.108'),
('24','WL4_6','WL4_6Code','1','2','3', '2018-04-07 20:11:04.108', '2018-04-07 20:11:04.108'),
('25','WL5_1','WL5_1Code','2','2','1', '2018-04-07 20:11:04.108', '2018-04-07 20:11:04.108'),
('26','WL5_2','WL5_2Code','2','2','1', '2018-04-07 20:11:04.108', '2018-04-07 20:11:04.108'),
('27','WL5_3','WL5_3Code','2','2','2', '2018-04-07 20:11:04.108', '2018-04-07 20:11:04.108'),
('28','WL5_4','WL5_4Code','2','2','2', '2018-04-07 20:11:04.108', '2018-04-07 20:11:04.108'),
('29','WL5_5','WL5_5Code','2','2','3', '2018-04-07 20:11:04.108', '2018-04-07 20:11:04.108'),
('30','WL5_6','WL5_6Code','2','2','3', '2018-04-07 20:11:04.108', '2018-04-07 20:11:04.108'),
('31','WL6_1','WL6_1Code','3','2','1', '2018-04-07 20:11:04.108', '2018-04-07 20:11:04.108'),
('32','WL6_2','WL6_2Code','3','2','1', '2018-04-07 20:11:04.108', '2018-04-07 20:11:04.108'),
('33','WL6_3','WL6_3Code','3','2','2', '2018-04-07 20:11:04.108', '2018-04-07 20:11:04.108'),
('34','WL6_4','WL6_4Code','3','2','2', '2018-04-07 20:11:04.108', '2018-04-07 20:11:04.108'),
('35','WL6_5','WL6_5Code','3','2','3', '2018-04-07 20:11:04.108', '2018-04-07 20:11:04.108'),
('36','WL6_6','WL6_6Code','3','2','3', '2018-04-07 20:11:04.108', '2018-04-07 20:11:04.108');

INSERT INTO EJZH
(id,name,WLId,PPId,imageUrl, createdAt, updatedAt)
VALUES
('1','EJZH1','7','1','imageUrl1', '2018-04-07 20:11:04.108', '2018-04-07 20:11:04.108'),
('2','EJZH2','7','1','imageUrl2', '2018-04-07 20:11:04.108', '2018-04-07 20:11:04.108'),
('3','EJZH3','9','1','imageUrl3', '2018-04-07 20:11:04.108', '2018-04-07 20:11:04.108'),
('4','EJZH4','25','2','imageUrl4', '2018-04-07 20:11:04.108', '2018-04-07 20:11:04.108'),
('5','EJZH5','26','2','imageUrl5', '2018-04-07 20:11:04.108', '2018-04-07 20:11:04.108'),
('6','EJZH6','27','2','imageUrl6', '2018-04-07 20:11:04.108', '2018-04-07 20:11:04.108');

INSERT INTO EJZH_FGTester
(EJZHId,FGTesterId,number, createdAt, updatedAt)
VALUES
('1','1','1', '2018-04-07 20:11:04.108', '2018-04-07 20:11:04.108'),
('1','2','2', '2018-04-07 20:11:04.108', '2018-04-07 20:11:04.108'),
('1','3','3', '2018-04-07 20:11:04.108', '2018-04-07 20:11:04.108'),
('1','4','1', '2018-04-07 20:11:04.108', '2018-04-07 20:11:04.108'),
('1','5','2', '2018-04-07 20:11:04.108', '2018-04-07 20:11:04.108'),
('1','6','3', '2018-04-07 20:11:04.108', '2018-04-07 20:11:04.108'),
('4','7','1', '2018-04-07 20:11:04.108', '2018-04-07 20:11:04.108'),
('4','8','2', '2018-04-07 20:11:04.108', '2018-04-07 20:11:04.108'),
('4','9','3', '2018-04-07 20:11:04.108', '2018-04-07 20:11:04.108'),
('4','10','4', '2018-04-07 20:11:04.108', '2018-04-07 20:11:04.108');

INSERT INTO EJZH_SJWL
(EJZHId,WLId,number, createdAt, updatedAt)
VALUES
('1','13','1', '2018-04-07 20:11:04.108', '2018-04-07 20:11:04.108'),
('1','14','2', '2018-04-07 20:11:04.108', '2018-04-07 20:11:04.108'),
('1','15','3', '2018-04-07 20:11:04.108', '2018-04-07 20:11:04.108'),
('1','16','1', '2018-04-07 20:11:04.108', '2018-04-07 20:11:04.108'),
('1','17','2', '2018-04-07 20:11:04.108', '2018-04-07 20:11:04.108'),
('1','18','3', '2018-04-07 20:11:04.108', '2018-04-07 20:11:04.108'),
('2','13','2', '2018-04-07 20:11:04.108', '2018-04-07 20:11:04.108'),
('2','14','3', '2018-04-07 20:11:04.108', '2018-04-07 20:11:04.108'),
('4','31','1', '2018-04-07 20:11:04.108', '2018-04-07 20:11:04.108'),
('4','32','2', '2018-04-07 20:11:04.108', '2018-04-07 20:11:04.108'),
('4','33','3', '2018-04-07 20:11:04.108', '2018-04-07 20:11:04.108'),
('4','34','4', '2018-04-07 20:11:04.108', '2018-04-07 20:11:04.108');

INSERT INTO YJZH
(id,name,WLId,PPId,imageUrl, createdAt, updatedAt)
VALUES
('1','YJZH1','1','1','imageUrl1', '2018-04-07 20:11:04.108', '2018-04-07 20:11:04.108'),
('2','YJZH2','2','1','imageUrl2', '2018-04-07 20:11:04.108', '2018-04-07 20:11:04.108'),
('3','YJZH3','1','2','imageUrl3', '2018-04-07 20:11:04.108', '2018-04-07 20:11:04.108'),
('4','YJZH4','19','2','imageUrl4', '2018-04-07 20:11:04.108', '2018-04-07 20:11:04.108'),
('5','YJZH5','20','2','imageUrl5', '2018-04-07 20:11:04.108', '2018-04-07 20:11:04.108');

INSERT INTO YJZH_EJZH
(YJZHId,EJZHId,number, createdAt, updatedAt)
VALUES
('1','1','1', '2018-04-07 20:11:04.108', '2018-04-07 20:11:04.108'),
('1','2','2', '2018-04-07 20:11:04.108', '2018-04-07 20:11:04.108'),
('1','3','3', '2018-04-07 20:11:04.108', '2018-04-07 20:11:04.108'),
('2','3','3', '2018-04-07 20:11:04.108', '2018-04-07 20:11:04.108'),
('2','2','2', '2018-04-07 20:11:04.108', '2018-04-07 20:11:04.108'),
('2','1','1', '2018-04-07 20:11:04.108', '2018-04-07 20:11:04.108'),
('4','4','1', '2018-04-07 20:11:04.108', '2018-04-07 20:11:04.108'),
('4','5','2', '2018-04-07 20:11:04.108', '2018-04-07 20:11:04.108'),
('4','6','3', '2018-04-07 20:11:04.108', '2018-04-07 20:11:04.108'),
('5','6','3', '2018-04-07 20:11:04.108', '2018-04-07 20:11:04.108'),
('5','5','2', '2018-04-07 20:11:04.108', '2018-04-07 20:11:04.108'),
('5','4','1', '2018-04-07 20:11:04.108', '2018-04-07 20:11:04.108');

INSERT INTO GT_YJZH
(GTId,YJZHId,number, createdAt, updatedAt)
VALUES
('1','1','2', '2018-04-07 20:11:04.108', '2018-04-07 20:11:04.108'),
('1','2','3', '2018-04-07 20:11:04.108', '2018-04-07 20:11:04.108'),
('1','3','2', '2018-04-07 20:11:04.108', '2018-04-07 20:11:04.108'),
('2','1','3', '2018-04-07 20:11:04.108', '2018-04-07 20:11:04.108'),
('3','2','3', '2018-04-07 20:11:04.108', '2018-04-07 20:11:04.108'),
('4','1','2', '2018-04-07 20:11:04.108', '2018-04-07 20:11:04.108'),
('5','2','1', '2018-04-07 20:11:04.108', '2018-04-07 20:11:04.108'),
('6','1','1', '2018-04-07 20:11:04.108', '2018-04-07 20:11:04.108'),
('7','4','2', '2018-04-07 20:11:04.108', '2018-04-07 20:11:04.108'),
('8','5','3', '2018-04-07 20:11:04.108', '2018-04-07 20:11:04.108');

INSERT INTO YJZHXGT
(id,imageUrl,YJZHId, createdAt, updatedAt)
VALUES
('1','YJZH_XGT1','1', '2018-04-07 20:11:04.108', '2018-04-07 20:11:04.108'),
('2','YJZH_XGT2','1', '2018-04-07 20:11:04.108', '2018-04-07 20:11:04.108'),
('3','YJZH_XGT3','2', '2018-04-07 20:11:04.108', '2018-04-07 20:11:04.108'),
('4','YJZH_XGT4','2', '2018-04-07 20:11:04.108', '2018-04-07 20:11:04.108'),
('5','YJZH_XGT5','3', '2018-04-07 20:11:04.108', '2018-04-07 20:11:04.108'),
('6','YJZH_XGT6','3', '2018-04-07 20:11:04.108', '2018-04-07 20:11:04.108'),
('7','YJZH_XGT7','4', '2018-04-07 20:11:04.108', '2018-04-07 20:11:04.108'),
('8','YJZH_XGT8','4', '2018-04-07 20:11:04.108', '2018-04-07 20:11:04.108');

INSERT INTO EJZHXGT
(id,imageUrl,EJZHId, createdAt, updatedAt)
VALUES
('1','EJZH_XGT1','1', '2018-04-07 20:11:04.108', '2018-04-07 20:11:04.108'),
('2','EJZH_XGT2','1', '2018-04-07 20:11:04.108', '2018-04-07 20:11:04.108'),
('3','EJZH_XGT3','2', '2018-04-07 20:11:04.108', '2018-04-07 20:11:04.108'),
('4','EJZH_XGT4','2', '2018-04-07 20:11:04.108', '2018-04-07 20:11:04.108'),
('5','EJZH_XGT5','3', '2018-04-07 20:11:04.108', '2018-04-07 20:11:04.108'),
('6','EJZH_XGT6','3', '2018-04-07 20:11:04.108', '2018-04-07 20:11:04.108'),
('7','EJZH_XGT7','4', '2018-04-07 20:11:04.108', '2018-04-07 20:11:04.108'),
('8','EJZH_XGT8','4', '2018-04-07 20:11:04.108', '2018-04-07 20:11:04.108');
