
INSERT INTO User
(Id,username,password,JS, createdAt, updatedAt)
VALUES
('1','admin','$2a$08$iLrmqFWMFsQSArJNKkowOOAOd3pC0Df15kUY9gc2QG0dEDEQuiYoG','系统管理员', '2018-04-11 12:25:15.506', '2018-04-11 12:25:15.506'),
('2','PPJL1','$2a$08$E7YGmWFK2eH6G8XHyk9v8e.NPCxTVgxV59bjDzQP8ovPFSLGfmFCO','品牌经理', '2018-04-11 12:25:15.506', '2018-04-11 12:25:15.506'),
('3','PPJL2','$2a$08$vSyGG.qLvvXlPStM4zQ8uep0K68Pq3V8.YV42etnVpT4gfxTQoS6i','品牌经理', '2018-04-11 12:25:15.506', '2018-04-11 12:25:15.506'),
('4','PPJL3','$2a$08$wpVoChyVgIPfH6LmPJTLMOEeWzpXjMVl0pzMEZQgI6mA0dt76FTG2','品牌经理', '2018-04-11 12:25:15.506', '2018-04-11 12:25:15.506'),
('5','PPJL4','$2a$08$zhBijBMqxfI8bvs2foU26em/yi68A2YG6HIsIFaNMQKhdWOlYlc3S','品牌经理', '2018-04-11 12:25:15.506', '2018-04-11 12:25:15.506'),
('6','KFJL1','$2a$08$najxTtguhXmwENWY77MRt.fwOKFXrt29/xR94I7x.HSNF8sApx8oS','客服经理', '2018-04-11 12:25:15.506', '2018-04-11 12:25:15.506'),
('7','KFJL2','$2a$08$CQSqheWBExjJIORz1C9lM.Mqs9GVGK2jIqb2v5TvfyYk0uCZlcfh.','客服经理', '2018-04-11 12:25:15.506', '2018-04-11 12:25:15.506'),
('8','KFJL3','$2a$08$o0aSdFOv53nLohSgQOLtoOc/4WhmckE4LqxhW35A5PY8Q6Ot2EoUu','客服经理', '2018-04-11 12:25:15.506', '2018-04-11 12:25:15.506'),
('9','KFJL4','$2a$08$p0DZ9rG/PAyp5JFErPqIguo7DqjN9aecQ5Ah7acMu1d642HqNTUyy','客服经理', '2018-04-11 12:25:15.506', '2018-04-11 12:25:15.506'),
('10','GZ1','$2a$08$tReHjeeb8BlsYFRn2BMREOafoDZvOm9tKv4xEWU.QFyEI.5aEdisG','柜长', '2018-04-11 12:25:15.506', '2018-04-11 12:25:15.506'),
('11','GZ2','$2a$08$iU8F1WXw4.q8VNXXHZLfoeUfF7uc/kWquv8/wDjCBoaDR28flrEx.','柜长', '2018-04-11 12:25:15.506', '2018-04-11 12:25:15.506'),
('12','GZ3','$2a$08$pTgCp6MJM08LUk8tjoBYnOROhT1abTlTvXXhvpqg8V92MlNBdtBfu','柜长', '2018-04-11 12:25:15.506', '2018-04-11 12:25:15.506'),
('13','GZ4','$2a$08$4NyqmP0lo57sb7tR4VGca.AnDG9hmqAoBtMlp1OK67LM/NVf4n3ei','柜长', '2018-04-11 12:25:15.506', '2018-04-11 12:25:15.506'),
('14','GTBA1','$2a$08$OAakcLbJIC1MK4H2PXO9cuKmkyTf9rCNuP1AhZrmO8bknEPk4yv7S','柜台BA', '2018-04-11 12:25:15.506', '2018-04-11 12:25:15.506'),
('15','GTBA2','$2a$08$8YU7kvhQ0FbIQ0hx0xPZA.VS37h29qvsMU16rCuybyOXGZGtCQrXa','柜台BA', '2018-04-11 12:25:15.506', '2018-04-11 12:25:15.506'),
('16','GTBA3','$2a$08$M965v51nBn6Aoz5X4RVd0OAeEccnGtxdiVHE7LvIpNVifjWdslzYq','柜台BA', '2018-04-11 12:25:15.506', '2018-04-11 12:25:15.506'),
('17','GTBA4','$2a$08$maEKajczA1HTo5/p627CLedZxQ/A94PShwctcYa6YdG66oosCqAOS','柜台BA', '2018-04-11 12:25:15.506', '2018-04-11 12:25:15.506'),
('18','GTBA5','$2a$08$L6whsL5TOBxBtcJPyBnZ0OLE9M0vM9P85gZ9YgbBKIDRIKBXV8kk2','柜台BA', '2018-04-11 12:25:15.506', '2018-04-11 12:25:15.506'),
('19','GTBA6','$2a$08$PTqI5ANRwxoCxQpK25Fn5ObkcaKAFIDyv.8MJCvg7.luS4tFaHJI6','柜台BA', '2018-04-11 12:25:15.506', '2018-04-11 12:25:15.506'),
('20','GTBA7','$2a$08$vbbdwUmQ5ptLRbYCMMwiau.0NHcapiRYXFKuGhUyWitT..uqw637O','柜台BA', '2018-04-11 12:25:15.506', '2018-04-11 12:25:15.506'),
('21','GTBA8','$2a$08$K2LfIHqzQmOSIOJg4wVP7uzrkGhSHJ2Q8wEv83b8WeJvdeb4LxaoG','柜台BA', '2018-04-11 12:25:15.506', '2018-04-11 12:25:15.506'),
('22','GYSGLY1','$2a$08$2M9Wqf.Z7.yAT9LuVNH8oOZaheJ1EyWsGGi/NQtefOXY1kQIEOOjG','供应商管理员', '2018-04-11 12:25:15.506', '2018-04-11 12:25:15.506'),
('23','GYSGLY2','$2a$08$egDOcWzBUUT8cwcM44Du4uNY5pxiHuikIs22wkPD0Kmb9X4VnvA.C','供应商管理员', '2018-04-11 12:25:15.506', '2018-04-11 12:25:15.506'),
('24','GYSGLY3','$2a$08$j03DvSqGlq6HJcSBMWTuzOxIMlz3uYTTgrtq2eFQgFqTpgnYFkDSe','供应商管理员', '2018-04-11 12:25:15.506', '2018-04-11 12:25:15.506'),
('25','AZGSGLY1','$2a$08$lx0FbiPJAk83sh4a4gUYburRUUWEg9lJ.DqdDpGSsV/fuXB2rmRai','安装公司管理员', '2018-04-11 12:25:15.506', '2018-04-11 12:25:15.506'),
('26','AZGSGLY2','$2a$08$0ERYDuT9NcV3sovuO3itvejOTEjUvfkmbVXDhbJvVpYqmHOo0A3O2','安装公司管理员', '2018-04-11 12:25:15.506', '2018-04-11 12:25:15.506'),
('27','GTBA9','$2a$08$1LTaGvFHKKR8ZFckQRFYKuXNp3SXarPVKUY1nX.kWgVF3SuzKvx8y','柜台BA', '2018-04-11 12:25:15.506', '2018-04-11 12:25:15.506'),
('28','GTBA10','$2a$08$pjl9jBeLPUPlx2nvdIMaVeOZDFG9pr7Op04l8yhumn.rubtjTAn5q','柜台BA', '2018-04-11 12:25:15.506', '2018-04-11 12:25:15.506'),
('29','GTBA11','$2a$08$0DKom2R61h2R99fNvDvvqO5yi28MlvDwpMoouZXRCNKP21GyCYliO','柜台BA', '2018-04-11 12:25:15.506', '2018-04-11 12:25:15.506'),
('30','GTBA12','$2a$08$HUF1G3WKkRShx2lXV7XBR.vU7b/k.qVQRwzgu1IV.cjB7S8PbXMvS','柜台BA', '2018-04-11 12:25:15.506', '2018-04-11 12:25:15.506'),
('31','GTBA13','$2a$08$11IYLt2bgta/XlNlB3FQ6OVgxlqo19yj4MHOM7U60bm5wFv6MkZ8a','柜台BA', '2018-04-11 12:25:15.506', '2018-04-11 12:25:15.506'),
('32','GTBA14','$2a$08$r4hpHOzAiyJmU6M.sQ4GJu68wAO5VlOE/KTQBrkanEi4c5/KCqjLS','柜台BA', '2018-04-11 12:25:15.506', '2018-04-11 12:25:15.506'),
('33','GTBA15','$2a$08$uLzPu7HLxt2Q7hjZSqk1YO82ItYqdpGKcjIC7YId96Xa6fATcYZsi','柜台BA', '2018-04-11 12:25:15.506', '2018-04-11 12:25:15.506'),
('34','GTBA16','$2a$08$4Nqtr8LCUey1F1pcfBkrO.qHttBHffnDlta8.XksrfYZ4YElK53Su','柜台BA', '2018-04-11 12:25:15.506', '2018-04-11 12:25:15.506');

INSERT INTO PP
(id,name, createdAt, updatedAt)
VALUES
('1','PP1', '2018-04-11 12:25:15.506', '2018-04-11 12:25:15.506'),
('2','PP2', '2018-04-11 12:25:15.506', '2018-04-11 12:25:15.506'),
('3','PP3', '2018-04-11 12:25:15.506', '2018-04-11 12:25:15.506');

INSERT INTO PPJL_PP
(UserId,PPId, createdAt, updatedAt)
VALUES
('2','1', '2018-04-11 12:25:15.506', '2018-04-11 12:25:15.506'),
('3','1', '2018-04-11 12:25:15.506', '2018-04-11 12:25:15.506'),
('4','2', '2018-04-11 12:25:15.506', '2018-04-11 12:25:15.506'),
('5','2', '2018-04-11 12:25:15.506', '2018-04-11 12:25:15.506');

INSERT INTO KFJL_PP
(UserId,PPId, createdAt, updatedAt)
VALUES
('6','1', '2018-04-11 12:25:15.506', '2018-04-11 12:25:15.506'),
('7','1', '2018-04-11 12:25:15.506', '2018-04-11 12:25:15.506'),
('8','2', '2018-04-11 12:25:15.506', '2018-04-11 12:25:15.506'),
('9','2', '2018-04-11 12:25:15.506', '2018-04-11 12:25:15.506');

INSERT INTO GZ_PP
(UserId,PPId, createdAt, updatedAt)
VALUES
('10','1', '2018-04-11 12:25:15.506', '2018-04-11 12:25:15.506'),
('11','1', '2018-04-11 12:25:15.506', '2018-04-11 12:25:15.506'),
('12','2', '2018-04-11 12:25:15.506', '2018-04-11 12:25:15.506'),
('13','2', '2018-04-11 12:25:15.506', '2018-04-11 12:25:15.506');

INSERT INTO GT
(id,name,code,PPId,QY,GTBAUserId,GZUserId,CS, createdAt, updatedAt)
VALUES
('1','GT1','1','1','东区','14','10','上海', '2018-04-11 12:25:15.506', '2018-04-11 12:25:15.506'),
('2','GT2','2','1','东区','15','10','上海', '2018-04-11 12:25:15.506', '2018-04-11 12:25:15.506'),
('3','GT3','3','1','北区','16','11','北京', '2018-04-11 12:25:15.506', '2018-04-11 12:25:15.506'),
('4','GT4','4','1','北区','17','11','北京', '2018-04-11 12:25:15.506', '2018-04-11 12:25:15.506'),
('5','GT5','5','2','东区','18','12','广州', '2018-04-11 12:25:15.506', '2018-04-11 12:25:15.506'),
('6','GT6','6','2','东区','19','12','广州', '2018-04-11 12:25:15.506', '2018-04-11 12:25:15.506'),
('7','GT7','7','2','北区','20','13','深圳', '2018-04-11 12:25:15.506', '2018-04-11 12:25:15.506'),
('8','GT8','8','2','北区','21','13','深圳', '2018-04-11 12:25:15.506', '2018-04-11 12:25:15.506'),
('9','GT9','9','1','东区','27','','上海', '2018-04-11 12:25:15.506', '2018-04-11 12:25:15.506'),

INSERT INTO GT
(id,name,code,PPId,QY,GTBAUserId,CS, createdAt, updatedAt)
VALUES
('10','GT10','10','1','东区','28','上海', '2018-04-11 12:25:15.506', '2018-04-11 12:25:15.506'),
('11','GT11','11','1','北区','29','北京', '2018-04-11 12:25:15.506', '2018-04-11 12:25:15.506'),
('12','GT12','12','1','北区','30','北京', '2018-04-11 12:25:15.506', '2018-04-11 12:25:15.506'),
('13','GT13','13','2','东区','31','广州', '2018-04-11 12:25:15.506', '2018-04-11 12:25:15.506'),
('14','GT14','14','2','东区','32','广州', '2018-04-11 12:25:15.506', '2018-04-11 12:25:15.506'),
('15','GT15','15','2','北区','33','深圳', '2018-04-11 12:25:15.506', '2018-04-11 12:25:15.506'),
('16','GT16','16','2','北区','34','深圳', '2018-04-11 12:25:15.506', '2018-04-11 12:25:15.506');

INSERT INTO GYS
(id,Name,isSC,isKC, createdAt, updatedAt)
VALUES
('1','GYS1',TRUE,TRUE, '2018-04-11 12:25:15.506', '2018-04-11 12:25:15.506'),
('2','GYS2',TRUE,FALSE, '2018-04-11 12:25:15.506', '2018-04-11 12:25:15.506'),
('3','GYS3',FALSE,TRUE, '2018-04-11 12:25:15.506', '2018-04-11 12:25:15.506'),
('4','GYS4',TRUE,TRUE, '2018-04-11 12:25:15.506', '2018-04-11 12:25:15.506');

INSERT INTO GLY_GYS
(UserId,GYSId, createdAt, updatedAt)
VALUES
('22','1', '2018-04-11 12:25:15.506', '2018-04-11 12:25:15.506'),
('23','2', '2018-04-11 12:25:15.506', '2018-04-11 12:25:15.506');

INSERT INTO AZGS
(id,name, createdAt, updatedAt)
VALUES
('1','AZGS1', '2018-04-11 12:25:15.506', '2018-04-11 12:25:15.506'),
('2','AZGS2', '2018-04-11 12:25:15.506', '2018-04-11 12:25:15.506');

INSERT INTO GLY_AZGS
(UserId,AZGSId, createdAt, updatedAt)
VALUES
('25','1', '2018-04-11 12:25:15.506', '2018-04-11 12:25:15.506'),
('26','2', '2018-04-11 12:25:15.506', '2018-04-11 12:25:15.506');

INSERT INTO DP
(id,name,PPId,GYSId, createdAt, updatedAt)
VALUES
('1','DP1','1','1', '2018-04-11 12:25:15.506', '2018-04-11 12:25:15.506'),
('2','DP2','1','2', '2018-04-11 12:25:15.506', '2018-04-11 12:25:15.506'),
('3','DP3','1','1', '2018-04-11 12:25:15.506', '2018-04-11 12:25:15.506'),
('4','DP4','2','1', '2018-04-11 12:25:15.506', '2018-04-11 12:25:15.506'),
('5','DP5','2','2', '2018-04-11 12:25:15.506', '2018-04-11 12:25:15.506'),
('6','DP6','2','1', '2018-04-11 12:25:15.506', '2018-04-11 12:25:15.506');

INSERT INTO DW
(id,name,GTId,DPId, createdAt, updatedAt)
VALUES
('1','DW1','1','1', '2018-04-11 12:25:15.506', '2018-04-11 12:25:15.506'),
('2','DW2','1','2', '2018-04-11 12:25:15.506', '2018-04-11 12:25:15.506'),
('3','DW3','1','2', '2018-04-11 12:25:15.506', '2018-04-11 12:25:15.506'),
('4','DW1','2','1', '2018-04-11 12:25:15.506', '2018-04-11 12:25:15.506'),
('5','DW2','2','2', '2018-04-11 12:25:15.506', '2018-04-11 12:25:15.506'),
('6','DW4','2','3', '2018-04-11 12:25:15.506', '2018-04-11 12:25:15.506'),
('7','DW1','5','4', '2018-04-11 12:25:15.506', '2018-04-11 12:25:15.506'),
('8','DW2','5','5', '2018-04-11 12:25:15.506', '2018-04-11 12:25:15.506'),
('9','DW3','5','5', '2018-04-11 12:25:15.506', '2018-04-11 12:25:15.506'),
('10','DW1','6','4', '2018-04-11 12:25:15.506', '2018-04-11 12:25:15.506'),
('11','DW2','6','5', '2018-04-11 12:25:15.506', '2018-04-11 12:25:15.506'),
('12','DW5','6','6', '2018-04-11 12:25:15.506', '2018-04-11 12:25:15.506');

INSERT INTO FG
(id,name,PPId,note, createdAt, updatedAt)
VALUES
('1','FG1','1','NoteFG1', '2018-04-11 12:25:15.506', '2018-04-11 12:25:15.506'),
('2','FG2','1','NoteFG2', '2018-04-11 12:25:15.506', '2018-04-11 12:25:15.506'),
('3','FG3','1','NoteFG3', '2018-04-11 12:25:15.506', '2018-04-11 12:25:15.506'),
('4','FG4','2','NoteFG4', '2018-04-11 12:25:15.506', '2018-04-11 12:25:15.506'),
('5','FG5','2','NoteFG5', '2018-04-11 12:25:15.506', '2018-04-11 12:25:15.506'),
('6','FG6','2','NoteFG6', '2018-04-11 12:25:15.506', '2018-04-11 12:25:15.506');

INSERT INTO Tester
(id,name,PPId, createdAt, updatedAt)
VALUES
('1','Tester1','1', '2018-04-11 12:25:15.506', '2018-04-11 12:25:15.506'),
('2','Tester2','1', '2018-04-11 12:25:15.506', '2018-04-11 12:25:15.506'),
('3','Tester3','1', '2018-04-11 12:25:15.506', '2018-04-11 12:25:15.506'),
('4','Tester5','2', '2018-04-11 12:25:15.506', '2018-04-11 12:25:15.506'),
('5','Tester6','2', '2018-04-11 12:25:15.506', '2018-04-11 12:25:15.506'),
('6','Tester7','2', '2018-04-11 12:25:15.506', '2018-04-11 12:25:15.506');

INSERT INTO FG_Tester
(id,FGId,TesterId,PPId, createdAt, updatedAt)
VALUES
('1','1','1','1', '2018-04-11 12:25:15.506', '2018-04-11 12:25:15.506'),
('2','2','2','1', '2018-04-11 12:25:15.506', '2018-04-11 12:25:15.506'),
('3','2','3','1', '2018-04-11 12:25:15.506', '2018-04-11 12:25:15.506'),
('4','3','1','1', '2018-04-11 12:25:15.506', '2018-04-11 12:25:15.506'),
('5','4','4','2', '2018-04-11 12:25:15.506', '2018-04-11 12:25:15.506'),
('6','5','5','2', '2018-04-11 12:25:15.506', '2018-04-11 12:25:15.506'),
('7','5','6','2', '2018-04-11 12:25:15.506', '2018-04-11 12:25:15.506'),
('8','6','4','2', '2018-04-11 12:25:15.506', '2018-04-11 12:25:15.506');

INSERT INTO WL
(id,name,code,level,PPId,GYSId,imageUrl, createdAt, updatedAt)
VALUES
('1','WL3_1','1_3_1','3','1','1','UrlWL3_1', '2018-04-11 12:25:15.506', '2018-04-11 12:25:15.506'),
('2','WL3_2','1_3_2','3','1','1','UrlWL3_2', '2018-04-11 12:25:15.506', '2018-04-11 12:25:15.506'),
('3','WL3_3','1_3_3','3','1','2','UrlWL3_3', '2018-04-11 12:25:15.506', '2018-04-11 12:25:15.506'),
('4','WL3_4','1_3_4','3','1','2','UrlWL3_4', '2018-04-11 12:25:15.506', '2018-04-11 12:25:15.506'),
('5','WL2_1','1_2_1','2','1','1','UrlWL2_1', '2018-04-11 12:25:15.506', '2018-04-11 12:25:15.506'),
('6','WL2_2','1_2_2','2','1','1','UrlWL2_2', '2018-04-11 12:25:15.506', '2018-04-11 12:25:15.506'),
('7','WL2_3','1_2_3','2','1','1','UrlWL2_3', '2018-04-11 12:25:15.506', '2018-04-11 12:25:15.506'),
('8','WL2_4','1_2_4','2','1','2','UrlWL2_4', '2018-04-11 12:25:15.506', '2018-04-11 12:25:15.506'),
('9','WL2_5','1_2_5','2','1','2','UrlWL2_5', '2018-04-11 12:25:15.506', '2018-04-11 12:25:15.506'),
('10','WL2_6','1_2_6','2','1','2','UrlWL2_6', '2018-04-11 12:25:15.506', '2018-04-11 12:25:15.506'),
('11','WL1_1','1_1_1','1','1','1','UrlWL1_1', '2018-04-11 12:25:15.506', '2018-04-11 12:25:15.506'),
('12','WL1_2','1_1_2','1','1','1','UrlWL1_2', '2018-04-11 12:25:15.506', '2018-04-11 12:25:15.506'),
('13','WL1_3','1_1_3','1','1','1','UrlWL1_3', '2018-04-11 12:25:15.506', '2018-04-11 12:25:15.506'),
('14','WL1_4','1_1_4','1','1','2','UrlWL1_4', '2018-04-11 12:25:15.506', '2018-04-11 12:25:15.506'),
('15','WL1_5','1_1_5','1','1','2','UrlWL1_5', '2018-04-11 12:25:15.506', '2018-04-11 12:25:15.506'),
('16','WL1_6','1_1_6','1','1','2','UrlWL1_6', '2018-04-11 12:25:15.506', '2018-04-11 12:25:15.506'),
('17','WL3_1','2_3_1','3','2','1','UrlWL3_1', '2018-04-11 12:25:15.506', '2018-04-11 12:25:15.506'),
('18','WL3_2','2_3_2','3','2','1','UrlWL3_2', '2018-04-11 12:25:15.506', '2018-04-11 12:25:15.506'),
('19','WL3_3','2_3_3','3','2','2','UrlWL3_3', '2018-04-11 12:25:15.506', '2018-04-11 12:25:15.506'),
('20','WL3_4','2_3_4','3','2','2','UrlWL3_4', '2018-04-11 12:25:15.506', '2018-04-11 12:25:15.506'),
('21','WL2_1','2_2_1','2','2','1','UrlWL2_1', '2018-04-11 12:25:15.506', '2018-04-11 12:25:15.506'),
('22','WL2_2','2_2_2','2','2','1','UrlWL2_2', '2018-04-11 12:25:15.506', '2018-04-11 12:25:15.506'),
('23','WL2_3','2_2_3','2','2','1','UrlWL2_3', '2018-04-11 12:25:15.506', '2018-04-11 12:25:15.506'),
('24','WL2_4','2_2_4','2','2','2','UrlWL2_4', '2018-04-11 12:25:15.506', '2018-04-11 12:25:15.506'),
('25','WL2_5','2_2_5','2','2','2','UrlWL2_5', '2018-04-11 12:25:15.506', '2018-04-11 12:25:15.506'),
('26','WL2_6','2_2_6','2','2','2','UrlWL2_6', '2018-04-11 12:25:15.506', '2018-04-11 12:25:15.506'),
('27','WL1_1','2_1_1','1','2','1','UrlWL1_1', '2018-04-11 12:25:15.506', '2018-04-11 12:25:15.506'),
('28','WL1_2','2_1_2','1','2','1','UrlWL1_2', '2018-04-11 12:25:15.506', '2018-04-11 12:25:15.506'),
('29','WL1_3','2_1_3','1','2','1','UrlWL1_3', '2018-04-11 12:25:15.506', '2018-04-11 12:25:15.506'),
('30','WL1_4','2_1_4','1','2','2','UrlWL1_4', '2018-04-11 12:25:15.506', '2018-04-11 12:25:15.506'),
('31','WL1_5','2_1_5','1','2','2','UrlWL1_5', '2018-04-11 12:25:15.506', '2018-04-11 12:25:15.506'),
('32','WL1_6','2_1_6','1','2','2','UrlWL1_6', '2018-04-11 12:25:15.506', '2018-04-11 12:25:15.506'),
('33','WL3_5','1_3_5','3','1','1','UrlWL3_5', '2018-04-11 12:25:15.506', '2018-04-11 12:25:15.506'),
('34','WL3_6','1_3_6','3','1','1','UrlWL3_6', '2018-04-11 12:25:15.506', '2018-04-11 12:25:15.506'),
('35','WL3_7','1_3_7','3','1','1','UrlWL3_7', '2018-04-11 12:25:15.506', '2018-04-11 12:25:15.506'),
('36','WL3_8','1_3_8','3','1','1','UrlWL3_8', '2018-04-11 12:25:15.506', '2018-04-11 12:25:15.506'),
('37','WL2_7','1_2_7','2','1','1','UrlWL2_7', '2018-04-11 12:25:15.506', '2018-04-11 12:25:15.506'),
('38','WL2_8','1_2_8','2','1','1','UrlWL2_8', '2018-04-11 12:25:15.506', '2018-04-11 12:25:15.506'),
('39','WL2_9','1_2_9','2','1','1','UrlWL2_9', '2018-04-11 12:25:15.506', '2018-04-11 12:25:15.506'),
('40','WL2_10','1_2_10','2','1','1','UrlWL2_10', '2018-04-11 12:25:15.506', '2018-04-11 12:25:15.506'),
('41','WL2_11','1_2_11','2','1','1','UrlWL2_11', '2018-04-11 12:25:15.506', '2018-04-11 12:25:15.506'),
('42','WL2_12','1_2_12','2','1','1','UrlWL2_12', '2018-04-11 12:25:15.506', '2018-04-11 12:25:15.506'),
('43','WL1_7','1_1_7','1','1','1','UrlWL1_7', '2018-04-11 12:25:15.506', '2018-04-11 12:25:15.506'),
('44','WL1_8','1_1_8','1','1','1','UrlWL1_8', '2018-04-11 12:25:15.506', '2018-04-11 12:25:15.506'),
('45','WL1_9','1_1_9','1','1','1','UrlWL1_9', '2018-04-11 12:25:15.506', '2018-04-11 12:25:15.506'),
('46','WL1_10','1_1_10','1','1','1','UrlWL1_10', '2018-04-11 12:25:15.506', '2018-04-11 12:25:15.506'),
('47','WL1_11','1_1_11','1','1','1','UrlWL1_11', '2018-04-11 12:25:15.506', '2018-04-11 12:25:15.506'),
('48','WL1_12','1_1_12','1','1','1','UrlWL1_12', '2018-04-11 12:25:15.506', '2018-04-11 12:25:15.506'),
('49','WL3_5','2_3_5','3','2','2','UrlWL3_5', '2018-04-11 12:25:15.506', '2018-04-11 12:25:15.506'),
('50','WL3_6','2_3_6','3','2','2','UrlWL3_6', '2018-04-11 12:25:15.506', '2018-04-11 12:25:15.506'),
('51','WL3_7','2_3_7','3','2','2','UrlWL3_7', '2018-04-11 12:25:15.506', '2018-04-11 12:25:15.506'),
('52','WL3_8','2_3_8','3','2','2','UrlWL3_8', '2018-04-11 12:25:15.506', '2018-04-11 12:25:15.506'),
('53','WL2_7','2_2_7','2','2','2','UrlWL2_7', '2018-04-11 12:25:15.506', '2018-04-11 12:25:15.506'),
('54','WL2_8','2_2_8','2','2','2','UrlWL2_8', '2018-04-11 12:25:15.506', '2018-04-11 12:25:15.506'),
('55','WL2_9','2_2_9','2','2','2','UrlWL2_9', '2018-04-11 12:25:15.506', '2018-04-11 12:25:15.506'),
('56','WL2_10','2_2_10','2','2','2','UrlWL2_10', '2018-04-11 12:25:15.506', '2018-04-11 12:25:15.506'),
('57','WL2_11','2_2_11','2','2','2','UrlWL2_11', '2018-04-11 12:25:15.506', '2018-04-11 12:25:15.506'),
('58','WL2_12','2_2_12','2','2','2','UrlWL2_12', '2018-04-11 12:25:15.506', '2018-04-11 12:25:15.506'),
('59','WL1_7','2_1_7','1','2','2','UrlWL1_7', '2018-04-11 12:25:15.506', '2018-04-11 12:25:15.506'),
('60','WL1_8','2_1_8','1','2','2','UrlWL1_8', '2018-04-11 12:25:15.506', '2018-04-11 12:25:15.506'),
('61','WL1_9','2_1_9','1','2','2','UrlWL1_9', '2018-04-11 12:25:15.506', '2018-04-11 12:25:15.506'),
('62','WL1_10','2_1_10','1','2','2','UrlWL1_10', '2018-04-11 12:25:15.506', '2018-04-11 12:25:15.506'),
('63','WL1_11','2_1_11','1','2','2','UrlWL1_11', '2018-04-11 12:25:15.506', '2018-04-11 12:25:15.506'),
('64','WL1_12','2_1_12','1','2','2','UrlWL1_12', '2018-04-11 12:25:15.506', '2018-04-11 12:25:15.506');

INSERT INTO EJZH
(id,name,WLId,PPId,imageUrl, createdAt, updatedAt)
VALUES
('1','EJZH1','5','1','imageUrlEJZH1', '2018-04-11 12:25:15.506', '2018-04-11 12:25:15.506'),
('2','EJZH2','6','1','imageUrlEJZH2', '2018-04-11 12:25:15.506', '2018-04-11 12:25:15.506'),
('3','EJZH3','7','1','imageUrlEJZH3', '2018-04-11 12:25:15.506', '2018-04-11 12:25:15.506'),
('4','EJZH4','8','1','imageUrlEJZH4', '2018-04-11 12:25:15.506', '2018-04-11 12:25:15.506'),
('5','EJZH5','9','1','imageUrlEJZH5', '2018-04-11 12:25:15.506', '2018-04-11 12:25:15.506'),
('6','EJZH6','10','1','imageUrlEJZH6', '2018-04-11 12:25:15.506', '2018-04-11 12:25:15.506'),
('7','EJZH7','21','2','imageUrlEJZH7', '2018-04-11 12:25:15.506', '2018-04-11 12:25:15.506'),
('8','EJZH8','22','2','imageUrlEJZH8', '2018-04-11 12:25:15.506', '2018-04-11 12:25:15.506'),
('9','EJZH9','23','2','imageUrlEJZH9', '2018-04-11 12:25:15.506', '2018-04-11 12:25:15.506'),
('10','EJZH10','24','2','imageUrlEJZH10', '2018-04-11 12:25:15.506', '2018-04-11 12:25:15.506'),
('11','EJZH11','25','2','imageUrlEJZH11', '2018-04-11 12:25:15.506', '2018-04-11 12:25:15.506'),
('12','EJZH12','26','2','imageUrlEJZH12', '2018-04-11 12:25:15.506', '2018-04-11 12:25:15.506'),
('13','EJZH13','37','1','imageUrlEJZH13', '2018-04-11 12:25:15.506', '2018-04-11 12:25:15.506'),
('14','EJZH14','38','1','imageUrlEJZH14', '2018-04-11 12:25:15.506', '2018-04-11 12:25:15.506'),
('15','EJZH15','39','1','imageUrlEJZH15', '2018-04-11 12:25:15.506', '2018-04-11 12:25:15.506'),
('16','EJZH16','40','1','imageUrlEJZH16', '2018-04-11 12:25:15.506', '2018-04-11 12:25:15.506'),
('17','EJZH17','41','1','imageUrlEJZH17', '2018-04-11 12:25:15.506', '2018-04-11 12:25:15.506'),
('18','EJZH18','42','1','imageUrlEJZH18', '2018-04-11 12:25:15.506', '2018-04-11 12:25:15.506'),
('19','EJZH19','53','2','imageUrlEJZH19', '2018-04-11 12:25:15.506', '2018-04-11 12:25:15.506'),
('20','EJZH20','54','2','imageUrlEJZH20', '2018-04-11 12:25:15.506', '2018-04-11 12:25:15.506'),
('21','EJZH21','55','2','imageUrlEJZH21', '2018-04-11 12:25:15.506', '2018-04-11 12:25:15.506'),
('22','EJZH22','56','2','imageUrlEJZH22', '2018-04-11 12:25:15.506', '2018-04-11 12:25:15.506'),
('23','EJZH23','57','2','imageUrlEJZH23', '2018-04-11 12:25:15.506', '2018-04-11 12:25:15.506'),
('24','EJZH24','58','2','imageUrlEJZH24', '2018-04-11 12:25:15.506', '2018-04-11 12:25:15.506');

INSERT INTO EJZH_FGTester
(EJZHId,FGTesterId,number, createdAt, updatedAt)
VALUES
('1','1','2', '2018-04-11 12:25:15.506', '2018-04-11 12:25:15.506'),
('2','2','2', '2018-04-11 12:25:15.506', '2018-04-11 12:25:15.506'),
('2','3','2', '2018-04-11 12:25:15.506', '2018-04-11 12:25:15.506'),
('3','1','2', '2018-04-11 12:25:15.506', '2018-04-11 12:25:15.506'),
('7','5','2', '2018-04-11 12:25:15.506', '2018-04-11 12:25:15.506'),
('8','6','2', '2018-04-11 12:25:15.506', '2018-04-11 12:25:15.506'),
('8','7','2', '2018-04-11 12:25:15.506', '2018-04-11 12:25:15.506'),
('9','5','2', '2018-04-11 12:25:15.506', '2018-04-11 12:25:15.506');

INSERT INTO EJZH_SJWL
(EJZHId,WLId,number, createdAt, updatedAt)
VALUES
('2','1','2', '2018-04-11 12:25:15.506', '2018-04-11 12:25:15.506'),
('3','2','2', '2018-04-11 12:25:15.506', '2018-04-11 12:25:15.506'),
('3','3','2', '2018-04-11 12:25:15.506', '2018-04-11 12:25:15.506'),
('4','1','2', '2018-04-11 12:25:15.506', '2018-04-11 12:25:15.506'),
('5','4','2', '2018-04-11 12:25:15.506', '2018-04-11 12:25:15.506'),
('8','17','2', '2018-04-11 12:25:15.506', '2018-04-11 12:25:15.506'),
('9','18','2', '2018-04-11 12:25:15.506', '2018-04-11 12:25:15.506'),
('9','19','2', '2018-04-11 12:25:15.506', '2018-04-11 12:25:15.506'),
('10','17','2', '2018-04-11 12:25:15.506', '2018-04-11 12:25:15.506'),
('11','20','2', '2018-04-11 12:25:15.506', '2018-04-11 12:25:15.506');

INSERT INTO YJZH
(id,name,WLId,PPId,imageUrl, createdAt, updatedAt)
VALUES
('1','YJZH1','11','1','imageUrlYJZH1', '2018-04-11 12:25:15.506', '2018-04-11 12:25:15.506'),
('2','YJZH2','12','1','imageUrlYJZH2', '2018-04-11 12:25:15.506', '2018-04-11 12:25:15.506'),
('3','YJZH3','13','1','imageUrlYJZH3', '2018-04-11 12:25:15.506', '2018-04-11 12:25:15.506'),
('4','YJZH4','14','1','imageUrlYJZH4', '2018-04-11 12:25:15.506', '2018-04-11 12:25:15.506'),
('5','YJZH5','15','1','imageUrlYJZH5', '2018-04-11 12:25:15.506', '2018-04-11 12:25:15.506'),
('6','YJZH6','16','1','imageUrlYJZH6', '2018-04-11 12:25:15.506', '2018-04-11 12:25:15.506'),
('7','YJZH7','27','2','imageUrlYJZH7', '2018-04-11 12:25:15.506', '2018-04-11 12:25:15.506'),
('8','YJZH8','28','2','imageUrlYJZH8', '2018-04-11 12:25:15.506', '2018-04-11 12:25:15.506'),
('9','YJZH9','29','2','imageUrlYJZH9', '2018-04-11 12:25:15.506', '2018-04-11 12:25:15.506'),
('10','YJZH10','30','2','imageUrlYJZH10', '2018-04-11 12:25:15.506', '2018-04-11 12:25:15.506'),
('11','YJZH11','31','2','imageUrlYJZH11', '2018-04-11 12:25:15.506', '2018-04-11 12:25:15.506'),
('12','YJZH12','32','2','imageUrlYJZH12', '2018-04-11 12:25:15.506', '2018-04-11 12:25:15.506'),
('13','YJZH13','43','1','imageUrlYJZH13', '2018-04-11 12:25:15.506', '2018-04-11 12:25:15.506'),
('14','YJZH14','44','1','imageUrlYJZH14', '2018-04-11 12:25:15.506', '2018-04-11 12:25:15.506'),
('15','YJZH15','45','1','imageUrlYJZH15', '2018-04-11 12:25:15.506', '2018-04-11 12:25:15.506'),
('16','YJZH16','46','1','imageUrlYJZH16', '2018-04-11 12:25:15.506', '2018-04-11 12:25:15.506'),
('17','YJZH17','47','1','imageUrlYJZH17', '2018-04-11 12:25:15.506', '2018-04-11 12:25:15.506'),
('18','YJZH18','48','1','imageUrlYJZH18', '2018-04-11 12:25:15.506', '2018-04-11 12:25:15.506'),
('19','YJZH19','59','2','imageUrlYJZH19', '2018-04-11 12:25:15.506', '2018-04-11 12:25:15.506'),
('20','YJZH20','60','2','imageUrlYJZH20', '2018-04-11 12:25:15.506', '2018-04-11 12:25:15.506'),
('21','YJZH21','61','2','imageUrlYJZH21', '2018-04-11 12:25:15.506', '2018-04-11 12:25:15.506'),
('22','YJZH22','62','2','imageUrlYJZH22', '2018-04-11 12:25:15.506', '2018-04-11 12:25:15.506'),
('23','YJZH23','63','2','imageUrlYJZH23', '2018-04-11 12:25:15.506', '2018-04-11 12:25:15.506'),
('24','YJZH24','64','2','imageUrlYJZH24', '2018-04-11 12:25:15.506', '2018-04-11 12:25:15.506');

INSERT INTO YJZH_EJZH
(YJZHId,EJZHId,number, createdAt, updatedAt)
VALUES
('1','1','2', '2018-04-11 12:25:15.506', '2018-04-11 12:25:15.506'),
('2','2','2', '2018-04-11 12:25:15.506', '2018-04-11 12:25:15.506'),
('2','3','2', '2018-04-11 12:25:15.506', '2018-04-11 12:25:15.506'),
('3','1','2', '2018-04-11 12:25:15.506', '2018-04-11 12:25:15.506'),
('4','4','2', '2018-04-11 12:25:15.506', '2018-04-11 12:25:15.506'),
('5','6','2', '2018-04-11 12:25:15.506', '2018-04-11 12:25:15.506'),
('7','7','2', '2018-04-11 12:25:15.506', '2018-04-11 12:25:15.506'),
('8','8','2', '2018-04-11 12:25:15.506', '2018-04-11 12:25:15.506'),
('8','9','2', '2018-04-11 12:25:15.506', '2018-04-11 12:25:15.506'),
('9','7','2', '2018-04-11 12:25:15.506', '2018-04-11 12:25:15.506'),
('10','10','2', '2018-04-11 12:25:15.506', '2018-04-11 12:25:15.506'),
('11','12','2', '2018-04-11 12:25:15.506', '2018-04-11 12:25:15.506');

INSERT INTO GT_YJZH
(GTId,YJZHId,number, createdAt, updatedAt)
VALUES
('1','1','2', '2018-04-11 12:25:15.506', '2018-04-11 12:25:15.506'),
('2','2','2', '2018-04-11 12:25:15.506', '2018-04-11 12:25:15.506'),
('2','3','2', '2018-04-11 12:25:15.506', '2018-04-11 12:25:15.506'),
('3','1','2', '2018-04-11 12:25:15.506', '2018-04-11 12:25:15.506'),
('4','4','2', '2018-04-11 12:25:15.506', '2018-04-11 12:25:15.506'),
('4','5','2', '2018-04-11 12:25:15.506', '2018-04-11 12:25:15.506'),
('4','6','2', '2018-04-11 12:25:15.506', '2018-04-11 12:25:15.506'),
('5','7','2', '2018-04-11 12:25:15.506', '2018-04-11 12:25:15.506'),
('6','8','2', '2018-04-11 12:25:15.506', '2018-04-11 12:25:15.506'),
('6','9','2', '2018-04-11 12:25:15.506', '2018-04-11 12:25:15.506'),
('7','7','2', '2018-04-11 12:25:15.506', '2018-04-11 12:25:15.506'),
('8','10','2', '2018-04-11 12:25:15.506', '2018-04-11 12:25:15.506'),
('8','11','2', '2018-04-11 12:25:15.506', '2018-04-11 12:25:15.506');

INSERT INTO YJZHXGT
(id,imageUrl,YJZHId, createdAt, updatedAt)
VALUES
('1','YJZH1Url1','1', '2018-04-11 12:25:15.506', '2018-04-11 12:25:15.506'),
('2','YJZH2Url1','2', '2018-04-11 12:25:15.506', '2018-04-11 12:25:15.506'),
('3','YJZH2Url2','2', '2018-04-11 12:25:15.506', '2018-04-11 12:25:15.506'),
('4','YJZH4Url1','4', '2018-04-11 12:25:15.506', '2018-04-11 12:25:15.506'),
('5','YJZH5Url1','5', '2018-04-11 12:25:15.506', '2018-04-11 12:25:15.506'),
('6','YJZH5Url2','5', '2018-04-11 12:25:15.506', '2018-04-11 12:25:15.506');

INSERT INTO EJZHXGT
(id,imageUrl,EJZHId, createdAt, updatedAt)
VALUES
('1','EJZH1Url1','1', '2018-04-11 12:25:15.506', '2018-04-11 12:25:15.506'),
('2','EJZH2Url1','2', '2018-04-11 12:25:15.506', '2018-04-11 12:25:15.506'),
('3','EJZH2Url2','2', '2018-04-11 12:25:15.506', '2018-04-11 12:25:15.506'),
('4','EJZH4Url1','4', '2018-04-11 12:25:15.506', '2018-04-11 12:25:15.506'),
('5','EJZH5Url1','5', '2018-04-11 12:25:15.506', '2018-04-11 12:25:15.506'),
('6','EJZH5Url2','5', '2018-04-11 12:25:15.506', '2018-04-11 12:25:15.506');
