
INSERT INTO PP
(id,name, createdAt, updatedAt)
VALUES
('1','PP1', '2018-04-01 17:46:19.282', '2018-04-01 17:46:19.282'),
('2','PP2', '2018-04-01 17:46:19.282', '2018-04-01 17:46:19.282');

INSERT INTO GYS
(id,name,isSC,isKC, createdAt, updatedAt)
VALUES
('1','GYS1',TRUE,TRUE, '2018-04-01 17:46:19.282', '2018-04-01 17:46:19.282'),
('2','GYS2',TRUE,FALSE, '2018-04-01 17:46:19.282', '2018-04-01 17:46:19.282'),
('3','GYS3',FALSE,TRUE, '2018-04-01 17:46:19.282', '2018-04-01 17:46:19.282'),
('4','GYS4',TRUE,TRUE, '2018-04-01 17:46:19.282', '2018-04-01 17:46:19.282'),
('5','GYS5',TRUE,FALSE, '2018-04-01 17:46:19.282', '2018-04-01 17:46:19.282'),
('6','GYS6',FALSE,TRUE, '2018-04-01 17:46:19.282', '2018-04-01 17:46:19.282');

INSERT INTO AZGS
(id,name, createdAt, updatedAt)
VALUES
('1','AZGS1', '2018-04-01 17:46:19.282', '2018-04-01 17:46:19.282'),
('2','AZGS2', '2018-04-01 17:46:19.282', '2018-04-01 17:46:19.282'),
('3','AZGS3', '2018-04-01 17:46:19.282', '2018-04-01 17:46:19.282'),
('4','AZGS4', '2018-04-01 17:46:19.282', '2018-04-01 17:46:19.282'),
('5','AZGS5', '2018-04-01 17:46:19.282', '2018-04-01 17:46:19.282'),
('6','AZGS6', '2018-04-01 17:46:19.282', '2018-04-01 17:46:19.282');

INSERT INTO User
(id,JS,username,password, createdAt, updatedAt)
VALUES
('1','系统管理员','admin','$2a$08$.Ea8aSyejz0Ust9DP9ztPO1/ufyCmRubwrtQz1wv5xWe4Yu4yTwxO', '2018-04-01 17:46:19.282', '2018-04-01 17:46:19.282'),
('2','品牌经理','PPJL1','$2a$08$0Kn93Rh5dr5uoI/1.1Yo8.qzFSSqI63NpzB7irk9uk8MUQyRb6H9W', '2018-04-01 17:46:19.282', '2018-04-01 17:46:19.282'),
('3','品牌经理','PPJL2','$2a$08$qUhKwhd8ZaQA8m74fo15ye4ave7XNEaVfqrlJycSZPl8LXuhYppZC', '2018-04-01 17:46:19.282', '2018-04-01 17:46:19.282'),
('4','客服经理','KFJL1','$2a$08$CNLdCpKdvqH3rltiND/9HeG41.q2.qr3If9b06ZvlEYHXk12hfVbW', '2018-04-01 17:46:19.282', '2018-04-01 17:46:19.282'),
('5','客服经理','KFJL2','$2a$08$w..fNe5dzzIQ6C8mNZLhpOk5pmv2H5LSQ46ywWawUqFWUFGtSuRcy', '2018-04-01 17:46:19.282', '2018-04-01 17:46:19.282'),
('6','柜长','GZ1','$2a$08$0vyEYwbcVIdxl8Ep.9lOyO8AG1DOGRxP499NilD3.ipKrczrCwIoC', '2018-04-01 17:46:19.282', '2018-04-01 17:46:19.282'),
('7','柜长','GZ2','$2a$08$Tae3JRQ5zPik38p15dw5UumVOBZgUX2DpjucIsxd8Eb6CT8l6e/5a', '2018-04-01 17:46:19.282', '2018-04-01 17:46:19.282'),
('8','柜长','GZ3','$2a$08$NMYNqLJxUpP/1.SRZTHs9e./epvKDw3MLNAn70fBnBASRqB5QJeE2', '2018-04-01 17:46:19.282', '2018-04-01 17:46:19.282'),
('9','柜长','GZ4','$2a$08$NsHZf477bE92j4or51BhVeX.lM7hqOdjQ0g9q5EdYrcH/pMs7i4Ly', '2018-04-01 17:46:19.282', '2018-04-01 17:46:19.282'),
('10','柜长','GZ5','$2a$08$yFgTMU9um2o1wAN2qCwJKu3pJ2mKfMfj9HMz.OnZWGuNms1aWh2PS', '2018-04-01 17:46:19.282', '2018-04-01 17:46:19.282'),
('11','柜长','GZ6','$2a$08$P0bDTZU80/Hi/B4PqJwr.O.uzTjy9hOR6wwsZ9AWM6PFpusHDiO0m', '2018-04-01 17:46:19.282', '2018-04-01 17:46:19.282'),
('12','柜长','GZ7','$2a$08$nWsy4rpj2vNPUs2EepGI6.IAEuF6Cw7wvJCjNysB6cyypRlBwrj6m', '2018-04-01 17:46:19.282', '2018-04-01 17:46:19.282'),
('13','柜长','GZ8','$2a$08$hL5b.ZBAONxQL3m8Kq5EhO4mvrLmFwUEy4E6LfmAsQ.z/DyObD9za', '2018-04-01 17:46:19.282', '2018-04-01 17:46:19.282'),
('14','柜台BA','GT1BA','$2a$08$vVI2y.8F1hMsZObMzGxlauoOg1gKzTeht7xL5KLSeevnNDuEA2Cwe', '2018-04-01 17:46:19.282', '2018-04-01 17:46:19.282'),
('15','柜台BA','GT2BA','$2a$08$LjO5wI3KTWpCwpjbJOT2POU8KZpldMjq9Q34UJoD.HbiYJsVpZ5Vm', '2018-04-01 17:46:19.282', '2018-04-01 17:46:19.282'),
('16','柜台BA','GT3BA','$2a$08$DNSqRP5nWiDcapmU4JK7.edI/JSy166pOTbE6ay7aeHTBaEIIkpBe', '2018-04-01 17:46:19.282', '2018-04-01 17:46:19.282'),
('17','柜台BA','GT4BA','$2a$08$Nj7obz9Uqhi0mXwCMTLssOkmcVjligtAl5/p5dCZ7HE.6Z5/x2G.i', '2018-04-01 17:46:19.282', '2018-04-01 17:46:19.282'),
('18','柜台BA','GT5BA','$2a$08$GpoyBNMdwXqDhTcFE3KAI.NeAD1QvgvIUS96DJu8B1TGtTrF2HYsO', '2018-04-01 17:46:19.282', '2018-04-01 17:46:19.282'),
('19','柜台BA','GT6BA','$2a$08$YAG9Vjp/oRN5O1EIlLjAE.Daq8A8SLgm91zAMhrDq17LaJpA9iny2', '2018-04-01 17:46:19.282', '2018-04-01 17:46:19.282'),
('20','柜台BA','GT7BA','$2a$08$bJyta64UUWSgxaoTsTdlC.4lEZOW6WQ4wi3U1dhP6Pz5Tf5dAgDJa', '2018-04-01 17:46:19.282', '2018-04-01 17:46:19.282'),
('21','柜台BA','GT8BA','$2a$08$7KosQkeZOt0MvKu2Ftq71ONDn66k58HjledUctz4IMPlP1kwWBk2.', '2018-04-01 17:46:19.282', '2018-04-01 17:46:19.282'),
('22','供应商管理员','GYSGLY1','$2a$08$UBIixyZaOu/jY4ZWhgrKRO7sYxbjg33rbo7A4CvxR6bygnWVtC5RC', '2018-04-01 17:46:19.282', '2018-04-01 17:46:19.282'),
('23','供应商管理员','GYSGLY2','$2a$08$eY9TpcMxjPdUSPOCEYoJKe7PRutKFmcpFVJfHGvFKOtFNPD0hRE6i', '2018-04-01 17:46:19.282', '2018-04-01 17:46:19.282'),
('24','供应商管理员','GYSGLY3','$2a$08$FXeoqFyjmooplAQRlrsASeyYhKGc5ZuOvcdwPX0ajzKFHZiq8C51q', '2018-04-01 17:46:19.282', '2018-04-01 17:46:19.282'),
('25','供应商管理员','GYSGLY4','$2a$08$vunTwhQ863/R8NGfTwRfAOPDUBi7UrhBoRlf6.yFO/tzlUxnQjgJa', '2018-04-01 17:46:19.282', '2018-04-01 17:46:19.282'),
('26','供应商管理员','GYSGLY5','$2a$08$.V66UYGmkYNeDph1d0c1feHT9CI66/hmRL5aBlhKDUS48AkKRVLMm', '2018-04-01 17:46:19.282', '2018-04-01 17:46:19.282'),
('27','供应商管理员','GYSGLY6','$2a$08$cm1L/BDehiMS8mz99c5ga.fYpJPrCaZfs1mJzdhOAr.60q6cb4co6', '2018-04-01 17:46:19.282', '2018-04-01 17:46:19.282'),
('28','安装公司管理员','AZGSGLY1','$2a$08$R94/5j7elg2/oSQBto.13eXkpUYEfN7DUstcUa/zpdF07/EvWSekO', '2018-04-01 17:46:19.282', '2018-04-01 17:46:19.282'),
('29','安装公司管理员','AZGSGLY2','$2a$08$RG6XSr5PLGoB5Nqadn9jVePUyGdgixj9j5yN2bgVCfraEoHnY3bpK', '2018-04-01 17:46:19.282', '2018-04-01 17:46:19.282'),
('30','安装公司管理员','AZGSGLY3','$2a$08$hf6sMh2cZhgsv.6fWaNzGuUpc8nU.8mngcawuZne7by1ernwsLeCq', '2018-04-01 17:46:19.282', '2018-04-01 17:46:19.282'),
('31','安装公司管理员','AZGSGLY4','$2a$08$timomN0VxhF68CTyM92wNeF/OQTusWzbxdpI9xCSOP7smuJlAOtvK', '2018-04-01 17:46:19.282', '2018-04-01 17:46:19.282'),
('32','安装公司管理员','AZGSGLY5','$2a$08$coDH9qfGV8oiO38DxjVS1.XXB4ddUidIe3.2uM/pMqd9AzR4.79mK', '2018-04-01 17:46:19.282', '2018-04-01 17:46:19.282'),
('33','安装公司管理员','AZGSGLY6','$2a$08$0L0tZSLpnoBbxBwhR.blzu93od8TGlE9DMxJz3Lt6b22440Eo6NBi', '2018-04-01 17:46:19.282', '2018-04-01 17:46:19.282'),
('34','装货员','ZHY1','$2a$08$qCFy8UwvWgYadphdHT8DiuPi8HacIaUEnlQinVuHZH6AkxRs8UPma', '2018-04-01 17:46:19.282', '2018-04-01 17:46:19.282'),
('35','装货员','ZHY2','$2a$08$85k5Oj17bd6aGqQ9How.WOO7d1F2LlZb8zEpsPYpxqXm96KVR7b5a', '2018-04-01 17:46:19.282', '2018-04-01 17:46:19.282'),
('36','装货员','ZHY3','$2a$08$LQ..39cfp5WBQpbOKpaO1OE9hyN/ocIgPaZx9trDIQTDCuKm7sUcO', '2018-04-01 17:46:19.282', '2018-04-01 17:46:19.282'),
('37','装货员','ZHY4','$2a$08$yM4Tyw8GXbdqzBaTSGcIA.ZmiBIXITqyMmVQuDmVZ9AHQqwuA8KHK', '2018-04-01 17:46:19.282', '2018-04-01 17:46:19.282'),
('38','装货员','ZHY5','$2a$08$Yb6j1A49cdzlnZHcQ/1zS.i1FiARXGx7QMO3qY04kZp1fOFURxGdK', '2018-04-01 17:46:19.282', '2018-04-01 17:46:19.282'),
('39','装货员','ZHY6','$2a$08$0HgUEu94OwX4yvy6VWKv2.apg6Ac0nR0OcFV35BlCB7lz8fHVuyP.', '2018-04-01 17:46:19.282', '2018-04-01 17:46:19.282'),
('40','安装工','AZG1','$2a$08$6nM7OMJIiE.lJB0k4RZGne0PAdylMo8lpr7cW34uGFzVc9IEUahKS', '2018-04-01 17:46:19.282', '2018-04-01 17:46:19.282'),
('41','安装工','AZG2','$2a$08$IaIGD.7TjV8BqK9/ARwERuEM8tX4gZ.MabrdyOPvo4w2ralvzlNCO', '2018-04-01 17:46:19.282', '2018-04-01 17:46:19.282'),
('42','安装工','AZG3','$2a$08$7YDIbeIXF6weo5sUvnQcru91O6WBr6vTO.tDs5L8Jz/0l8dRWWf7e', '2018-04-01 17:46:19.282', '2018-04-01 17:46:19.282'),
('43','安装工','AZG4','$2a$08$RdYFP4CmW34fpL2fcpl3q.GHONdAInOmtn4ujtbsdTzmb5L4EqPz6', '2018-04-01 17:46:19.282', '2018-04-01 17:46:19.282'),
('44','安装工','AZG5','$2a$08$DcZCncR46x/MVEFlqhLj6O7QvQY9iit1Z9go0PzwkEy.fmZIFUzNe', '2018-04-01 17:46:19.282', '2018-04-01 17:46:19.282'),
('45','安装工','AZG6','$2a$08$pAswL10QDMA2FNWbldUSPOP2wLNCsmRyneg/88BdtNh8ru4ryHJEm', '2018-04-01 17:46:19.282', '2018-04-01 17:46:19.282');

INSERT INTO PPJL_PP
(UserId,PPId, createdAt, updatedAt)
VALUES
('2','1', '2018-04-01 17:46:19.282', '2018-04-01 17:46:19.282'),
('3','2', '2018-04-01 17:46:19.282', '2018-04-01 17:46:19.282');

INSERT INTO KFJL_PP
(UserId,PPId, createdAt, updatedAt)
VALUES
('4','1', '2018-04-01 17:46:19.282', '2018-04-01 17:46:19.282'),
('5','2', '2018-04-01 17:46:19.282', '2018-04-01 17:46:19.282');

INSERT INTO GLY_AZGS
(UserId,AZGSId, createdAt, updatedAt)
VALUES
('28','1', '2018-04-01 17:46:19.282', '2018-04-01 17:46:19.282'),
('29','2', '2018-04-01 17:46:19.282', '2018-04-01 17:46:19.282'),
('30','3', '2018-04-01 17:46:19.282', '2018-04-01 17:46:19.282'),
('31','4', '2018-04-01 17:46:19.282', '2018-04-01 17:46:19.282'),
('32','5', '2018-04-01 17:46:19.282', '2018-04-01 17:46:19.282'),
('33','6', '2018-04-01 17:46:19.282', '2018-04-01 17:46:19.282');

INSERT INTO GLY_GYS
(UserId,GYSId, createdAt, updatedAt)
VALUES
('22','1', '2018-04-01 17:46:19.282', '2018-04-01 17:46:19.282'),
('23','2', '2018-04-01 17:46:19.282', '2018-04-01 17:46:19.282'),
('24','3', '2018-04-01 17:46:19.282', '2018-04-01 17:46:19.282'),
('25','4', '2018-04-01 17:46:19.282', '2018-04-01 17:46:19.282'),
('26','5', '2018-04-01 17:46:19.282', '2018-04-01 17:46:19.282'),
('27','6', '2018-04-01 17:46:19.282', '2018-04-01 17:46:19.282');

INSERT INTO GZ_PP
(UserId,PPId, createdAt, updatedAt)
VALUES
('6','1', '2018-04-01 17:46:19.282', '2018-04-01 17:46:19.282'),
('7','1', '2018-04-01 17:46:19.282', '2018-04-01 17:46:19.282'),
('8','1', '2018-04-01 17:46:19.282', '2018-04-01 17:46:19.282'),
('9','1', '2018-04-01 17:46:19.282', '2018-04-01 17:46:19.282'),
('10','1', '2018-04-01 17:46:19.282', '2018-04-01 17:46:19.282'),
('11','1', '2018-04-01 17:46:19.282', '2018-04-01 17:46:19.282'),
('12','2', '2018-04-01 17:46:19.282', '2018-04-01 17:46:19.282'),
('13','2', '2018-04-01 17:46:19.282', '2018-04-01 17:46:19.282');

INSERT INTO ZHY_GYS
(UserId,GYSId, createdAt, updatedAt)
VALUES
('34','1', '2018-04-01 17:46:19.282', '2018-04-01 17:46:19.282'),
('35','1', '2018-04-01 17:46:19.282', '2018-04-01 17:46:19.282'),
('36','2', '2018-04-01 17:46:19.282', '2018-04-01 17:46:19.282'),
('37','2', '2018-04-01 17:46:19.282', '2018-04-01 17:46:19.282'),
('38','3', '2018-04-01 17:46:19.282', '2018-04-01 17:46:19.282'),
('39','3', '2018-04-01 17:46:19.282', '2018-04-01 17:46:19.282');

INSERT INTO AZG_AZGS
(UserId,AZGSId, createdAt, updatedAt)
VALUES
('40','1', '2018-04-01 17:46:19.282', '2018-04-01 17:46:19.282'),
('41','1', '2018-04-01 17:46:19.282', '2018-04-01 17:46:19.282'),
('42','1', '2018-04-01 17:46:19.282', '2018-04-01 17:46:19.282'),
('43','2', '2018-04-01 17:46:19.282', '2018-04-01 17:46:19.282'),
('44','2', '2018-04-01 17:46:19.282', '2018-04-01 17:46:19.282'),
('45','2', '2018-04-01 17:46:19.282', '2018-04-01 17:46:19.282');

INSERT INTO GT
(id,name,code,PPId,QY,GTBAUserId,GZUserId,CS, createdAt, updatedAt)
VALUES
('1','GT1','GT1Code','1','东区','14','6','上海', '2018-04-01 17:46:19.282', '2018-04-01 17:46:19.282'),
('2','GT2','GT2Code','1','东区','15','6','上海', '2018-04-01 17:46:19.282', '2018-04-01 17:46:19.282'),
('3','GT3','GT3Code','1','北区','16','7','北京', '2018-04-01 17:46:19.282', '2018-04-01 17:46:19.282'),
('4','GT4','GT4Code','1','北区','17','7','北京', '2018-04-01 17:46:19.282', '2018-04-01 17:46:19.282'),
('5','GT5','GT5Code','1','南区','18','8','广州', '2018-04-01 17:46:19.282', '2018-04-01 17:46:19.282'),
('6','GT6','GT6Code','1','南区','19','8','广州', '2018-04-01 17:46:19.282', '2018-04-01 17:46:19.282'),
('7','GT7','GT7Code','2','东区','20','12','上海', '2018-04-01 17:46:19.282', '2018-04-01 17:46:19.282'),
('8','GT8','GT8Code','2','东区','21','13','上海', '2018-04-01 17:46:19.282', '2018-04-01 17:46:19.282');

INSERT INTO DP
(id,name,PPId,GYSId, createdAt, updatedAt)
VALUES
('1','DP1','1','1', '2018-04-01 17:46:19.282', '2018-04-01 17:46:19.282'),
('2','DP2','1','1', '2018-04-01 17:46:19.282', '2018-04-01 17:46:19.282'),
('3','DP3','1','2', '2018-04-01 17:46:19.282', '2018-04-01 17:46:19.282'),
('4','DP4','1','2', '2018-04-01 17:46:19.282', '2018-04-01 17:46:19.282'),
('5','DP5','2','1', '2018-04-01 17:46:19.282', '2018-04-01 17:46:19.282'),
('6','DP6','2','1', '2018-04-01 17:46:19.282', '2018-04-01 17:46:19.282'),
('7','DP7','2','2', '2018-04-01 17:46:19.282', '2018-04-01 17:46:19.282'),
('8','DP8','2','2', '2018-04-01 17:46:19.282', '2018-04-01 17:46:19.282');

INSERT INTO DW
(id,name,GTId,DPId, createdAt, updatedAt)
VALUES
('1','DW1','1','1', '2018-04-01 17:46:19.282', '2018-04-01 17:46:19.282'),
('2','DW2','1','1', '2018-04-01 17:46:19.282', '2018-04-01 17:46:19.282'),
('3','DW3','1','2', '2018-04-01 17:46:19.282', '2018-04-01 17:46:19.282'),
('4','DW4','2','1', '2018-04-01 17:46:19.282', '2018-04-01 17:46:19.282'),
('5','DW5','2','2', '2018-04-01 17:46:19.282', '2018-04-01 17:46:19.282'),
('6','DW6','2','2', '2018-04-01 17:46:19.282', '2018-04-01 17:46:19.282'),
('7','DW7','7','5', '2018-04-01 17:46:19.282', '2018-04-01 17:46:19.282'),
('8','DW8','7','6', '2018-04-01 17:46:19.282', '2018-04-01 17:46:19.282'),
('9','DW9','8','7', '2018-04-01 17:46:19.282', '2018-04-01 17:46:19.282'),
('10','DW10','8','8', '2018-04-01 17:46:19.282', '2018-04-01 17:46:19.282');

INSERT INTO FG
(id,name,PPId,note, createdAt, updatedAt)
VALUES
('1','FG1','1','FG1Note', '2018-04-01 17:46:19.282', '2018-04-01 17:46:19.282'),
('2','FG2','1','FG2Note', '2018-04-01 17:46:19.282', '2018-04-01 17:46:19.282'),
('3','FG3','1','FG3Note', '2018-04-01 17:46:19.282', '2018-04-01 17:46:19.282'),
('4','FG4','1','FG4Note', '2018-04-01 17:46:19.282', '2018-04-01 17:46:19.282'),
('5','FG5','2','FG5Note', '2018-04-01 17:46:19.282', '2018-04-01 17:46:19.282'),
('6','FG6','2','FG6Note', '2018-04-01 17:46:19.282', '2018-04-01 17:46:19.282');

INSERT INTO Tester
(id,name,PPId, createdAt, updatedAt)
VALUES
('1','Tester1','1', '2018-04-01 17:46:19.282', '2018-04-01 17:46:19.282'),
('2','Tester2','1', '2018-04-01 17:46:19.282', '2018-04-01 17:46:19.282'),
('3','Tester3','1', '2018-04-01 17:46:19.282', '2018-04-01 17:46:19.282'),
('4','Tester4','1', '2018-04-01 17:46:19.282', '2018-04-01 17:46:19.282'),
('5','Tester5','2', '2018-04-01 17:46:19.282', '2018-04-01 17:46:19.282'),
('6','Tester6','2', '2018-04-01 17:46:19.282', '2018-04-01 17:46:19.282');

INSERT INTO FG_Tester
(id,FGId,TesterId,PPId, createdAt, updatedAt)
VALUES
('1','1','1','1', '2018-04-01 17:46:19.282', '2018-04-01 17:46:19.282'),
('2','1','2','1', '2018-04-01 17:46:19.282', '2018-04-01 17:46:19.282'),
('3','1','3','1', '2018-04-01 17:46:19.282', '2018-04-01 17:46:19.282'),
('4','1','4','1', '2018-04-01 17:46:19.282', '2018-04-01 17:46:19.282'),
('5','2','1','1', '2018-04-01 17:46:19.282', '2018-04-01 17:46:19.282'),
('6','2','2','1', '2018-04-01 17:46:19.282', '2018-04-01 17:46:19.282'),
('7','5','5','2', '2018-04-01 17:46:19.282', '2018-04-01 17:46:19.282'),
('8','5','6','2', '2018-04-01 17:46:19.282', '2018-04-01 17:46:19.282'),
('9','6','5','2', '2018-04-01 17:46:19.282', '2018-04-01 17:46:19.282'),
('10','6','6','2', '2018-04-01 17:46:19.282', '2018-04-01 17:46:19.282');

INSERT INTO WL
(id,name,code,level,PPId,GYSId, createdAt, updatedAt)
VALUES
('1','WL1_1','WL1_1Code','1','1','1', '2018-04-01 17:46:19.282', '2018-04-01 17:46:19.282'),
('2','WL1_2','WL1_2Code','1','1','1', '2018-04-01 17:46:19.282', '2018-04-01 17:46:19.282'),
('3','WL1_3','WL1_3Code','1','1','2', '2018-04-01 17:46:19.282', '2018-04-01 17:46:19.282'),
('4','WL1_4','WL1_4Code','1','1','2', '2018-04-01 17:46:19.282', '2018-04-01 17:46:19.282'),
('5','WL1_5','WL1_5Code','1','1','3', '2018-04-01 17:46:19.282', '2018-04-01 17:46:19.282'),
('6','WL1_6','WL1_6Code','1','1','3', '2018-04-01 17:46:19.282', '2018-04-01 17:46:19.282'),
('7','WL2_1','WL2_1Code','2','1','1', '2018-04-01 17:46:19.282', '2018-04-01 17:46:19.282'),
('8','WL2_2','WL2_2Code','2','1','1', '2018-04-01 17:46:19.282', '2018-04-01 17:46:19.282'),
('9','WL2_3','WL2_3Code','2','1','2', '2018-04-01 17:46:19.282', '2018-04-01 17:46:19.282'),
('10','WL2_4','WL2_4Code','2','1','2', '2018-04-01 17:46:19.282', '2018-04-01 17:46:19.282'),
('11','WL2_5','WL2_5Code','2','1','3', '2018-04-01 17:46:19.282', '2018-04-01 17:46:19.282'),
('12','WL2_6','WL2_6Code','2','1','3', '2018-04-01 17:46:19.282', '2018-04-01 17:46:19.282'),
('13','WL3_1','WL3_1Code','3','1','1', '2018-04-01 17:46:19.282', '2018-04-01 17:46:19.282'),
('14','WL3_2','WL3_2Code','3','1','1', '2018-04-01 17:46:19.282', '2018-04-01 17:46:19.282'),
('15','WL3_3','WL3_3Code','3','1','2', '2018-04-01 17:46:19.282', '2018-04-01 17:46:19.282'),
('16','WL3_4','WL3_4Code','3','1','2', '2018-04-01 17:46:19.282', '2018-04-01 17:46:19.282'),
('17','WL3_5','WL3_5Code','3','1','3', '2018-04-01 17:46:19.282', '2018-04-01 17:46:19.282'),
('18','WL3_6','WL3_6Code','3','1','3', '2018-04-01 17:46:19.282', '2018-04-01 17:46:19.282'),
('19','WL4_1','WL4_1Code','1','2','1', '2018-04-01 17:46:19.282', '2018-04-01 17:46:19.282'),
('20','WL4_2','WL4_2Code','1','2','1', '2018-04-01 17:46:19.282', '2018-04-01 17:46:19.282'),
('21','WL4_3','WL4_3Code','1','2','2', '2018-04-01 17:46:19.282', '2018-04-01 17:46:19.282'),
('22','WL4_4','WL4_4Code','1','2','2', '2018-04-01 17:46:19.282', '2018-04-01 17:46:19.282'),
('23','WL4_5','WL4_5Code','1','2','3', '2018-04-01 17:46:19.282', '2018-04-01 17:46:19.282'),
('24','WL4_6','WL4_6Code','1','2','3', '2018-04-01 17:46:19.282', '2018-04-01 17:46:19.282'),
('25','WL5_1','WL5_1Code','2','2','1', '2018-04-01 17:46:19.282', '2018-04-01 17:46:19.282'),
('26','WL5_2','WL5_2Code','2','2','1', '2018-04-01 17:46:19.282', '2018-04-01 17:46:19.282'),
('27','WL5_3','WL5_3Code','2','2','2', '2018-04-01 17:46:19.282', '2018-04-01 17:46:19.282'),
('28','WL5_4','WL5_4Code','2','2','2', '2018-04-01 17:46:19.282', '2018-04-01 17:46:19.282'),
('29','WL5_5','WL5_5Code','2','2','3', '2018-04-01 17:46:19.282', '2018-04-01 17:46:19.282'),
('30','WL5_6','WL5_6Code','2','2','3', '2018-04-01 17:46:19.282', '2018-04-01 17:46:19.282'),
('31','WL6_1','WL6_1Code','3','2','1', '2018-04-01 17:46:19.282', '2018-04-01 17:46:19.282'),
('32','WL6_2','WL6_2Code','3','2','1', '2018-04-01 17:46:19.282', '2018-04-01 17:46:19.282'),
('33','WL6_3','WL6_3Code','3','2','2', '2018-04-01 17:46:19.282', '2018-04-01 17:46:19.282'),
('34','WL6_4','WL6_4Code','3','2','2', '2018-04-01 17:46:19.282', '2018-04-01 17:46:19.282'),
('35','WL6_5','WL6_5Code','3','2','3', '2018-04-01 17:46:19.282', '2018-04-01 17:46:19.282'),
('36','WL6_6','WL6_6Code','3','2','3', '2018-04-01 17:46:19.282', '2018-04-01 17:46:19.282');

INSERT INTO EJZH
(id,name,WLId,PPId, createdAt, updatedAt)
VALUES
('1','EJZH1','7','1', '2018-04-01 17:46:19.282', '2018-04-01 17:46:19.282'),
('2','EJZH2','7','1', '2018-04-01 17:46:19.282', '2018-04-01 17:46:19.282'),
('3','EJZH3','9','1', '2018-04-01 17:46:19.282', '2018-04-01 17:46:19.282'),
('4','EJZH4','25','2', '2018-04-01 17:46:19.282', '2018-04-01 17:46:19.282'),
('5','EJZH5','26','2', '2018-04-01 17:46:19.282', '2018-04-01 17:46:19.282'),
('6','EJZH6','27','2', '2018-04-01 17:46:19.282', '2018-04-01 17:46:19.282');

INSERT INTO EJZH_FGTester
(EJZHId,FGTesterId,number, createdAt, updatedAt)
VALUES
('1','1','1', '2018-04-01 17:46:19.282', '2018-04-01 17:46:19.282'),
('1','2','2', '2018-04-01 17:46:19.282', '2018-04-01 17:46:19.282'),
('1','3','3', '2018-04-01 17:46:19.282', '2018-04-01 17:46:19.282'),
('1','4','1', '2018-04-01 17:46:19.282', '2018-04-01 17:46:19.282'),
('1','5','2', '2018-04-01 17:46:19.282', '2018-04-01 17:46:19.282'),
('1','6','3', '2018-04-01 17:46:19.282', '2018-04-01 17:46:19.282'),
('4','7','1', '2018-04-01 17:46:19.282', '2018-04-01 17:46:19.282'),
('4','8','2', '2018-04-01 17:46:19.282', '2018-04-01 17:46:19.282'),
('4','9','3', '2018-04-01 17:46:19.282', '2018-04-01 17:46:19.282'),
('4','10','4', '2018-04-01 17:46:19.282', '2018-04-01 17:46:19.282');

INSERT INTO EJZH_SJWL
(EJZHId,WLId,number, createdAt, updatedAt)
VALUES
('1','13','1', '2018-04-01 17:46:19.282', '2018-04-01 17:46:19.282'),
('1','14','2', '2018-04-01 17:46:19.282', '2018-04-01 17:46:19.282'),
('1','15','3', '2018-04-01 17:46:19.282', '2018-04-01 17:46:19.282'),
('1','16','1', '2018-04-01 17:46:19.282', '2018-04-01 17:46:19.282'),
('1','17','2', '2018-04-01 17:46:19.282', '2018-04-01 17:46:19.282'),
('1','18','3', '2018-04-01 17:46:19.282', '2018-04-01 17:46:19.282'),
('2','13','2', '2018-04-01 17:46:19.282', '2018-04-01 17:46:19.282'),
('2','14','3', '2018-04-01 17:46:19.282', '2018-04-01 17:46:19.282'),
('4','31','1', '2018-04-01 17:46:19.282', '2018-04-01 17:46:19.282'),
('4','32','2', '2018-04-01 17:46:19.282', '2018-04-01 17:46:19.282'),
('4','33','3', '2018-04-01 17:46:19.282', '2018-04-01 17:46:19.282'),
('4','34','4', '2018-04-01 17:46:19.282', '2018-04-01 17:46:19.282');

INSERT INTO YJZH
(id,name,WLId,PPId, createdAt, updatedAt)
VALUES
('1','YJZH1','1','1', '2018-04-01 17:46:19.282', '2018-04-01 17:46:19.282'),
('2','YJZH2','2','1', '2018-04-01 17:46:19.282', '2018-04-01 17:46:19.282'),
('3','YJZH3','1','2', '2018-04-01 17:46:19.282', '2018-04-01 17:46:19.282'),
('4','YJZH4','19','2', '2018-04-01 17:46:19.282', '2018-04-01 17:46:19.282'),
('5','YJZH5','20','2', '2018-04-01 17:46:19.282', '2018-04-01 17:46:19.282');

INSERT INTO YJZH_EJZH
(YJZHId,EJZHId,number, createdAt, updatedAt)
VALUES
('1','1','1', '2018-04-01 17:46:19.282', '2018-04-01 17:46:19.282'),
('1','2','2', '2018-04-01 17:46:19.282', '2018-04-01 17:46:19.282'),
('1','3','3', '2018-04-01 17:46:19.282', '2018-04-01 17:46:19.282'),
('2','3','3', '2018-04-01 17:46:19.282', '2018-04-01 17:46:19.282'),
('2','2','2', '2018-04-01 17:46:19.282', '2018-04-01 17:46:19.282'),
('2','1','1', '2018-04-01 17:46:19.282', '2018-04-01 17:46:19.282'),
('4','4','1', '2018-04-01 17:46:19.282', '2018-04-01 17:46:19.282'),
('4','5','2', '2018-04-01 17:46:19.282', '2018-04-01 17:46:19.282'),
('4','6','3', '2018-04-01 17:46:19.282', '2018-04-01 17:46:19.282'),
('5','6','3', '2018-04-01 17:46:19.282', '2018-04-01 17:46:19.282'),
('5','5','2', '2018-04-01 17:46:19.282', '2018-04-01 17:46:19.282'),
('5','4','1', '2018-04-01 17:46:19.282', '2018-04-01 17:46:19.282');

INSERT INTO GT_YJZH
(GTId,YJZHId,number, createdAt, updatedAt)
VALUES
('1','1','2', '2018-04-01 17:46:19.282', '2018-04-01 17:46:19.282'),
('1','2','3', '2018-04-01 17:46:19.282', '2018-04-01 17:46:19.282'),
('1','3','2', '2018-04-01 17:46:19.282', '2018-04-01 17:46:19.282'),
('2','1','3', '2018-04-01 17:46:19.282', '2018-04-01 17:46:19.282'),
('3','2','3', '2018-04-01 17:46:19.282', '2018-04-01 17:46:19.282'),
('4','1','2', '2018-04-01 17:46:19.282', '2018-04-01 17:46:19.282'),
('5','2','1', '2018-04-01 17:46:19.282', '2018-04-01 17:46:19.282'),
('6','1','1', '2018-04-01 17:46:19.282', '2018-04-01 17:46:19.282'),
('7','4','2', '2018-04-01 17:46:19.282', '2018-04-01 17:46:19.282'),
('8','5','3', '2018-04-01 17:46:19.282', '2018-04-01 17:46:19.282');

INSERT INTO YJZHXGT
(id,imageUrl,YJZHId, createdAt, updatedAt)
VALUES
('1','YJZH_XGT1','1', '2018-04-01 17:46:19.282', '2018-04-01 17:46:19.282'),
('2','YJZH_XGT2','1', '2018-04-01 17:46:19.282', '2018-04-01 17:46:19.282'),
('3','YJZH_XGT3','2', '2018-04-01 17:46:19.282', '2018-04-01 17:46:19.282'),
('4','YJZH_XGT4','2', '2018-04-01 17:46:19.282', '2018-04-01 17:46:19.282'),
('5','YJZH_XGT5','3', '2018-04-01 17:46:19.282', '2018-04-01 17:46:19.282'),
('6','YJZH_XGT6','3', '2018-04-01 17:46:19.282', '2018-04-01 17:46:19.282'),
('7','YJZH_XGT7','4', '2018-04-01 17:46:19.282', '2018-04-01 17:46:19.282'),
('8','YJZH_XGT8','4', '2018-04-01 17:46:19.282', '2018-04-01 17:46:19.282');

INSERT INTO EJZHXGT
(id,imageUrl,EJZHId, createdAt, updatedAt)
VALUES
('1','EJZH_XGT1','1', '2018-04-01 17:46:19.282', '2018-04-01 17:46:19.282'),
('2','EJZH_XGT2','1', '2018-04-01 17:46:19.282', '2018-04-01 17:46:19.282'),
('3','EJZH_XGT3','2', '2018-04-01 17:46:19.282', '2018-04-01 17:46:19.282'),
('4','EJZH_XGT4','2', '2018-04-01 17:46:19.282', '2018-04-01 17:46:19.282'),
('5','EJZH_XGT5','3', '2018-04-01 17:46:19.282', '2018-04-01 17:46:19.282'),
('6','EJZH_XGT6','3', '2018-04-01 17:46:19.282', '2018-04-01 17:46:19.282'),
('7','EJZH_XGT7','4', '2018-04-01 17:46:19.282', '2018-04-01 17:46:19.282'),
('8','EJZH_XGT8','4', '2018-04-01 17:46:19.282', '2018-04-01 17:46:19.282');
